id,mode,format,prompt,choice_a,choice_b,choice_c,choice_d,correct,estimate_answer,estimate_unit,estimate_tolerance,category,tags,difficulty,weight,source,license,attribution,notes,active
opinion-food-001,opinion,binary,Pineapple on pizza?,"Yes, obviously",Absolutely not,,,,,,,food,"food, debate",easy,1,original,CC0,,Classic split; great first-round demo,true
opinion-food-002,opinion,binary,Is a hot dog a sandwich?,Yes,No,,,,,,,food,"food, semantics",easy,1,original,CC0,,,true
opinion-food-003,opinion,binary,Cereal — milk first or cereal first?,Milk first,Cereal first,,,,,,,food,"food, morning",easy,1,original,CC0,,,true
opinion-food-004,opinion,binary,Fries: ketchup or no ketchup?,Ketchup,No ketchup,,,,,,,food,food,easy,1,original,CC0,,,true
opinion-food-005,opinion,binary,Sweet or savory breakfast?,Sweet,Savory,,,,,,,food,"food, morning",easy,1,original,CC0,,,true
opinion-life-001,opinion,binary,Morning person or night owl?,Morning,Night,,,,,,,lifestyle,lifestyle,easy,1,original,CC0,,,true
opinion-life-002,opinion,binary,Beach vacation or mountain vacation?,Beach,Mountains,,,,,,,lifestyle,travel,easy,1,original,CC0,,,true
opinion-life-003,opinion,binary,Cats or dogs?,Cats,Dogs,,,,,,,lifestyle,animals,easy,1,original,CC0,,,true
opinion-life-004,opinion,binary,Always early or always exactly on time?,Always early,Exactly on time,,,,,,,lifestyle,"lifestyle, habits",medium,1,original,CC0,,Avoid “always late” as a soft flex that dominates,true
opinion-life-005,opinion,binary,Text first or call first?,Text,Call,,,,,,,lifestyle,communication,easy,1,original,CC0,,,true
opinion-absurd-001,opinion,binary,Fight 100 duck-sized horses or 1 horse-sized duck?,100 duck-sized horses,1 horse-sized duck,,,,,,,absurd,"absurd, classic",easy,1,original,CC0,,Internet-classic dilemma; original wording,true
opinion-absurd-002,opinion,binary,Invisible or able to fly — but only 1 meter off the ground?,Invisible,Low flight,,,,,,,absurd,"absurd, powers",easy,1,original,CC0,,,true
opinion-absurd-003,opinion,binary,Unlimited bacon or unlimited free plane tickets?,Bacon,Plane tickets,,,,,,,absurd,"absurd, food, travel",easy,1,original,CC0,,,true
opinion-tech-001,opinion,binary,Tabs or spaces?,Tabs,Spaces,,,,,,,tech,"tech, programming",easy,1,original,CC0,,Site audience skews nerdy,true
opinion-tech-002,opinion,binary,Dark mode or light mode?,Dark,Light,,,,,,,tech,"tech, ui",easy,1,original,CC0,,,true
opinion-tech-003,opinion,binary,Desktop or laptop as daily driver?,Desktop,Laptop,,,,,,,tech,tech,easy,1,original,CC0,,,true
opinion-media-001,opinion,binary,Books or movies for the same story?,Books,Movies,,,,,,,media,media,easy,1,original,CC0,,,true
opinion-media-002,opinion,binary,Sequel or remake?,Sequel,Remake,,,,,,,media,media,easy,1,original,CC0,,,true
opinion-media-003,opinion,binary,Listen to the same album forever or a random song every time?,Same album,Random forever,,,,,,,media,music,easy,1,original,CC0,,,true
opinion-deep-001,opinion,binary,More time or more money?,Time,Money,,,,,,,values,values,medium,1,original,CC0,,,true
opinion-deep-002,opinion,binary,"Know a little about everything, or everything about one thing?",Little about everything,Everything about one thing,,,,,,,values,"values, learning",medium,1,original,CC0,,,true
opinion-deep-003,opinion,binary,"Surprise party for you, or plan your own celebration?",Surprise me,Let me plan it,,,,,,,values,"values, social",medium,1,original,CC0,,,true
opinion-multi-001,opinion,multi,Best comfort food?,Pizza,Pasta,Tacos,Soup / stew,,,,,food,food,easy,1,original,CC0,,,true
opinion-multi-002,opinion,multi,Ideal Saturday?,Adventure outdoors,Couch + shows,Side project / making stuff,Friends / social plans,,,,,lifestyle,lifestyle,easy,1,original,CC0,,,true
opinion-multi-003,opinion,multi,Decade with the best music?,70s,80s,90s,2000s,,,,,media,music,easy,1,original,CC0,,Skip 2010s/2020s to reduce recency fights; rotate later,true
opinion-multi-004,opinion,multi,If you could only keep one?,Phone,Laptop,Headphones,Coffee maker,,,,,tech,"tech, lifestyle",easy,1,original,CC0,,,true
opinion-multi-005,opinion,multi,Dream trip style?,Road trip,Train across a country,Island do-nothing,Big city wander,,,,,travel,travel,easy,1,original,CC0,,,true
estimate-space-001,estimate,multi,About how far is the Moon from Earth on average?,"About 384,000 km","About 150,000 km",About 1 million km,"About 38,000 km","About 384,000 km",,,,space,"space, distance",medium,1,nasa,CC0,"NASA Moon Facts — average distance 384,400 km (https://science.nasa.gov/moon/facts/)",Was free-number estimate; converted to MC,true
estimate-space-002,estimate,multi,Roughly how many Earths could fit inside the Sun by volume?,About 1.3 million,"About 100,000",About 10 million,"About 13,000",About 1.3 million,,,,space,space,hard,1,nasa,CC0,"NASA NSSDC Sun Fact Sheet volume ratio Sun/Earth ≈ 1,304,000 (https://nssdc.gsfc.nasa.gov/planetary/factsheet/sunfact.html)",Was free-number estimate; converted to MC,true
estimate-geo-001,estimate,multi,About how long is Earth's equatorial circumference?,"About 40,000 km","About 25,000 km","About 12,000 km","About 100,000 km","About 40,000 km",,,,geography,geography,medium,1,wgs84,CC0,"WGS84 equatorial radius 6,378.137 km → 2πR ≈ 40,075 km (NIMA/NGA WGS84)",Was free-number estimate; converted to MC,true
estimate-geo-002,estimate,multi,What is the official height of Mount Everest (nearest meter)?,"8,849 m","8,848 m","8,000 m","9,144 m","8,849 m",,,,geography,geography,medium,1,nepal-china-2020,CC0,"Nepal–China joint announcement 8,848.86 m (2020); round to 8849 (https://www.reuters.com/world/china/mount-everest-is-higher-than-we-thought-say-nepal-china-2020-12-08/)",Was free-number estimate; converted to MC. 8848 is a common older figure — kept as distractor.,true
estimate-science-001,estimate,multi,What is the speed of light in vacuum?,"About 300,000 km/s","About 30,000 km/s",About 3 million km/s,"About 3,000 km/s","About 300,000 km/s",,,,science,"science, physics",medium,1,nist,CC0,"NIST — c = 299,792,458 m/s exact → ~299,792 km/s (https://physics.nist.gov/constants)",Was free-number estimate; converted to MC (rounded choice),true
estimate-science-002,estimate,multi,How many bones are in the standard adult human skeleton count taught in textbooks?,206,270,186,300,206,,,,science,"science, biology",easy,1,bionumbers,CC0,BioNumbers BNID 102383 cites Steele & Bramblett — 206 adult bones (https://bionumbers.hms.harvard.edu/bionumber.aspx?id=102383),Was free-number estimate; converted to MC,true
estimate-history-001,estimate,multi,In what year did the Wright brothers make the first powered airplane flight at Kitty Hawk?,1903,1899,1914,1927,1903,,,,history,"history, aviation",medium,1,smithsonian,CC0,"Smithsonian National Air and Space Museum — 1903 Wright Flyer, first flight Dec 17 1903 (https://airandspace.si.edu/collection-objects/1903-wright-flyer/nasm_A19610048000)",Was free-number estimate; converted to MC,true
estimate-history-002,estimate,multi,In what year did the Berlin Wall fall?,1989,1991,1985,1979,1989,,,,history,history,easy,1,original-cited,CC0,Widely documented historical date — 9 November 1989 (e.g. Britannica: https://www.britannica.com/topic/Berlin-Wall),Was free-number estimate; converted to MC,true
estimate-tech-001,estimate,multi,In what year was the first iPhone announced?,2007,2005,2009,2010,2007,,,,tech,tech,medium,1,apple,CC0,"Apple special event January 9, 2007 — first iPhone announced (contemporary coverage / Apple newsroom archives)",Was free-number estimate; converted to MC,true
estimate-absurd-002,estimate,multi,How many end-to-end 6-inch hot dogs fit along 100 yards?,600,100,"1,200",360,600,,,,absurd,"absurd, math",medium,1,original,CC0,Arithmetic — 100 yards = 3600 inches; 3600 / 6 = 600 (assumption stated in prompt),Was free-number estimate; converted to MC,true
opentdb-general-001,fact,multi,Which of the following blood component forms a plug at the site of injuries?,Platelets,Red blood cells,Blood plasma,White blood cells,Platelets,,,,general,"opentdb, general",easy,1,opentdb,CC BY-SA 4.0,Open Trivia DB (https://opentdb.com/) — CC BY-SA 4.0,OTDB category: General Knowledge,true
opentdb-general-002,fact,multi,Gouda cheese is from which European country?,Belgium,Germany,The Netherlands,France,The Netherlands,,,,general,"opentdb, general",easy,1,opentdb,CC BY-SA 4.0,Open Trivia DB (https://opentdb.com/) — CC BY-SA 4.0,OTDB category: General Knowledge,true
opentdb-general-003,fact,multi,Which language is most widely spoken in Switzerland?,Italian,German,Swiss,French,German,,,,general,"opentdb, general",easy,1,opentdb,CC BY-SA 4.0,Open Trivia DB (https://opentdb.com/) — CC BY-SA 4.0,OTDB category: General Knowledge,true
opentdb-general-004,fact,multi,Which sign of the zodiac is represented by the Crab?,Libra,Cancer,Virgo,Sagittarius,Cancer,,,,general,"opentdb, general",easy,1,opentdb,CC BY-SA 4.0,Open Trivia DB (https://opentdb.com/) — CC BY-SA 4.0,OTDB category: General Knowledge,true
opentdb-general-005,fact,multi,What technology is named after a tenth-century ruler of Denmark and Norway?,Bluetooth,GPS,Wi-Fi,Internet,Bluetooth,,,,general,"opentdb, general",easy,1,opentdb,CC BY-SA 4.0,Open Trivia DB (https://opentdb.com/) — CC BY-SA 4.0,OTDB category: General Knowledge,true
opentdb-general-006,fact,multi,"Out of these four buildings, which one is the tallest, with a height of 1,483 ft (451.9 m)?","Trump Intl. Hotel & Tower, United States","Petronas Twin Towers, Malaysia","Zifeng Tower, China","Al Hamra Tower, Kuwait","Petronas Twin Towers, Malaysia",,,,general,"opentdb, general",medium,1,opentdb,CC BY-SA 4.0,Open Trivia DB (https://opentdb.com/) — CC BY-SA 4.0,OTDB category: General Knowledge,true
opentdb-general-007,fact,multi,"According to the nursery rhyme, what fruit did Little Jack Horner pull out of his Christmas pie?",Apple,Plum,Peach,Pear,Plum,,,,general,"opentdb, general",easy,1,opentdb,CC BY-SA 4.0,Open Trivia DB (https://opentdb.com/) — CC BY-SA 4.0,OTDB category: General Knowledge,true
opentdb-general-008,fact,multi,Which restaurant's mascot is a clown?,Sonic,Whataburger,McDonald's,Burger King,McDonald's,,,,general,"opentdb, general",easy,1,opentdb,CC BY-SA 4.0,Open Trivia DB (https://opentdb.com/) — CC BY-SA 4.0,OTDB category: General Knowledge,true
opentdb-general-009,fact,multi,The architect known as Le Corbusier was an important figure in what style of architecture?,Gothic Revival,Neoclassical,Modernism,Baroque,Modernism,,,,general,"opentdb, general",medium,1,opentdb,CC BY-SA 4.0,Open Trivia DB (https://opentdb.com/) — CC BY-SA 4.0,OTDB category: General Knowledge,true
opentdb-general-010,fact,multi,Which candy is NOT made by Mars?,Almond Joy,M&M's,Snickers,Twix,Almond Joy,,,,general,"opentdb, general",easy,1,opentdb,CC BY-SA 4.0,Open Trivia DB (https://opentdb.com/) — CC BY-SA 4.0,OTDB category: General Knowledge,true
opentdb-general-011,fact,multi,What is the largest living species of penguin?,Adele,Gentoo,King,Emperor,Emperor,,,,general,"opentdb, general",easy,1,opentdb,CC BY-SA 4.0,Open Trivia DB (https://opentdb.com/) — CC BY-SA 4.0,OTDB category: General Knowledge,true
opentdb-general-012,fact,multi,"Going by the International Code of Signals, which single flag is interpreted as ""I require assistance (not distress)""?",Papa,Victor,Delta,Kilo,Victor,,,,general,"opentdb, general",hard,1,opentdb,CC BY-SA 4.0,Open Trivia DB (https://opentdb.com/) — CC BY-SA 4.0,OTDB category: General Knowledge,true
opentdb-general-013,fact,multi,In DC comics where does the Green Arrow (Oliver Queen) live?,Star City,Central City,Metropolis,Gotham City,Star City,,,,general,"opentdb, general",easy,1,opentdb,CC BY-SA 4.0,Open Trivia DB (https://opentdb.com/) — CC BY-SA 4.0,OTDB category: General Knowledge,true
opentdb-general-014,fact,multi,Earl Grey tea is black tea flavoured with what?,Lavender,Bergamot oil,Honey,Vanilla,Bergamot oil,,,,general,"opentdb, general",medium,1,opentdb,CC BY-SA 4.0,Open Trivia DB (https://opentdb.com/) — CC BY-SA 4.0,OTDB category: General Knowledge,true
opentdb-general-015,fact,multi,Which mountain has the highest peak in South America?,"Aconcagua, Argentina","Monte Pissis, Argentina","Ojos del Salado, Argentina/Chile border","Huascarán, Peru","Aconcagua, Argentina",,,,general,"opentdb, general",medium,1,opentdb,CC BY-SA 4.0,Open Trivia DB (https://opentdb.com/) — CC BY-SA 4.0,OTDB category: General Knowledge,true
opentdb-general-016,fact,multi,Which essential condiment is also known as Japanese horseradish?,Karashi,Mentsuyu,Wasabi,Ponzu,Wasabi,,,,general,"opentdb, general",medium,1,opentdb,CC BY-SA 4.0,Open Trivia DB (https://opentdb.com/) — CC BY-SA 4.0,OTDB category: General Knowledge,true
opentdb-general-017,fact,multi,This field is sometimes known as “The Dismal Science.”,Physics,Politics,Philosophy,Economics,Economics,,,,general,"opentdb, general",medium,1,opentdb,CC BY-SA 4.0,Open Trivia DB (https://opentdb.com/) — CC BY-SA 4.0,OTDB category: General Knowledge,true
opentdb-general-018,fact,multi,Which type of cutlery is most suited for eating soup?,Fork,Chopsticks,Spoon,Knife,Spoon,,,,general,"opentdb, general",easy,1,opentdb,CC BY-SA 4.0,Open Trivia DB (https://opentdb.com/) — CC BY-SA 4.0,OTDB category: General Knowledge,true
opentdb-general-019,fact,multi,Which of these colours is NOT featured in the logo for Google?,Pink,Green,Yellow,Blue,Pink,,,,general,"opentdb, general",easy,1,opentdb,CC BY-SA 4.0,Open Trivia DB (https://opentdb.com/) — CC BY-SA 4.0,OTDB category: General Knowledge,true
opentdb-general-020,fact,multi,What is the name of the alcoholic beverage made from potatoes or grains that originates from Poland and Russia?,Sake,Vodka,Absinthe,Rum,Vodka,,,,general,"opentdb, general",easy,1,opentdb,CC BY-SA 4.0,Open Trivia DB (https://opentdb.com/) — CC BY-SA 4.0,OTDB category: General Knowledge,true
opentdb-general-021,fact,multi,"The Mexican Beer ""Corona"" is what type of beer?",Baltic Porter,Pale Lager,India Pale Ale,Pilfsner,Pale Lager,,,,general,"opentdb, general",medium,1,opentdb,CC BY-SA 4.0,Open Trivia DB (https://opentdb.com/) — CC BY-SA 4.0,OTDB category: General Knowledge,true
opentdb-general-022,fact,multi,What airline was the owner of the plane that crashed off the coast of Nova Scotia in 1998?,TWA,British Airways,Swiss Air,Air France,Swiss Air,,,,general,"opentdb, general",easy,1,opentdb,CC BY-SA 4.0,Open Trivia DB (https://opentdb.com/) — CC BY-SA 4.0,OTDB category: General Knowledge,true
opentdb-general-023,fact,multi,Which of the following is not an Ivy League University?,Harvard,Princeton,Stanford,University of Pennsylvania,Stanford,,,,general,"opentdb, general",easy,1,opentdb,CC BY-SA 4.0,Open Trivia DB (https://opentdb.com/) — CC BY-SA 4.0,OTDB category: General Knowledge,true
opentdb-general-024,fact,multi,Which Italian automobile manufacturer gained majority control of U.S. automobile manufacturer Chrysler in 2011?,Maserati,Ferrari,Fiat,Alfa Romeo,Fiat,,,,general,"opentdb, general",medium,1,opentdb,CC BY-SA 4.0,Open Trivia DB (https://opentdb.com/) — CC BY-SA 4.0,OTDB category: General Knowledge,true
opentdb-general-025,fact,multi,"In linguistics, which of the following is not one of the Gricean Maxims under the Cooperative Principal?",Manner,Relation,Quality,Length,Length,,,,general,"opentdb, general",hard,1,opentdb,CC BY-SA 4.0,Open Trivia DB (https://opentdb.com/) — CC BY-SA 4.0,OTDB category: General Knowledge,true
opentdb-general-026,fact,multi,Frank Lloyd Wright was the architect behind what famous building?,Sydney Opera House,Villa Savoye,The Space Needle,The Guggenheim,The Guggenheim,,,,general,"opentdb, general",medium,1,opentdb,CC BY-SA 4.0,Open Trivia DB (https://opentdb.com/) — CC BY-SA 4.0,OTDB category: General Knowledge,true
opentdb-general-027,fact,multi,Which of the following presidents is not on Mount Rushmore?,Thomas Jefferson,John F. Kennedy,Abraham Lincoln,Theodore Roosevelt,John F. Kennedy,,,,general,"opentdb, general",easy,1,opentdb,CC BY-SA 4.0,Open Trivia DB (https://opentdb.com/) — CC BY-SA 4.0,OTDB category: General Knowledge,true
opentdb-general-028,fact,multi,Amsterdam Centraal station is twinned with what station?,London Liverpool Street,Paris Gare du Nord,Brussels Midi,Frankfurt (Main) Hauptbahnhof,London Liverpool Street,,,,general,"opentdb, general",medium,1,opentdb,CC BY-SA 4.0,Open Trivia DB (https://opentdb.com/) — CC BY-SA 4.0,OTDB category: General Knowledge,true
opentdb-general-029,fact,multi,What year was Apple Inc. founded?,1980,1974,1978,1976,1976,,,,general,"opentdb, general",medium,1,opentdb,CC BY-SA 4.0,Open Trivia DB (https://opentdb.com/) — CC BY-SA 4.0,OTDB category: General Knowledge,true
opentdb-general-030,fact,multi,What was the first ever London Underground line to be built?,Bakerloo Line,Metropolitan Line,Victoria Line,Circle Line,Metropolitan Line,,,,general,"opentdb, general",easy,1,opentdb,CC BY-SA 4.0,Open Trivia DB (https://opentdb.com/) — CC BY-SA 4.0,OTDB category: General Knowledge,true
opentdb-general-031,fact,multi,Which river flows through the Scottish city of Glasgow?,Tweed,Dee,Clyde,Tay,Clyde,,,,general,"opentdb, general",medium,1,opentdb,CC BY-SA 4.0,Open Trivia DB (https://opentdb.com/) — CC BY-SA 4.0,OTDB category: General Knowledge,true
opentdb-general-032,fact,multi,Red Vines is a brand of what type of candy?,Chocolate,Licorice,Bubblegum,Lollipop,Licorice,,,,general,"opentdb, general",easy,1,opentdb,CC BY-SA 4.0,Open Trivia DB (https://opentdb.com/) — CC BY-SA 4.0,OTDB category: General Knowledge,true
opentdb-general-033,fact,multi,Which of these cities does NOT have a United States Minting location?,"Philidelphia, PA","West Point, NY","St. Louis, MO","San Fransisco, CA","St. Louis, MO",,,,general,"opentdb, general",hard,1,opentdb,CC BY-SA 4.0,Open Trivia DB (https://opentdb.com/) — CC BY-SA 4.0,OTDB category: General Knowledge,true
opentdb-general-034,fact,multi,"Which famed architect, who died in 2019 aged 102, designed the glass pyramid at the Louvre museum in Paris?",Pascale Guédot,I. M. Pei,Wang Shu,Frank Gehry,I. M. Pei,,,,general,"opentdb, general",medium,1,opentdb,CC BY-SA 4.0,Open Trivia DB (https://opentdb.com/) — CC BY-SA 4.0,OTDB category: General Knowledge,true
opentdb-general-035,fact,multi,"According to the Book of Genesis in the Old Testament, how many days did it take God to create the world?",Seven,Six,One,Twelve,Six,,,,general,"opentdb, general",easy,1,opentdb,CC BY-SA 4.0,Open Trivia DB (https://opentdb.com/) — CC BY-SA 4.0,OTDB category: General Knowledge,true
opentdb-general-036,fact,multi,"What is the romanized Arabic word for ""moon""?",Qamar,Shams,Kawkab,Najma,Qamar,,,,general,"opentdb, general",hard,1,opentdb,CC BY-SA 4.0,Open Trivia DB (https://opentdb.com/) — CC BY-SA 4.0,OTDB category: General Knowledge,true
opentdb-general-037,fact,multi,"Before the 19th Century, the ""Living Room"" was originally called the...",Sitting Room,Loft,Open Room,Parlor,Parlor,,,,general,"opentdb, general",hard,1,opentdb,CC BY-SA 4.0,Open Trivia DB (https://opentdb.com/) — CC BY-SA 4.0,OTDB category: General Knowledge,true
opentdb-general-038,fact,multi,What was Bank of America originally established as?,Bank of Pennsylvania,Bank of Charlotte,Bank of Italy,Bank of Long Island,Bank of Italy,,,,general,"opentdb, general",hard,1,opentdb,CC BY-SA 4.0,Open Trivia DB (https://opentdb.com/) — CC BY-SA 4.0,OTDB category: General Knowledge,true
opentdb-general-039,fact,multi,Which of the following buildings is example of a structure primarily built in the Art Deco architectural style?,Niagara Mohawk Building,Taipei 101,Westendstrasse 1,One Detroit Center,Niagara Mohawk Building,,,,general,"opentdb, general",medium,1,opentdb,CC BY-SA 4.0,Open Trivia DB (https://opentdb.com/) — CC BY-SA 4.0,OTDB category: General Knowledge,true
opentdb-general-040,fact,multi,"In ancient Greece, if your job were a ""hippeus"" which of these would you own?",Boat,Guitar,Weave,Horse,Horse,,,,general,"opentdb, general",medium,1,opentdb,CC BY-SA 4.0,Open Trivia DB (https://opentdb.com/) — CC BY-SA 4.0,OTDB category: General Knowledge,true
opentdb-general-041,fact,multi,What was the name given to Japanese military dictators who ruled the country through the 12th and 19th Century?,Shogun,Ninja,Shinobi,Samurai,Shogun,,,,general,"opentdb, general",medium,1,opentdb,CC BY-SA 4.0,Open Trivia DB (https://opentdb.com/) — CC BY-SA 4.0,OTDB category: General Knowledge,true
opentdb-general-042,fact,multi,Death Valley's Badwater Basin is North America's point of lowest elevation at how many feet below sea level?,79 feet,282 feet,"1,640 feet","12,092 feet",282 feet,,,,general,"opentdb, general",medium,1,opentdb,CC BY-SA 4.0,Open Trivia DB (https://opentdb.com/) — CC BY-SA 4.0,OTDB category: General Knowledge,true
opentdb-general-043,fact,multi,The “fairy” type made it’s debut in which generation of the Pokemon core series games?,7th,4th,6th,2nd,6th,,,,general,"opentdb, general",easy,1,opentdb,CC BY-SA 4.0,Open Trivia DB (https://opentdb.com/) — CC BY-SA 4.0,OTDB category: General Knowledge,true
opentdb-general-044,fact,multi,Disney's Haunted Mansion is home to a trio of Hitchhiking Ghosts. Which of these is NOT one of them?,Ezra,Phineas,Gus,Harry,Harry,,,,general,"opentdb, general",hard,1,opentdb,CC BY-SA 4.0,Open Trivia DB (https://opentdb.com/) — CC BY-SA 4.0,OTDB category: General Knowledge,true
opentdb-general-045,fact,multi,Which of these Indian languages is not part of the Indo-European language family?,Tamil,Hindi,Urdu,Punjabi,Tamil,,,,general,"opentdb, general",hard,1,opentdb,CC BY-SA 4.0,Open Trivia DB (https://opentdb.com/) — CC BY-SA 4.0,OTDB category: General Knowledge,true
opentdb-general-046,fact,multi,What fast food chain has the most locations globally?,KFC,McDonalds,Starbucks,Subway,Subway,,,,general,"opentdb, general",medium,1,opentdb,CC BY-SA 4.0,Open Trivia DB (https://opentdb.com/) — CC BY-SA 4.0,OTDB category: General Knowledge,true
opentdb-general-047,fact,multi,"On average, Americans consume 100 pounds of what per second?",Donuts,Chocolate,Cocaine,Potatoes,Chocolate,,,,general,"opentdb, general",medium,1,opentdb,CC BY-SA 4.0,Open Trivia DB (https://opentdb.com/) — CC BY-SA 4.0,OTDB category: General Knowledge,true
opentdb-general-048,fact,multi,What is the closest planet to our solar system's sun?,Jupiter,Mars,Mercury,Earth,Mercury,,,,general,"opentdb, general",easy,1,opentdb,CC BY-SA 4.0,Open Trivia DB (https://opentdb.com/) — CC BY-SA 4.0,OTDB category: General Knowledge,true
opentdb-general-049,fact,multi,What was the destination of the missing flight MH370?,Tokyo,Kuala Lumpur,Beijing,Singapore,Beijing,,,,general,"opentdb, general",medium,1,opentdb,CC BY-SA 4.0,Open Trivia DB (https://opentdb.com/) — CC BY-SA 4.0,OTDB category: General Knowledge,true
opentdb-general-050,fact,multi,"The word ""dozen"" usually refers to a group of how many objects?",6,20,12,10,12,,,,general,"opentdb, general",easy,1,opentdb,CC BY-SA 4.0,Open Trivia DB (https://opentdb.com/) — CC BY-SA 4.0,OTDB category: General Knowledge,true
opentdb-general-051,fact,multi,What is the name of the extra pedal on a manual or standard transmission car?,Shifter,Booster,Parking Brake,Clutch,Clutch,,,,general,"opentdb, general",easy,1,opentdb,CC BY-SA 4.0,Open Trivia DB (https://opentdb.com/) — CC BY-SA 4.0,OTDB category: General Knowledge,true
opentdb-general-052,fact,multi,What is the highest number of Michelin stars a restaurant can receive?,Three,Four,Five,Six,Three,,,,general,"opentdb, general",medium,1,opentdb,CC BY-SA 4.0,Open Trivia DB (https://opentdb.com/) — CC BY-SA 4.0,OTDB category: General Knowledge,true
opentdb-general-053,fact,multi,Who is the youngest person to receive a Nobel Prize?,Werner Heisenberg,Lawrence Bragg,Malala Yousafzai,Yasser Arafat,Malala Yousafzai,,,,general,"opentdb, general",easy,1,opentdb,CC BY-SA 4.0,Open Trivia DB (https://opentdb.com/) — CC BY-SA 4.0,OTDB category: General Knowledge,true
opentdb-general-054,fact,multi,"Originally another word for poppy, coquelicot is a shade of what?",Green,Blue,Red,Pink,Red,,,,general,"opentdb, general",hard,1,opentdb,CC BY-SA 4.0,Open Trivia DB (https://opentdb.com/) — CC BY-SA 4.0,OTDB category: General Knowledge,true
opentdb-general-055,fact,multi,"According to the United States' CDC, one in how many Americans die annually due to smoking?",One hundred,Ten,Five,Twenty,Five,,,,general,"opentdb, general",medium,1,opentdb,CC BY-SA 4.0,Open Trivia DB (https://opentdb.com/) — CC BY-SA 4.0,OTDB category: General Knowledge,true
opentdb-general-056,fact,multi,How many notes are there on a standard grand piano?,78,108,98,88,88,,,,general,"opentdb, general",hard,1,opentdb,CC BY-SA 4.0,Open Trivia DB (https://opentdb.com/) — CC BY-SA 4.0,OTDB category: General Knowledge,true
opentdb-general-057,fact,multi,"In ""Shrek"", what comedic actor voices Donkey?",Richard Pryor,Chris Rock,Bernie Mac,Eddie Murphy,Eddie Murphy,,,,general,"opentdb, general",easy,1,opentdb,CC BY-SA 4.0,Open Trivia DB (https://opentdb.com/) — CC BY-SA 4.0,OTDB category: General Knowledge,true
opentdb-general-058,fact,multi,"Located in Chile, El Teniente is the world's largest underground mine for what metal?",Nickel,Iron,Silver,Copper,Copper,,,,general,"opentdb, general",hard,1,opentdb,CC BY-SA 4.0,Open Trivia DB (https://opentdb.com/) — CC BY-SA 4.0,OTDB category: General Knowledge,true
opentdb-general-059,fact,multi,What step in cellular respiration forms ATP?,Pyruvate Oxidation,Glycolysis,Oxidative Phosphorylation,Calvin Cycle,Oxidative Phosphorylation,,,,general,"opentdb, general",easy,1,opentdb,CC BY-SA 4.0,Open Trivia DB (https://opentdb.com/) — CC BY-SA 4.0,OTDB category: General Knowledge,true
opentdb-general-060,fact,multi,What are the three starter Pokemon available in Pokemon Black and White?,"Chespin, Fennekin, Oshawott","Chespin, Tepig, Froakie","Snivy, Fennekin, Froakie","Snivy, Tepig, Oshawott","Snivy, Tepig, Oshawott",,,,general,"opentdb, general",medium,1,opentdb,CC BY-SA 4.0,Open Trivia DB (https://opentdb.com/) — CC BY-SA 4.0,OTDB category: General Knowledge,true
opentdb-general-061,fact,multi,"The word ""astasia"" means which of the following?",The inability to concentrate on anything,A feverish desire to rip one's clothes off,The inability to stand up,The inability to make decisions,The inability to stand up,,,,general,"opentdb, general",hard,1,opentdb,CC BY-SA 4.0,Open Trivia DB (https://opentdb.com/) — CC BY-SA 4.0,OTDB category: General Knowledge,true
opentdb-general-062,fact,multi,Foie gras is a French delicacy typically made from what part of a duck or goose?,Stomach,Heart,Liver,Intestines,Liver,,,,general,"opentdb, general",easy,1,opentdb,CC BY-SA 4.0,Open Trivia DB (https://opentdb.com/) — CC BY-SA 4.0,OTDB category: General Knowledge,true
opentdb-general-063,fact,multi,"What is the Portuguese word for ""Brazil""?",Brazil,Brasilia,Brasíl,Brasil,Brasil,,,,general,"opentdb, general",medium,1,opentdb,CC BY-SA 4.0,Open Trivia DB (https://opentdb.com/) — CC BY-SA 4.0,OTDB category: General Knowledge,true
opentdb-general-064,fact,multi,"What country has had prime ministers named Eden, Major, Peel, Law, Brown and Heath?",New Zealand,Australia,Canada,United Kingdom,United Kingdom,,,,general,"opentdb, general",easy,1,opentdb,CC BY-SA 4.0,Open Trivia DB (https://opentdb.com/) — CC BY-SA 4.0,OTDB category: General Knowledge,true
opentdb-general-065,fact,multi,What is a dead mall?,A mall with no stores,A mall after business hours,A mall with high vacancy rates or low consumer foot traffic,A mall that has been condemed,A mall with high vacancy rates or low consumer foot traffic,,,,general,"opentdb, general",medium,1,opentdb,CC BY-SA 4.0,Open Trivia DB (https://opentdb.com/) — CC BY-SA 4.0,OTDB category: General Knowledge,true
opentdb-general-066,fact,multi,In what year did Canada stop producing the penny?,2012,2013,2010,2011,2012,,,,general,"opentdb, general",easy,1,opentdb,CC BY-SA 4.0,Open Trivia DB (https://opentdb.com/) — CC BY-SA 4.0,OTDB category: General Knowledge,true
opentdb-general-067,fact,multi,What is the Zodiac symbol for Gemini?,Maiden,Twins,Fish,Scales,Twins,,,,general,"opentdb, general",easy,1,opentdb,CC BY-SA 4.0,Open Trivia DB (https://opentdb.com/) — CC BY-SA 4.0,OTDB category: General Knowledge,true
opentdb-general-068,fact,multi,"What does the Latin phrase ""Veni, vidi, vici"" translate into English?","I came, I saw, I conquered","Past, present, and future","See no evil, hear no evil, speak no evil","Life, liberty, and happiness","I came, I saw, I conquered",,,,general,"opentdb, general",hard,1,opentdb,CC BY-SA 4.0,Open Trivia DB (https://opentdb.com/) — CC BY-SA 4.0,OTDB category: General Knowledge,true
opentdb-general-069,fact,multi,In which year did Ghana gain independence?,1947,1958,1957,1960,1957,,,,general,"opentdb, general",easy,1,opentdb,CC BY-SA 4.0,Open Trivia DB (https://opentdb.com/) — CC BY-SA 4.0,OTDB category: General Knowledge,true
opentdb-general-070,fact,multi,Which of the General Mills Corporation's monster cereals was the last to be released in the 1970's?,Boo-Berry,Fruit Brute,Count Chocula,Franken Berry,Fruit Brute,,,,general,"opentdb, general",medium,1,opentdb,CC BY-SA 4.0,Open Trivia DB (https://opentdb.com/) — CC BY-SA 4.0,OTDB category: General Knowledge,true
opentdb-general-071,fact,multi,How long did it take the motorized window washers of the original World Trade Center to clean the entire exterior of the building?,1 Week,3 Weeks,1 Month,2 Months,1 Month,,,,general,"opentdb, general",hard,1,opentdb,CC BY-SA 4.0,Open Trivia DB (https://opentdb.com/) — CC BY-SA 4.0,OTDB category: General Knowledge,true
opentdb-general-072,fact,multi,Which one of the following rhythm games was made by Harmonix?,Rock Band,Guitar Hero Live,Dance Dance Revolution,Meat Beat Mania,Rock Band,,,,general,"opentdb, general",easy,1,opentdb,CC BY-SA 4.0,Open Trivia DB (https://opentdb.com/) — CC BY-SA 4.0,OTDB category: General Knowledge,true
opentdb-general-073,fact,multi,"What was the nickname given to the Hughes H-4 Hercules, a heavy transport flying boat which achieved flight in 1947?",Fat Man,Noah's Ark,Spruce Goose,Trojan Horse,Spruce Goose,,,,general,"opentdb, general",easy,1,opentdb,CC BY-SA 4.0,Open Trivia DB (https://opentdb.com/) — CC BY-SA 4.0,OTDB category: General Knowledge,true
opentdb-general-074,fact,multi,How many letters are in the English alphabet?,30,26,5,17,26,,,,general,"opentdb, general",easy,1,opentdb,CC BY-SA 4.0,Open Trivia DB (https://opentdb.com/) — CC BY-SA 4.0,OTDB category: General Knowledge,true
opentdb-general-075,fact,multi,Which of these American singers and songwriters won a Nobel Prize in Literature?,Johnny Cash,Alice Cooper,Bob Dylan,Buddy Holly,Bob Dylan,,,,general,"opentdb, general",medium,1,opentdb,CC BY-SA 4.0,Open Trivia DB (https://opentdb.com/) — CC BY-SA 4.0,OTDB category: General Knowledge,true
opentdb-general-076,fact,multi,What is the official language of Brazil?,Portuguese,English,Brazilian,Spanish,Portuguese,,,,general,"opentdb, general",easy,1,opentdb,CC BY-SA 4.0,Open Trivia DB (https://opentdb.com/) — CC BY-SA 4.0,OTDB category: General Knowledge,true
opentdb-general-077,fact,multi,"When did the website ""Facebook"" launch?",2006,2004,2003,2005,2004,,,,general,"opentdb, general",medium,1,opentdb,CC BY-SA 4.0,Open Trivia DB (https://opentdb.com/) — CC BY-SA 4.0,OTDB category: General Knowledge,true
opentdb-general-078,fact,multi,In which cardinal direction does the Sun rise from?,East,West,South,North,East,,,,general,"opentdb, general",easy,1,opentdb,CC BY-SA 4.0,Open Trivia DB (https://opentdb.com/) — CC BY-SA 4.0,OTDB category: General Knowledge,true
opentdb-general-079,fact,multi,"When was ""YouTube"" founded?","May 22, 2004","July 19, 2009","September 12, 2005","February 14, 2005","February 14, 2005",,,,general,"opentdb, general",hard,1,opentdb,CC BY-SA 4.0,Open Trivia DB (https://opentdb.com/) — CC BY-SA 4.0,OTDB category: General Knowledge,true
opentdb-general-080,fact,multi,How tall is the Burj Khalifa?,"2,722 ft","3,024 ft","2,717 ft","2,546 ft","2,722 ft",,,,general,"opentdb, general",easy,1,opentdb,CC BY-SA 4.0,Open Trivia DB (https://opentdb.com/) — CC BY-SA 4.0,OTDB category: General Knowledge,true
opentdb-general-081,fact,multi,What word represents the letter 'T' in the NATO phonetic alphabet?,Tango,Turkey,Taxi,Target,Tango,,,,general,"opentdb, general",easy,1,opentdb,CC BY-SA 4.0,Open Trivia DB (https://opentdb.com/) — CC BY-SA 4.0,OTDB category: General Knowledge,true
opentdb-general-082,fact,multi,Which sign of the zodiac comes between Virgo and Scorpio?,Capricorn,Taurus,Libra,Gemini,Libra,,,,general,"opentdb, general",easy,1,opentdb,CC BY-SA 4.0,Open Trivia DB (https://opentdb.com/) — CC BY-SA 4.0,OTDB category: General Knowledge,true
opentdb-general-083,fact,multi,What is the most-visited website out of these options?,Wikipedia,Facebook,Google,YouTube,Google,,,,general,"opentdb, general",medium,1,opentdb,CC BY-SA 4.0,Open Trivia DB (https://opentdb.com/) — CC BY-SA 4.0,OTDB category: General Knowledge,true
opentdb-general-084,fact,multi,Which country drives on the left side of the road?,Japan,Russia,China,Germany,Japan,,,,general,"opentdb, general",medium,1,opentdb,CC BY-SA 4.0,Open Trivia DB (https://opentdb.com/) — CC BY-SA 4.0,OTDB category: General Knowledge,true
opentdb-general-085,fact,multi,What is the shortest month of the year?,April,December,February,September,February,,,,general,"opentdb, general",easy,1,opentdb,CC BY-SA 4.0,Open Trivia DB (https://opentdb.com/) — CC BY-SA 4.0,OTDB category: General Knowledge,true
opentdb-general-086,fact,multi,What direction does the Statue of Liberty face?,Southwest,Northeast,Southeast,Northwest,Southeast,,,,general,"opentdb, general",medium,1,opentdb,CC BY-SA 4.0,Open Trivia DB (https://opentdb.com/) — CC BY-SA 4.0,OTDB category: General Knowledge,true
opentdb-general-087,fact,multi,"What Latin phrase roughly translates to ""seize the day""?",Carpe diem,Memento mori,Sic semper tyrannis,Plus ultra,Carpe diem,,,,general,"opentdb, general",medium,1,opentdb,CC BY-SA 4.0,Open Trivia DB (https://opentdb.com/) — CC BY-SA 4.0,OTDB category: General Knowledge,true
opentdb-general-088,fact,multi,What kind of aircraft was developed by Igor Sikorsky in the United States in 1942?,Space Capsule,Stealth Blimp,Jet,Helicopter,Helicopter,,,,general,"opentdb, general",easy,1,opentdb,CC BY-SA 4.0,Open Trivia DB (https://opentdb.com/) — CC BY-SA 4.0,OTDB category: General Knowledge,true
opentdb-general-089,fact,multi,"De Eemhof, Port Zelande and Het Heijderbos are holiday villas owned by what company?",Keycamp,Villa Plus,Center Parcs,Yelloh Village,Center Parcs,,,,general,"opentdb, general",hard,1,opentdb,CC BY-SA 4.0,Open Trivia DB (https://opentdb.com/) — CC BY-SA 4.0,OTDB category: General Knowledge,true
opentdb-general-090,fact,multi,What does a funambulist walk on?,Balls,The Moon,A Tight Rope,Broken Glass,A Tight Rope,,,,general,"opentdb, general",easy,1,opentdb,CC BY-SA 4.0,Open Trivia DB (https://opentdb.com/) — CC BY-SA 4.0,OTDB category: General Knowledge,true
opentdb-general-091,fact,multi,"When someone is cowardly, they are said to have what color belly?",Green,Blue,Yellow,Red,Yellow,,,,general,"opentdb, general",easy,1,opentdb,CC BY-SA 4.0,Open Trivia DB (https://opentdb.com/) — CC BY-SA 4.0,OTDB category: General Knowledge,true
opentdb-general-092,fact,multi,What is the defining characteristic of someone who is described as hirsute?,Tall,Funny,Rude,Hairy,Hairy,,,,general,"opentdb, general",medium,1,opentdb,CC BY-SA 4.0,Open Trivia DB (https://opentdb.com/) — CC BY-SA 4.0,OTDB category: General Knowledge,true
opentdb-general-093,fact,multi,Macintosh has named six of its operating systems after big cats. What big cat did Macintosh name their 2007 release after?,Tiger,Panther,Leopard,Puma,Leopard,,,,general,"opentdb, general",medium,1,opentdb,CC BY-SA 4.0,Open Trivia DB (https://opentdb.com/) — CC BY-SA 4.0,OTDB category: General Knowledge,true
opentdb-general-094,fact,multi,What do sailors call the left side of a boat?,Bow,Starboard,Stern,Port,Port,,,,general,"opentdb, general",easy,1,opentdb,CC BY-SA 4.0,Open Trivia DB (https://opentdb.com/) — CC BY-SA 4.0,OTDB category: General Knowledge,true
opentdb-general-095,fact,multi,Earth is located in which galaxy?,The Milky Way Galaxy,The Black Hole,The Galaxy Note,The Mars Galaxy,The Milky Way Galaxy,,,,general,"opentdb, general",easy,1,opentdb,CC BY-SA 4.0,Open Trivia DB (https://opentdb.com/) — CC BY-SA 4.0,OTDB category: General Knowledge,true
opentdb-general-096,fact,multi,What is the most frequently used letter in the english alphabet?,E,O,A,I,E,,,,general,"opentdb, general",easy,1,opentdb,CC BY-SA 4.0,Open Trivia DB (https://opentdb.com/) — CC BY-SA 4.0,OTDB category: General Knowledge,true
opentdb-general-097,fact,multi,"Which of the following is an existing family in ""The Sims""?",The Simoleon Family,The Goth Family,The Family,The Proud Family,The Goth Family,,,,general,"opentdb, general",hard,1,opentdb,CC BY-SA 4.0,Open Trivia DB (https://opentdb.com/) — CC BY-SA 4.0,OTDB category: General Knowledge,true
opentdb-general-098,fact,multi,"In a standard Gregorian calendar, how many months begin with the letter 'J'?",Four,Three,Five,Two,Three,,,,general,"opentdb, general",easy,1,opentdb,CC BY-SA 4.0,Open Trivia DB (https://opentdb.com/) — CC BY-SA 4.0,OTDB category: General Knowledge,true
opentdb-general-099,fact,multi,Five dollars is worth how many nickels?,100,69,50,25,100,,,,general,"opentdb, general",easy,1,opentdb,CC BY-SA 4.0,Open Trivia DB (https://opentdb.com/) — CC BY-SA 4.0,OTDB category: General Knowledge,true
opentdb-general-100,fact,multi,How many syllables make up a haiku?,21,17,15,10,17,,,,general,"opentdb, general",easy,1,opentdb,CC BY-SA 4.0,Open Trivia DB (https://opentdb.com/) — CC BY-SA 4.0,OTDB category: General Knowledge,true
opentdb-general-101,fact,multi,Which of the following chemicals are found in eggplant seeds?,Psilocybin,Nicotine,Mescaline,Cyanide,Nicotine,,,,general,"opentdb, general",hard,1,opentdb,CC BY-SA 4.0,Open Trivia DB (https://opentdb.com/) — CC BY-SA 4.0,OTDB category: General Knowledge,true
opentdb-general-102,fact,multi,In which country was the 1992 Summer Olympics Games held?,Russia,Spain,USA,Korea,Spain,,,,general,"opentdb, general",medium,1,opentdb,CC BY-SA 4.0,Open Trivia DB (https://opentdb.com/) — CC BY-SA 4.0,OTDB category: General Knowledge,true
opentdb-general-103,fact,multi,"What was the name of Sqiudward's bad painting in the Spongebob episode ""Artist Unknown?""",Bold and Brash,Tilted Perspectives,Squidward en Repose,Rippy Bits,Bold and Brash,,,,general,"opentdb, general",easy,1,opentdb,CC BY-SA 4.0,Open Trivia DB (https://opentdb.com/) — CC BY-SA 4.0,OTDB category: General Knowledge,true
opentdb-general-104,fact,multi,"What is Cuba's official, most widely spoken language?",French,Portuguese,Spanish,Italian,Spanish,,,,general,"opentdb, general",easy,1,opentdb,CC BY-SA 4.0,Open Trivia DB (https://opentdb.com/) — CC BY-SA 4.0,OTDB category: General Knowledge,true
opentdb-general-105,fact,multi,What alcoholic drink is mainly made from juniper berries?,Rum,Vodka,Gin,Tequila,Gin,,,,general,"opentdb, general",medium,1,opentdb,CC BY-SA 4.0,Open Trivia DB (https://opentdb.com/) — CC BY-SA 4.0,OTDB category: General Knowledge,true
opentdb-general-106,fact,multi,"Which American manufactured submachine gun was informally known by the American soldiers that used it as ""Grease Gun""?",Thompson,Colt 9mm,M3,MAC-10,M3,,,,general,"opentdb, general",medium,1,opentdb,CC BY-SA 4.0,Open Trivia DB (https://opentdb.com/) — CC BY-SA 4.0,OTDB category: General Knowledge,true
opentdb-general-107,fact,multi,Which of these fast-food chains is NOT mainly known to sell pizza?,Wendy's,Domino's,Papa John's,Little Caesars,Wendy's,,,,general,"opentdb, general",easy,1,opentdb,CC BY-SA 4.0,Open Trivia DB (https://opentdb.com/) — CC BY-SA 4.0,OTDB category: General Knowledge,true
opentdb-general-108,fact,multi,What zodiac sign is represented by a pair of scales?,Sagittarius,Capricorn,Libra,Aries,Libra,,,,general,"opentdb, general",easy,1,opentdb,CC BY-SA 4.0,Open Trivia DB (https://opentdb.com/) — CC BY-SA 4.0,OTDB category: General Knowledge,true
opentdb-general-109,fact,multi,In which fast food chain can you order a Jamocha Shake?,Arby's,McDonald's,Burger King,Wendy's,Arby's,,,,general,"opentdb, general",easy,1,opentdb,CC BY-SA 4.0,Open Trivia DB (https://opentdb.com/) — CC BY-SA 4.0,OTDB category: General Knowledge,true
opentdb-general-110,fact,multi,Why is the night sky dark?,Redshift doesn't let us see distant stars,Quantum mechanics,The universe is finite in age and size,Dust clouds absorb light,The universe is finite in age and size,,,,general,"opentdb, general",easy,1,opentdb,CC BY-SA 4.0,Open Trivia DB (https://opentdb.com/) — CC BY-SA 4.0,OTDB category: General Knowledge,true
opentdb-general-111,fact,multi,"What does the 'S' stand for in the abbreviation SIM, as in SIM card?",Subscriber,Secure,Single,Solid,Subscriber,,,,general,"opentdb, general",easy,1,opentdb,CC BY-SA 4.0,Open Trivia DB (https://opentdb.com/) — CC BY-SA 4.0,OTDB category: General Knowledge,true
opentdb-general-112,fact,multi,Waluigi's first appearance was in what game?,Wario Land: Super Mario Land 3,Mario Party (N64),Super Smash Bros. Ultimate,Mario Tennis 64 (N64),Mario Tennis 64 (N64),,,,general,"opentdb, general",easy,1,opentdb,CC BY-SA 4.0,Open Trivia DB (https://opentdb.com/) — CC BY-SA 4.0,OTDB category: General Knowledge,true
opentdb-general-113,fact,multi,Which mountain has the highest peak in Australia?,"Mount Kosciuszko, New South Wales","Mount Ossa, Tasmania","Mount Bartle Frere, Queensland","Mount Zeil, Northern Territory","Mount Kosciuszko, New South Wales",,,,general,"opentdb, general",medium,1,opentdb,CC BY-SA 4.0,Open Trivia DB (https://opentdb.com/) — CC BY-SA 4.0,OTDB category: General Knowledge,true
opentdb-general-114,fact,multi,Which of these anatomical terms refers to the tail end of the creature?,Ventral,Caudal,Proximal,Coronal,Caudal,,,,general,"opentdb, general",hard,1,opentdb,CC BY-SA 4.0,Open Trivia DB (https://opentdb.com/) — CC BY-SA 4.0,OTDB category: General Knowledge,true
opentdb-general-115,fact,multi,Who was the 1st President of Mexico?,Vicente Guerrero,Guadalupe Victoria,Benito Juárez,Miguel Hidalgo Y Costilla,Guadalupe Victoria,,,,general,"opentdb, general",easy,1,opentdb,CC BY-SA 4.0,Open Trivia DB (https://opentdb.com/) — CC BY-SA 4.0,OTDB category: General Knowledge,true
opentdb-general-116,fact,multi,Electronic music producer Kygo's popularity skyrocketed after a certain remix. Which song did he remix?,a-ha - Take On Me,Coldplay - Midnight,Ed Sheeran - I See Fire,Marvin Gaye - Sexual Healing,Ed Sheeran - I See Fire,,,,general,"opentdb, general",hard,1,opentdb,CC BY-SA 4.0,Open Trivia DB (https://opentdb.com/) — CC BY-SA 4.0,OTDB category: General Knowledge,true
opentdb-general-117,fact,multi,What is the official language in Barcelona beside Spanish?,Galician,French,Basque,Catalan,Catalan,,,,general,"opentdb, general",medium,1,opentdb,CC BY-SA 4.0,Open Trivia DB (https://opentdb.com/) — CC BY-SA 4.0,OTDB category: General Knowledge,true
opentdb-general-118,fact,multi,What do the Dutch call their language?,Deutsch,Hollander,Nederlands,Dansk,Nederlands,,,,general,"opentdb, general",medium,1,opentdb,CC BY-SA 4.0,Open Trivia DB (https://opentdb.com/) — CC BY-SA 4.0,OTDB category: General Knowledge,true
opentdb-general-119,fact,multi,"Named after the mallow flower, mauve is a shade of what?",Purple,Red,Pink,Brown,Purple,,,,general,"opentdb, general",hard,1,opentdb,CC BY-SA 4.0,Open Trivia DB (https://opentdb.com/) — CC BY-SA 4.0,OTDB category: General Knowledge,true
opentdb-general-120,fact,multi,What is the star sign of someone born on Valentines day?,Aquarius,Pisces,Capricorn,Scorpio,Aquarius,,,,general,"opentdb, general",medium,1,opentdb,CC BY-SA 4.0,Open Trivia DB (https://opentdb.com/) — CC BY-SA 4.0,OTDB category: General Knowledge,true
opentdb-science-121,fact,multi,Which of the following men does not have a chemical element named after him?,Albert Einstein,Enrico Fermi,Niels Bohr,Sir Isaac Newton,Sir Isaac Newton,,,,science,"opentdb, science",medium,1,opentdb,CC BY-SA 4.0,Open Trivia DB (https://opentdb.com/) — CC BY-SA 4.0,OTDB category: Science & Nature,true
opentdb-science-122,fact,multi,What does the scientific name of the Cambrian-Period sea creature Anomalocaris mean?,Deformed Fish,Anomalous Clam,Strange Crab,Abnormal Shrimp,Abnormal Shrimp,,,,science,"opentdb, science",hard,1,opentdb,CC BY-SA 4.0,Open Trivia DB (https://opentdb.com/) — CC BY-SA 4.0,OTDB category: Science & Nature,true
opentdb-science-123,fact,multi,"What was the category of the 2005 hurricane, Hurricane Katrina, in the Saffir-Simpson hurricane wind scale?",Category 2,Category 4,Category 1,Category 5,Category 5,,,,science,"opentdb, science",medium,1,opentdb,CC BY-SA 4.0,Open Trivia DB (https://opentdb.com/) — CC BY-SA 4.0,OTDB category: Science & Nature,true
opentdb-science-124,fact,multi,"In human biology, a circadium rhythm relates to a period of roughly how many hours?",16,32,24,8,24,,,,science,"opentdb, science",medium,1,opentdb,CC BY-SA 4.0,Open Trivia DB (https://opentdb.com/) — CC BY-SA 4.0,OTDB category: Science & Nature,true
opentdb-science-125,fact,multi,How many chromosomes are in your body cells?,24,23,22,21,23,,,,science,"opentdb, science",easy,1,opentdb,CC BY-SA 4.0,Open Trivia DB (https://opentdb.com/) — CC BY-SA 4.0,OTDB category: Science & Nature,true
opentdb-science-126,fact,multi,"Along with Oxygen, which element is primarily responsible for the sky appearing blue?",Nitrogen,Helium,Carbon,Hydrogen,Nitrogen,,,,science,"opentdb, science",medium,1,opentdb,CC BY-SA 4.0,Open Trivia DB (https://opentdb.com/) — CC BY-SA 4.0,OTDB category: Science & Nature,true
opentdb-science-127,fact,multi,On which mission did the Space Shuttle Columbia break up upon re-entry?,STS-61-C,STS-107,STS-109,STS-51-L,STS-107,,,,science,"opentdb, science",medium,1,opentdb,CC BY-SA 4.0,Open Trivia DB (https://opentdb.com/) — CC BY-SA 4.0,OTDB category: Science & Nature,true
opentdb-science-128,fact,multi,What is the standard SI unit for luminous intensity?,Faraday,Candela,Coulomb,Lumen,Candela,,,,science,"opentdb, science",hard,1,opentdb,CC BY-SA 4.0,Open Trivia DB (https://opentdb.com/) — CC BY-SA 4.0,OTDB category: Science & Nature,true
opentdb-science-129,fact,multi,"An organism described as ""heliotropic"" has a tendancy to move towards which of these things?",Light,Pollen,Trees,Water,Light,,,,science,"opentdb, science",medium,1,opentdb,CC BY-SA 4.0,Open Trivia DB (https://opentdb.com/) — CC BY-SA 4.0,OTDB category: Science & Nature,true
opentdb-science-130,fact,multi,Which of these two plates are best know for forming earthquakes and tsunami's?,Divergent Plate Boundaries/Convergent/Oceanic Crust,Oceanic & Continental Crust/Transform Plate Boundaries,Transform Plate Boundaries/Divergent Plate Boundaries,Convergent Plate Boundaries/Oceanic Crust,Convergent Plate Boundaries/Oceanic Crust,,,,science,"opentdb, science",medium,1,opentdb,CC BY-SA 4.0,Open Trivia DB (https://opentdb.com/) — CC BY-SA 4.0,OTDB category: Science & Nature,true
opentdb-science-131,fact,multi,How many hearts does an octopus have?,Two,Three,Four,One,Three,,,,science,"opentdb, science",medium,1,opentdb,CC BY-SA 4.0,Open Trivia DB (https://opentdb.com/) — CC BY-SA 4.0,OTDB category: Science & Nature,true
opentdb-science-132,fact,multi,"When the Falcon Heavy was launched on it's test flight, what was the only part of the operation that failed?",Side Booster Landing,Deployment of Starman,Ignition and Liftoff,Center Core Landing,Center Core Landing,,,,science,"opentdb, science",medium,1,opentdb,CC BY-SA 4.0,Open Trivia DB (https://opentdb.com/) — CC BY-SA 4.0,OTDB category: Science & Nature,true
opentdb-science-133,fact,multi,Which of these is a type of stretch/deep tendon reflex?,Ankle jerk reflex,Gag reflex,Scratch reflex,Pupillary light reflex,Ankle jerk reflex,,,,science,"opentdb, science",medium,1,opentdb,CC BY-SA 4.0,Open Trivia DB (https://opentdb.com/) — CC BY-SA 4.0,OTDB category: Science & Nature,true
opentdb-science-134,fact,multi,Which of these is a semiconductor amplifying device?,transistor,diode,tube,P-N junction,transistor,,,,science,"opentdb, science",hard,1,opentdb,CC BY-SA 4.0,Open Trivia DB (https://opentdb.com/) — CC BY-SA 4.0,OTDB category: Science & Nature,true
opentdb-science-135,fact,multi,"Which of the following plastic is commonly used for window frames, gutters and drain pipes?",Polyvinylchloride (PVC),Polystyrene (PS),Polypropylene (PP),Polyethylene (PE),Polyvinylchloride (PVC),,,,science,"opentdb, science",hard,1,opentdb,CC BY-SA 4.0,Open Trivia DB (https://opentdb.com/) — CC BY-SA 4.0,OTDB category: Science & Nature,true
opentdb-science-136,fact,multi,Approximately what percentage of Earth's atmosphere is Oxygen?,78%,54%,21%,7%,21%,,,,science,"opentdb, science",medium,1,opentdb,CC BY-SA 4.0,Open Trivia DB (https://opentdb.com/) — CC BY-SA 4.0,OTDB category: Science & Nature,true
opentdb-science-137,fact,multi,Human cells typically have how many copies of each gene?,2,3,1,4,2,,,,science,"opentdb, science",easy,1,opentdb,CC BY-SA 4.0,Open Trivia DB (https://opentdb.com/) — CC BY-SA 4.0,OTDB category: Science & Nature,true
opentdb-science-138,fact,multi,Stars consist mainly of hydrogen and which other gas?,Helium,Argon,Nitrogen,Oxygen,Helium,,,,science,"opentdb, science",easy,1,opentdb,CC BY-SA 4.0,Open Trivia DB (https://opentdb.com/) — CC BY-SA 4.0,OTDB category: Science & Nature,true
opentdb-science-139,fact,multi,What is the chemical makeup of water?,C12H6O2,CO2,H20,H,H20,,,,science,"opentdb, science",easy,1,opentdb,CC BY-SA 4.0,Open Trivia DB (https://opentdb.com/) — CC BY-SA 4.0,OTDB category: Science & Nature,true
opentdb-science-140,fact,multi,Rhinoplasty is a surgical procedure on what part of the human body?,Neck,Ears,Chin,Nose,Nose,,,,science,"opentdb, science",easy,1,opentdb,CC BY-SA 4.0,Open Trivia DB (https://opentdb.com/) — CC BY-SA 4.0,OTDB category: Science & Nature,true
opentdb-science-141,fact,multi,What is the scientific name of the red fox?,Red Fox,Vulpes Redus,Vulpes Vulpes,Vulpes Vulpie,Vulpes Vulpes,,,,science,"opentdb, science",hard,1,opentdb,CC BY-SA 4.0,Open Trivia DB (https://opentdb.com/) — CC BY-SA 4.0,OTDB category: Science & Nature,true
opentdb-science-142,fact,multi,"What does the term ""isolation"" refer to in microbiology?",A lack of nutrition in microenviroments,"The separation of a strain from a natural, mixed population of living microbes",The nitrogen level in soil,"Testing effects of certain microorganisms in an isolated enviroments, such as caves","The separation of a strain from a natural, mixed population of living microbes",,,,science,"opentdb, science",hard,1,opentdb,CC BY-SA 4.0,Open Trivia DB (https://opentdb.com/) — CC BY-SA 4.0,OTDB category: Science & Nature,true
opentdb-science-143,fact,multi,"Which color cannot be produced in Roses, even through genetic alteration?",Black,Orange,Brown,Blue,Blue,,,,science,"opentdb, science",medium,1,opentdb,CC BY-SA 4.0,Open Trivia DB (https://opentdb.com/) — CC BY-SA 4.0,OTDB category: Science & Nature,true
opentdb-science-144,fact,multi,"What is ""Stenoma""?",A combat stimulant from WW2,A type of seasoning,A genus of moths,A port city in the carribean,A genus of moths,,,,science,"opentdb, science",hard,1,opentdb,CC BY-SA 4.0,Open Trivia DB (https://opentdb.com/) — CC BY-SA 4.0,OTDB category: Science & Nature,true
opentdb-science-145,fact,multi,What is the standard SI unit for distance?,Fathom,Foot,Metre,Angstrom,Metre,,,,science,"opentdb, science",easy,1,opentdb,CC BY-SA 4.0,Open Trivia DB (https://opentdb.com/) — CC BY-SA 4.0,OTDB category: Science & Nature,true
opentdb-science-146,fact,multi,All the following metal elements are liquids at or near room temperature EXCEPT:,Gallium,Beryllium,Caesium,Mercury,Beryllium,,,,science,"opentdb, science",medium,1,opentdb,CC BY-SA 4.0,Open Trivia DB (https://opentdb.com/) — CC BY-SA 4.0,OTDB category: Science & Nature,true
opentdb-science-147,fact,multi,Myopia is the scientific term for which condition?,Shortsightedness,Double Vision,Farsightedness,Clouded Vision,Shortsightedness,,,,science,"opentdb, science",medium,1,opentdb,CC BY-SA 4.0,Open Trivia DB (https://opentdb.com/) — CC BY-SA 4.0,OTDB category: Science & Nature,true
opentdb-science-148,fact,multi,What is the atomic number of the element Strontium?,47,38,73,11,38,,,,science,"opentdb, science",medium,1,opentdb,CC BY-SA 4.0,Open Trivia DB (https://opentdb.com/) — CC BY-SA 4.0,OTDB category: Science & Nature,true
opentdb-science-149,fact,multi,"At what depth should you make a decompression stop, or safety stop, on a typical scuba dive?",50 Feet / 15 Meters,75 Feet / 23 Meters,25 Feet / 7.5 Meters,15 Feet / 5 Meters,15 Feet / 5 Meters,,,,science,"opentdb, science",medium,1,opentdb,CC BY-SA 4.0,Open Trivia DB (https://opentdb.com/) — CC BY-SA 4.0,OTDB category: Science & Nature,true
opentdb-science-150,fact,multi,About how old is Earth?,5.5 Billion Years,2.5 Billion Years,3.5 Billion Years,4.5 Billion Years,4.5 Billion Years,,,,science,"opentdb, science",medium,1,opentdb,CC BY-SA 4.0,Open Trivia DB (https://opentdb.com/) — CC BY-SA 4.0,OTDB category: Science & Nature,true
opentdb-science-151,fact,multi,The Western Lowland Gorilla is scientifically know as?,Gorilla Beringei Beringei,Gorilla Gorilla Diehli,Gorilla Beringei Graueri,Gorilla Gorilla Gorilla,Gorilla Gorilla Gorilla,,,,science,"opentdb, science",hard,1,opentdb,CC BY-SA 4.0,Open Trivia DB (https://opentdb.com/) — CC BY-SA 4.0,OTDB category: Science & Nature,true
opentdb-science-152,fact,multi,Which one of these scientists conducted the Gold Foil Experiment which concluded that atoms are mostly made of empty space?,Ernest Rutherford,Joseph John Thomson,Archimedes,Niels Henrik David Bohr,Ernest Rutherford,,,,science,"opentdb, science",medium,1,opentdb,CC BY-SA 4.0,Open Trivia DB (https://opentdb.com/) — CC BY-SA 4.0,OTDB category: Science & Nature,true
opentdb-science-153,fact,multi,Which psychological term refers to the stress of holding contrasting beliefs?,Blind Sight,Split-Brain,Cognitive Dissonance,Flip-Flop Syndrome,Cognitive Dissonance,,,,science,"opentdb, science",medium,1,opentdb,CC BY-SA 4.0,Open Trivia DB (https://opentdb.com/) — CC BY-SA 4.0,OTDB category: Science & Nature,true
opentdb-science-154,fact,multi,"To the nearest minute, how long does it take for light to travel from the Sun to the Earth?",6 Minutes,8 Minutes,12 Minutes,2 Minutes,8 Minutes,,,,science,"opentdb, science",medium,1,opentdb,CC BY-SA 4.0,Open Trivia DB (https://opentdb.com/) — CC BY-SA 4.0,OTDB category: Science & Nature,true
opentdb-science-155,fact,multi,What is the molecular formula of the active component of chili peppers(Capsaicin)?,C18H27NO3,C6H4Cl2,C21H23NO3,C13H25NO4,C18H27NO3,,,,science,"opentdb, science",medium,1,opentdb,CC BY-SA 4.0,Open Trivia DB (https://opentdb.com/) — CC BY-SA 4.0,OTDB category: Science & Nature,true
opentdb-science-156,fact,multi,How old is the universe?,4.5 Billion Years,16.2 Billion Years,7.9 Billion Years,13.8 Billion Years,13.8 Billion Years,,,,science,"opentdb, science",medium,1,opentdb,CC BY-SA 4.0,Open Trivia DB (https://opentdb.com/) — CC BY-SA 4.0,OTDB category: Science & Nature,true
opentdb-science-157,fact,multi,What does the yellow diamond on the NFPA 704 fire diamond represent?,Health,Flammability,Radioactivity,Reactivity,Reactivity,,,,science,"opentdb, science",medium,1,opentdb,CC BY-SA 4.0,Open Trivia DB (https://opentdb.com/) — CC BY-SA 4.0,OTDB category: Science & Nature,true
opentdb-science-158,fact,multi,What is an example of a bacterial pathogen?,Measles,AIDS,Cholera,Ringworm,Cholera,,,,science,"opentdb, science",easy,1,opentdb,CC BY-SA 4.0,Open Trivia DB (https://opentdb.com/) — CC BY-SA 4.0,OTDB category: Science & Nature,true
opentdb-science-159,fact,multi,The human right lung has how many lobes?,4,1,2,3,3,,,,science,"opentdb, science",medium,1,opentdb,CC BY-SA 4.0,Open Trivia DB (https://opentdb.com/) — CC BY-SA 4.0,OTDB category: Science & Nature,true
opentdb-science-160,fact,multi,"In Chemistry, how many isomers does Butanol (C4H9OH) have?",3,6,5,4,4,,,,science,"opentdb, science",medium,1,opentdb,CC BY-SA 4.0,Open Trivia DB (https://opentdb.com/) — CC BY-SA 4.0,OTDB category: Science & Nature,true
opentdb-science-161,fact,multi,What is the mathematical formula of Ohm's law?,V = I / R,I = V*R,R = V*I,V = I*R,V = I*R,,,,science,"opentdb, science",medium,1,opentdb,CC BY-SA 4.0,Open Trivia DB (https://opentdb.com/) — CC BY-SA 4.0,OTDB category: Science & Nature,true
opentdb-science-162,fact,multi,What was the first organic compound to be synthesized from inorganic compounds?,Ethanol,Formaldehyde,Propane,Urea,Urea,,,,science,"opentdb, science",hard,1,opentdb,CC BY-SA 4.0,Open Trivia DB (https://opentdb.com/) — CC BY-SA 4.0,OTDB category: Science & Nature,true
opentdb-science-163,fact,multi,"In the Scoville scale, what is the hottest chemical?",Dihydrocapsaicin,Capsaicin,Resiniferatoxin,Tinyatoxin,Resiniferatoxin,,,,science,"opentdb, science",hard,1,opentdb,CC BY-SA 4.0,Open Trivia DB (https://opentdb.com/) — CC BY-SA 4.0,OTDB category: Science & Nature,true
opentdb-science-164,fact,multi,What are the smallest blood vessels in the human body?,Veinules,Capillaries,Arterioles,Lymphatics,Capillaries,,,,science,"opentdb, science",medium,1,opentdb,CC BY-SA 4.0,Open Trivia DB (https://opentdb.com/) — CC BY-SA 4.0,OTDB category: Science & Nature,true
opentdb-science-165,fact,multi,"Which NASA Space Shuttle broke apart during atmospheric re-entry on February 1, 2003?",Endeavour,Columbia,Discovery,Challenger,Columbia,,,,science,"opentdb, science",medium,1,opentdb,CC BY-SA 4.0,Open Trivia DB (https://opentdb.com/) — CC BY-SA 4.0,OTDB category: Science & Nature,true
opentdb-science-166,fact,multi,How many types of quarks are there in the standard model of physics?,6,3,2,4,6,,,,science,"opentdb, science",hard,1,opentdb,CC BY-SA 4.0,Open Trivia DB (https://opentdb.com/) — CC BY-SA 4.0,OTDB category: Science & Nature,true
opentdb-science-167,fact,multi,Which is the longest bone in the human body?,Scapula,Ulna,Fibula,Femur,Femur,,,,science,"opentdb, science",easy,1,opentdb,CC BY-SA 4.0,Open Trivia DB (https://opentdb.com/) — CC BY-SA 4.0,OTDB category: Science & Nature,true
opentdb-science-168,fact,multi,"What is the common name of the chemical compound ""dihydrogen monoxide""?",Methane,Laughing Gas,Ammonia,Water,Water,,,,science,"opentdb, science",easy,1,opentdb,CC BY-SA 4.0,Open Trivia DB (https://opentdb.com/) — CC BY-SA 4.0,OTDB category: Science & Nature,true
opentdb-science-169,fact,multi,Which country first successfully farm-hatched and raised bluefin tuna in 1979?,France,USA,Philippines,Japan,Japan,,,,science,"opentdb, science",hard,1,opentdb,CC BY-SA 4.0,Open Trivia DB (https://opentdb.com/) — CC BY-SA 4.0,OTDB category: Science & Nature,true
opentdb-science-170,fact,multi,Which of the following is a major muscle of the back?,Trapezius,Trapezium,Trapezoid,Triquetrum,Trapezius,,,,science,"opentdb, science",hard,1,opentdb,CC BY-SA 4.0,Open Trivia DB (https://opentdb.com/) — CC BY-SA 4.0,OTDB category: Science & Nature,true
opentdb-science-171,fact,multi,"Which desert is the only desert in the world where the ""Saguaro"" cactus grows indigenously?",The Yuma Desert,The Sonoran Desert,The Arabian Desert,The Gobi Desert,The Sonoran Desert,,,,science,"opentdb, science",medium,1,opentdb,CC BY-SA 4.0,Open Trivia DB (https://opentdb.com/) — CC BY-SA 4.0,OTDB category: Science & Nature,true
opentdb-science-172,fact,multi,What are human nails made of?,Bone,Keratin,Calcium,Chitin,Keratin,,,,science,"opentdb, science",medium,1,opentdb,CC BY-SA 4.0,Open Trivia DB (https://opentdb.com/) — CC BY-SA 4.0,OTDB category: Science & Nature,true
opentdb-science-173,fact,multi,Which Swiss psychologist is synonymous with the concepts of introvert and extrovert personalities?,Carl Jung,Hermann Rorschach,Jean Piaget,Alice Miller,Carl Jung,,,,science,"opentdb, science",medium,1,opentdb,CC BY-SA 4.0,Open Trivia DB (https://opentdb.com/) — CC BY-SA 4.0,OTDB category: Science & Nature,true
opentdb-science-174,fact,multi,Which of these is NOT a part of the structure of a typical neuron?,Schwann cell,Islets of Langerhans,Node of Ranvier,Myelin sheath,Islets of Langerhans,,,,science,"opentdb, science",medium,1,opentdb,CC BY-SA 4.0,Open Trivia DB (https://opentdb.com/) — CC BY-SA 4.0,OTDB category: Science & Nature,true
opentdb-science-175,fact,multi,Which Apollo mission was the first one to land on the Moon?,Apollo 13,Apollo 9,Apollo 10,Apollo 11,Apollo 11,,,,science,"opentdb, science",easy,1,opentdb,CC BY-SA 4.0,Open Trivia DB (https://opentdb.com/) — CC BY-SA 4.0,OTDB category: Science & Nature,true
opentdb-science-176,fact,multi,If you planted the seeds of Quercus robur what would grow?,Flowers,Grains,Trees,Vegtables,Trees,,,,science,"opentdb, science",hard,1,opentdb,CC BY-SA 4.0,Open Trivia DB (https://opentdb.com/) — CC BY-SA 4.0,OTDB category: Science & Nature,true
opentdb-science-177,fact,multi,"What common name is given to the medial condition, tibial stress syndrome (MTSS)?",Tennis Elbow,Housemaid's Knee,Shin Splints,Carpal Tunnel,Shin Splints,,,,science,"opentdb, science",hard,1,opentdb,CC BY-SA 4.0,Open Trivia DB (https://opentdb.com/) — CC BY-SA 4.0,OTDB category: Science & Nature,true
opentdb-science-178,fact,multi,Which of the following spacecraft never touched the moon?,Luna 2,Mariner 4,SMART-1,Apollo 11,Mariner 4,,,,science,"opentdb, science",medium,1,opentdb,CC BY-SA 4.0,Open Trivia DB (https://opentdb.com/) — CC BY-SA 4.0,OTDB category: Science & Nature,true
opentdb-science-179,fact,multi,"Botanically speaking, which of these fruits is NOT a berry?",Strawberry,Banana,Blueberry,Concord Grape,Strawberry,,,,science,"opentdb, science",hard,1,opentdb,CC BY-SA 4.0,Open Trivia DB (https://opentdb.com/) — CC BY-SA 4.0,OTDB category: Science & Nature,true
opentdb-science-180,fact,multi,The human heart has how many chambers?,3,2,4,6,4,,,,science,"opentdb, science",easy,1,opentdb,CC BY-SA 4.0,Open Trivia DB (https://opentdb.com/) — CC BY-SA 4.0,OTDB category: Science & Nature,true
opentdb-science-181,fact,multi,What do you study if you are studying entomology?,Insects,the Brain,Fish,Humans,Insects,,,,science,"opentdb, science",medium,1,opentdb,CC BY-SA 4.0,Open Trivia DB (https://opentdb.com/) — CC BY-SA 4.0,OTDB category: Science & Nature,true
opentdb-science-182,fact,multi,What name is given to all baby marsupials?,Pup,Joey,Calf,Cub,Joey,,,,science,"opentdb, science",easy,1,opentdb,CC BY-SA 4.0,Open Trivia DB (https://opentdb.com/) — CC BY-SA 4.0,OTDB category: Science & Nature,true
opentdb-science-183,fact,multi,"Where did the dog breed ""Chihuahua"" originate?",Russia,Mexico,France,Spain,Mexico,,,,science,"opentdb, science",medium,1,opentdb,CC BY-SA 4.0,Open Trivia DB (https://opentdb.com/) — CC BY-SA 4.0,OTDB category: Science & Nature,true
opentdb-science-184,fact,multi,Which planet in the Solar System is the closest to the Sun?,Mercury,Earth,Venus,Mars,Mercury,,,,science,"opentdb, science",medium,1,opentdb,CC BY-SA 4.0,Open Trivia DB (https://opentdb.com/) — CC BY-SA 4.0,OTDB category: Science & Nature,true
opentdb-science-185,fact,multi,What is the scientific name of the knee cap?,Patella,Femur,Foramen Magnum,Scapula,Patella,,,,science,"opentdb, science",hard,1,opentdb,CC BY-SA 4.0,Open Trivia DB (https://opentdb.com/) — CC BY-SA 4.0,OTDB category: Science & Nature,true
opentdb-science-186,fact,multi,Which of the following are cells of the adaptive immune system?,Dendritic cells,Cytotoxic T cells,White blood cells,Natural killer cells,Cytotoxic T cells,,,,science,"opentdb, science",hard,1,opentdb,CC BY-SA 4.0,Open Trivia DB (https://opentdb.com/) — CC BY-SA 4.0,OTDB category: Science & Nature,true
opentdb-science-187,fact,multi,"In quantum physics, which of these theorised sub-atomic particles has yet to be observed?",Z boson,Gluon,Tau neutrino,Graviton,Graviton,,,,science,"opentdb, science",hard,1,opentdb,CC BY-SA 4.0,Open Trivia DB (https://opentdb.com/) — CC BY-SA 4.0,OTDB category: Science & Nature,true
opentdb-science-188,fact,multi,Which of these is NOT a bone found in the human arm?,Tibia,Humerus,Ulna,Radius,Tibia,,,,science,"opentdb, science",medium,1,opentdb,CC BY-SA 4.0,Open Trivia DB (https://opentdb.com/) — CC BY-SA 4.0,OTDB category: Science & Nature,true
opentdb-science-189,fact,multi,How many officially recognized dwarf planets in the solar system are named after Polynesian deities?,2,1,5,0,2,,,,science,"opentdb, science",medium,1,opentdb,CC BY-SA 4.0,Open Trivia DB (https://opentdb.com/) — CC BY-SA 4.0,OTDB category: Science & Nature,true
opentdb-science-190,fact,multi,Which of these elements on the Periodic Table is a Noble Gas?,Potassium,Colbalt,Iodine,Neon,Neon,,,,science,"opentdb, science",medium,1,opentdb,CC BY-SA 4.0,Open Trivia DB (https://opentdb.com/) — CC BY-SA 4.0,OTDB category: Science & Nature,true
opentdb-science-191,fact,multi,Which of these is used to show that Earth spins on an axis?,Foucault Pendulum,Polaris,Tectonic Plates,Sundial,Foucault Pendulum,,,,science,"opentdb, science",hard,1,opentdb,CC BY-SA 4.0,Open Trivia DB (https://opentdb.com/) — CC BY-SA 4.0,OTDB category: Science & Nature,true
opentdb-science-192,fact,multi,Which of the following is NOT a real element?,Vitrainium,Lutetium,Praseodymium,Hassium,Vitrainium,,,,science,"opentdb, science",hard,1,opentdb,CC BY-SA 4.0,Open Trivia DB (https://opentdb.com/) — CC BY-SA 4.0,OTDB category: Science & Nature,true
opentdb-science-193,fact,multi,What does LASER stand for?,Life antimatter by standing entry of range,Light amplification by stimulated emission of radiation,Lite analysing by stereo ecorazer,Light amplifier by standby energy of radio,Light amplification by stimulated emission of radiation,,,,science,"opentdb, science",easy,1,opentdb,CC BY-SA 4.0,Open Trivia DB (https://opentdb.com/) — CC BY-SA 4.0,OTDB category: Science & Nature,true
opentdb-science-194,fact,multi,An organic compound is considered an alcohol if it has what functional group?,Hydroxyl,Alkyl,Aldehyde,Carbonyl,Hydroxyl,,,,science,"opentdb, science",hard,1,opentdb,CC BY-SA 4.0,Open Trivia DB (https://opentdb.com/) — CC BY-SA 4.0,OTDB category: Science & Nature,true
opentdb-science-195,fact,multi,"The ""Tibia"" is found in which part of the body?",Arm,Leg,Head,Hand,Leg,,,,science,"opentdb, science",medium,1,opentdb,CC BY-SA 4.0,Open Trivia DB (https://opentdb.com/) — CC BY-SA 4.0,OTDB category: Science & Nature,true
opentdb-science-196,fact,multi,What causes Lyme disease?,An amoeba,A bacteria,A virus,A parasitic worm,A bacteria,,,,science,"opentdb, science",medium,1,opentdb,CC BY-SA 4.0,Open Trivia DB (https://opentdb.com/) — CC BY-SA 4.0,OTDB category: Science & Nature,true
opentdb-science-197,fact,multi,What is the molecular formula of Glucose?,K+,C2H4O2,C6H12O6,CH4,C6H12O6,,,,science,"opentdb, science",hard,1,opentdb,CC BY-SA 4.0,Open Trivia DB (https://opentdb.com/) — CC BY-SA 4.0,OTDB category: Science & Nature,true
opentdb-science-198,fact,multi,What is the unit of electrical inductance?,Weber,Coulomb,Mho,Henry,Henry,,,,science,"opentdb, science",hard,1,opentdb,CC BY-SA 4.0,Open Trivia DB (https://opentdb.com/) — CC BY-SA 4.0,OTDB category: Science & Nature,true
opentdb-science-199,fact,multi,What is the standard SI unit for mass?,Gram,Pound,Tonne,Kilogram,Kilogram,,,,science,"opentdb, science",easy,1,opentdb,CC BY-SA 4.0,Open Trivia DB (https://opentdb.com/) — CC BY-SA 4.0,OTDB category: Science & Nature,true
opentdb-science-200,fact,multi,Where is the Gluteus Maximus muscle located?,Torso,Head,Butt,Arm,Butt,,,,science,"opentdb, science",hard,1,opentdb,CC BY-SA 4.0,Open Trivia DB (https://opentdb.com/) — CC BY-SA 4.0,OTDB category: Science & Nature,true
opentdb-science-201,fact,multi,What is the standard SI unit for electric current?,Ohm,Volt,Watt,Ampere,Ampere,,,,science,"opentdb, science",medium,1,opentdb,CC BY-SA 4.0,Open Trivia DB (https://opentdb.com/) — CC BY-SA 4.0,OTDB category: Science & Nature,true
opentdb-science-202,fact,multi,Naturally occuring uranium primarily consists of which isotope?,235,233,239,238,238,,,,science,"opentdb, science",easy,1,opentdb,CC BY-SA 4.0,Open Trivia DB (https://opentdb.com/) — CC BY-SA 4.0,OTDB category: Science & Nature,true
opentdb-science-203,fact,multi,What nucleotide pairs with guanine?,Thymine,Cytosine,Uracil,Adenine,Cytosine,,,,science,"opentdb, science",hard,1,opentdb,CC BY-SA 4.0,Open Trivia DB (https://opentdb.com/) — CC BY-SA 4.0,OTDB category: Science & Nature,true
opentdb-science-204,fact,multi,Which of the following bones is not in the leg?,Tibia,Radius,Fibula,Patella,Radius,,,,science,"opentdb, science",easy,1,opentdb,CC BY-SA 4.0,Open Trivia DB (https://opentdb.com/) — CC BY-SA 4.0,OTDB category: Science & Nature,true
opentdb-science-205,fact,multi,What is the hottest planet in the Solar System?,Venus,Jupiter,Mercury,Mars,Venus,,,,science,"opentdb, science",easy,1,opentdb,CC BY-SA 4.0,Open Trivia DB (https://opentdb.com/) — CC BY-SA 4.0,OTDB category: Science & Nature,true
opentdb-science-206,fact,multi,"What is the thin, outermost layer of the Earth?",Exosphere,Outer Core,Mantle,Crust,Crust,,,,science,"opentdb, science",easy,1,opentdb,CC BY-SA 4.0,Open Trivia DB (https://opentdb.com/) — CC BY-SA 4.0,OTDB category: Science & Nature,true
opentdb-science-207,fact,multi,Which of these choices is not one of the phases of mitosis?,Anaphase,Diplophase,Telophase,Metaphase,Diplophase,,,,science,"opentdb, science",medium,1,opentdb,CC BY-SA 4.0,Open Trivia DB (https://opentdb.com/) — CC BY-SA 4.0,OTDB category: Science & Nature,true
opentdb-science-208,fact,multi,What does the letter 'S' stand for in 'NASA'?,Science,Society,Star,Space,Space,,,,science,"opentdb, science",easy,1,opentdb,CC BY-SA 4.0,Open Trivia DB (https://opentdb.com/) — CC BY-SA 4.0,OTDB category: Science & Nature,true
opentdb-science-209,fact,multi,Deionized water is water with which of the following removed?,Hydrogen,Iron,Uncharged atoms,Oxygen,Iron,,,,science,"opentdb, science",medium,1,opentdb,CC BY-SA 4.0,Open Trivia DB (https://opentdb.com/) — CC BY-SA 4.0,OTDB category: Science & Nature,true
opentdb-science-210,fact,multi,Who is the chemical element Curium named after?,The Curiosity Rover,Marie & Pierre Curie,Curious George,Stephen Curry,Marie & Pierre Curie,,,,science,"opentdb, science",easy,1,opentdb,CC BY-SA 4.0,Open Trivia DB (https://opentdb.com/) — CC BY-SA 4.0,OTDB category: Science & Nature,true
opentdb-science-211,fact,multi,What is the standard SI unit for time?,Minute,Second,Hour,Day,Second,,,,science,"opentdb, science",easy,1,opentdb,CC BY-SA 4.0,Open Trivia DB (https://opentdb.com/) — CC BY-SA 4.0,OTDB category: Science & Nature,true
opentdb-science-212,fact,multi,What is the scientific term for 'taste'?,Somatosensation,Auditory Perception,Olfaction,Gustatory Perception,Gustatory Perception,,,,science,"opentdb, science",medium,1,opentdb,CC BY-SA 4.0,Open Trivia DB (https://opentdb.com/) — CC BY-SA 4.0,OTDB category: Science & Nature,true
opentdb-science-213,fact,multi,What stage of development do the majority of eukaryotic cells remain in for most of their life?,Stasis,Telophase,Interphase,Prophase,Interphase,,,,science,"opentdb, science",medium,1,opentdb,CC BY-SA 4.0,Open Trivia DB (https://opentdb.com/) — CC BY-SA 4.0,OTDB category: Science & Nature,true
opentdb-science-214,fact,multi,"In physics, conservation of energy and conservation of momentum are both consequences of which of the following?",Bell's Theorem,Noether's Theorem,Wick's Theorem,Carnot's Theorem,Noether's Theorem,,,,science,"opentdb, science",hard,1,opentdb,CC BY-SA 4.0,Open Trivia DB (https://opentdb.com/) — CC BY-SA 4.0,OTDB category: Science & Nature,true
opentdb-science-215,fact,multi,What is isobutylphenylpropanoic acid more commonly known as?,Aspirin,Ketamine,Morphine,Ibuprofen,Ibuprofen,,,,science,"opentdb, science",hard,1,opentdb,CC BY-SA 4.0,Open Trivia DB (https://opentdb.com/) — CC BY-SA 4.0,OTDB category: Science & Nature,true
opentdb-science-216,fact,multi,Autosomal-dominant Compelling Helio-Ophthalmic Outburst syndrome is the need to do what when seeing the Sun?,Hiccup,Cough,Sneeze,Yawn,Sneeze,,,,science,"opentdb, science",hard,1,opentdb,CC BY-SA 4.0,Open Trivia DB (https://opentdb.com/) — CC BY-SA 4.0,OTDB category: Science & Nature,true
opentdb-science-217,fact,multi,What is the most potent toxin known?,Asbestos,Botulinum toxin,Cyanide,Ricin,Botulinum toxin,,,,science,"opentdb, science",hard,1,opentdb,CC BY-SA 4.0,Open Trivia DB (https://opentdb.com/) — CC BY-SA 4.0,OTDB category: Science & Nature,true
opentdb-science-218,fact,multi,Down Syndrome is usually caused by an extra copy of which chromosome?,21,23,15,24,21,,,,science,"opentdb, science",medium,1,opentdb,CC BY-SA 4.0,Open Trivia DB (https://opentdb.com/) — CC BY-SA 4.0,OTDB category: Science & Nature,true
opentdb-science-219,fact,multi,Which of the following is the male pollen-producing reproductive part of a flower?,Stamen,Petal,Pistil,Sepal,Stamen,,,,science,"opentdb, science",medium,1,opentdb,CC BY-SA 4.0,Open Trivia DB (https://opentdb.com/) — CC BY-SA 4.0,OTDB category: Science & Nature,true
opentdb-science-220,fact,multi,Who discovered the Law of Gravity?,Galileo Galilei,Albert Einstein,Charles Darwin,Sir Isaac Newton,Sir Isaac Newton,,,,science,"opentdb, science",easy,1,opentdb,CC BY-SA 4.0,Open Trivia DB (https://opentdb.com/) — CC BY-SA 4.0,OTDB category: Science & Nature,true
opentdb-science-221,fact,multi,What is radiation measured in?,Watt,Kelvin,Gray,Decibel,Gray,,,,science,"opentdb, science",medium,1,opentdb,CC BY-SA 4.0,Open Trivia DB (https://opentdb.com/) — CC BY-SA 4.0,OTDB category: Science & Nature,true
opentdb-science-222,fact,multi,At what temperature does water boil?,181°F,212°F,178°F,200°F,212°F,,,,science,"opentdb, science",medium,1,opentdb,CC BY-SA 4.0,Open Trivia DB (https://opentdb.com/) — CC BY-SA 4.0,OTDB category: Science & Nature,true
opentdb-science-223,fact,multi,How many laws of thermodynamics are there?,Four,Five,Two,Three,Four,,,,science,"opentdb, science",easy,1,opentdb,CC BY-SA 4.0,Open Trivia DB (https://opentdb.com/) — CC BY-SA 4.0,OTDB category: Science & Nature,true
opentdb-science-224,fact,multi,What is the atomic mass of Carbon?,12,10,16,14,12,,,,science,"opentdb, science",easy,1,opentdb,CC BY-SA 4.0,Open Trivia DB (https://opentdb.com/) — CC BY-SA 4.0,OTDB category: Science & Nature,true
opentdb-science-225,fact,multi,The Sun consists of mostly which two elements?,Carbon & Nitrogen,Hydrogen & Helium,Hydrogen & Nitrogen,Carbon & Helium,Hydrogen & Helium,,,,science,"opentdb, science",medium,1,opentdb,CC BY-SA 4.0,Open Trivia DB (https://opentdb.com/) — CC BY-SA 4.0,OTDB category: Science & Nature,true
opentdb-science-226,fact,multi,Which of the following is NOT a word used to describe an earthquake?,Strike-slip,Drop-slide,Temblor,Foreshock,Drop-slide,,,,science,"opentdb, science",hard,1,opentdb,CC BY-SA 4.0,Open Trivia DB (https://opentdb.com/) — CC BY-SA 4.0,OTDB category: Science & Nature,true
opentdb-science-227,fact,multi,Which is the most abundant element in the universe?,Oxygen,Helium,Lithium,Hydrogen,Hydrogen,,,,science,"opentdb, science",easy,1,opentdb,CC BY-SA 4.0,Open Trivia DB (https://opentdb.com/) — CC BY-SA 4.0,OTDB category: Science & Nature,true
opentdb-science-228,fact,multi,What is the first element on the periodic table?,Oxygen,Lithium,Helium,Hydrogen,Hydrogen,,,,science,"opentdb, science",easy,1,opentdb,CC BY-SA 4.0,Open Trivia DB (https://opentdb.com/) — CC BY-SA 4.0,OTDB category: Science & Nature,true
opentdb-science-229,fact,multi,Which of these stars is the largest?,VY Canis Majoris,UY Scuti,Betelgeuse,RW Cephei,UY Scuti,,,,science,"opentdb, science",medium,1,opentdb,CC BY-SA 4.0,Open Trivia DB (https://opentdb.com/) — CC BY-SA 4.0,OTDB category: Science & Nature,true
opentdb-science-230,fact,multi,What is the study of the cells and tissues of plants and animals?,Anatomy,Histology,Microbiology,Biochemistry,Histology,,,,science,"opentdb, science",medium,1,opentdb,CC BY-SA 4.0,Open Trivia DB (https://opentdb.com/) — CC BY-SA 4.0,OTDB category: Science & Nature,true
opentdb-science-231,fact,multi,How long is a light-year?,105.40 Earth-years,1 AU,501.2 Million Miles,9.461 Trillion Kilometres,9.461 Trillion Kilometres,,,,science,"opentdb, science",hard,1,opentdb,CC BY-SA 4.0,Open Trivia DB (https://opentdb.com/) — CC BY-SA 4.0,OTDB category: Science & Nature,true
opentdb-science-232,fact,multi,"On the Beaufort Scale of wind force, what wind name is given to number 8?",Breeze,Gale,Hurricane,Storm,Gale,,,,science,"opentdb, science",hard,1,opentdb,CC BY-SA 4.0,Open Trivia DB (https://opentdb.com/) — CC BY-SA 4.0,OTDB category: Science & Nature,true
opentdb-science-233,fact,multi,How many objects are equivalent to one mole?,6.022 x 10^23,6.002 x 10^22,6.002 x 10^23,6.022 x 10^22,6.022 x 10^23,,,,science,"opentdb, science",hard,1,opentdb,CC BY-SA 4.0,Open Trivia DB (https://opentdb.com/) — CC BY-SA 4.0,OTDB category: Science & Nature,true
opentdb-science-234,fact,multi,Which gas forms about 78% of the Earth’s atmosphere?,Nitrogen,Carbon Dioxide,Oxygen,Argon,Nitrogen,,,,science,"opentdb, science",easy,1,opentdb,CC BY-SA 4.0,Open Trivia DB (https://opentdb.com/) — CC BY-SA 4.0,OTDB category: Science & Nature,true
opentdb-science-235,fact,multi,Which element has the highest melting point?,Osmium,Tungsten,Platinum,Carbon,Carbon,,,,science,"opentdb, science",easy,1,opentdb,CC BY-SA 4.0,Open Trivia DB (https://opentdb.com/) — CC BY-SA 4.0,OTDB category: Science & Nature,true
opentdb-science-236,fact,multi,How many planets are in our Solar System?,Ten,Nine,Eight,Seven,Eight,,,,science,"opentdb, science",easy,1,opentdb,CC BY-SA 4.0,Open Trivia DB (https://opentdb.com/) — CC BY-SA 4.0,OTDB category: Science & Nature,true
opentdb-science-237,fact,multi,What medication was once commonly used as rat poison?,Coumadin,Tylenol,Aspirin,Eliquis,Coumadin,,,,science,"opentdb, science",medium,1,opentdb,CC BY-SA 4.0,Open Trivia DB (https://opentdb.com/) — CC BY-SA 4.0,OTDB category: Science & Nature,true
opentdb-science-238,fact,multi,The biggest distinction between a eukaryotic cell and a prokaryotic cell is:,The presence or absence of certain organelles,The mode of reproduction,The overall size,The presence or absence of a nucleus,The presence or absence of a nucleus,,,,science,"opentdb, science",easy,1,opentdb,CC BY-SA 4.0,Open Trivia DB (https://opentdb.com/) — CC BY-SA 4.0,OTDB category: Science & Nature,true
opentdb-science-239,fact,multi,Which noble gas has the lowest atomic number?,Helium,Neon,Krypton,Argon,Helium,,,,science,"opentdb, science",easy,1,opentdb,CC BY-SA 4.0,Open Trivia DB (https://opentdb.com/) — CC BY-SA 4.0,OTDB category: Science & Nature,true
opentdb-science-240,fact,multi,What does DNA stand for?,Deoxyribogenetic Acid,Deoxyribogenetic Atoms,Deoxyribonucleic Acid,Detoxic Acid,Deoxyribonucleic Acid,,,,science,"opentdb, science",easy,1,opentdb,CC BY-SA 4.0,Open Trivia DB (https://opentdb.com/) — CC BY-SA 4.0,OTDB category: Science & Nature,true
opentdb-geography-241,fact,multi,Kuala Lumpur is the capital of which country?,Malaysia,Singapore,Thailand,Indonesia,Malaysia,,,,geography,"opentdb, geography",medium,1,opentdb,CC BY-SA 4.0,Open Trivia DB (https://opentdb.com/) — CC BY-SA 4.0,OTDB category: Geography,true
opentdb-geography-242,fact,multi,"Which of these African countries list ""Spanish"" as an official language?",Guinea,Angola,Equatorial Guinea,Cameroon,Equatorial Guinea,,,,geography,"opentdb, geography",easy,1,opentdb,CC BY-SA 4.0,Open Trivia DB (https://opentdb.com/) — CC BY-SA 4.0,OTDB category: Geography,true
opentdb-geography-243,fact,multi,What is the official German name of the Swiss Federal Railways?,Schweizerische Bundesbahnen,Schweizerische Staatsbahnen,Schweizerische Nationalbahnen,Bundesbahnen der Schweiz,Schweizerische Bundesbahnen,,,,geography,"opentdb, geography",hard,1,opentdb,CC BY-SA 4.0,Open Trivia DB (https://opentdb.com/) — CC BY-SA 4.0,OTDB category: Geography,true
opentdb-geography-244,fact,multi,"Where would you find the ""Spanish Steps""?","Barcelona, Spain","Berlin, Germany","Rome, Italy","London, England","Rome, Italy",,,,geography,"opentdb, geography",easy,1,opentdb,CC BY-SA 4.0,Open Trivia DB (https://opentdb.com/) — CC BY-SA 4.0,OTDB category: Geography,true
opentdb-geography-245,fact,multi,Which of these island countries is located in the Caribbean?,Seychelles,Fiji,Barbados,Maldives,Barbados,,,,geography,"opentdb, geography",hard,1,opentdb,CC BY-SA 4.0,Open Trivia DB (https://opentdb.com/) — CC BY-SA 4.0,OTDB category: Geography,true
opentdb-geography-246,fact,multi,How many countries border Kyrgyzstan?,3,6,4,1,4,,,,geography,"opentdb, geography",hard,1,opentdb,CC BY-SA 4.0,Open Trivia DB (https://opentdb.com/) — CC BY-SA 4.0,OTDB category: Geography,true
opentdb-geography-247,fact,multi,What is Canada's smallest province?,Prince Edward Island,Yukon,Nova Scotia,New Brunswick,Prince Edward Island,,,,geography,"opentdb, geography",easy,1,opentdb,CC BY-SA 4.0,Open Trivia DB (https://opentdb.com/) — CC BY-SA 4.0,OTDB category: Geography,true
opentdb-geography-248,fact,multi,What is the capital of the US state Nevada?,Carson City,Las Vegas,Henderson,Reno,Carson City,,,,geography,"opentdb, geography",medium,1,opentdb,CC BY-SA 4.0,Open Trivia DB (https://opentdb.com/) — CC BY-SA 4.0,OTDB category: Geography,true
opentdb-geography-249,fact,multi,What is the northernmost human settlement with year round inhabitants?,"McMurdo Station, Antarctica","Alert, Canada","Honningsvåg, Norway","Nagurskoye, Russia","Alert, Canada",,,,geography,"opentdb, geography",medium,1,opentdb,CC BY-SA 4.0,Open Trivia DB (https://opentdb.com/) — CC BY-SA 4.0,OTDB category: Geography,true
opentdb-geography-250,fact,multi,Bridgetown is the capital of which island country in the Carribean?,Barbados,Dominica,Cuba,Jamaica‎,Barbados,,,,geography,"opentdb, geography",medium,1,opentdb,CC BY-SA 4.0,Open Trivia DB (https://opentdb.com/) — CC BY-SA 4.0,OTDB category: Geography,true
opentdb-geography-251,fact,multi,The emblem on the flag of the Republic of Tajikistan features a sunrise over mountains below what symbol?,Sickle,Bird,Tree,Crown,Crown,,,,geography,"opentdb, geography",hard,1,opentdb,CC BY-SA 4.0,Open Trivia DB (https://opentdb.com/) — CC BY-SA 4.0,OTDB category: Geography,true
opentdb-geography-252,fact,multi,What country has a horizontal bicolor red and white flag?,Bahrain,Malta,Liechenstein,Monaco,Monaco,,,,geography,"opentdb, geography",easy,1,opentdb,CC BY-SA 4.0,Open Trivia DB (https://opentdb.com/) — CC BY-SA 4.0,OTDB category: Geography,true
opentdb-geography-253,fact,multi,What country is the second largest in the world by area?,Russia,Canada,United States of America,China,Canada,,,,geography,"opentdb, geography",easy,1,opentdb,CC BY-SA 4.0,Open Trivia DB (https://opentdb.com/) — CC BY-SA 4.0,OTDB category: Geography,true
opentdb-geography-254,fact,multi,Which of the following countries has a flag featuring a yellow lion wielding a sword on a dark red background?,Scotland,Sri Lanka,Bhutan,Kiribati,Sri Lanka,,,,geography,"opentdb, geography",easy,1,opentdb,CC BY-SA 4.0,Open Trivia DB (https://opentdb.com/) — CC BY-SA 4.0,OTDB category: Geography,true
opentdb-geography-255,fact,multi,Montreal is in which Canadian province?,Quebec,Ontario,Alberta,Nova Scotia,Quebec,,,,geography,"opentdb, geography",medium,1,opentdb,CC BY-SA 4.0,Open Trivia DB (https://opentdb.com/) — CC BY-SA 4.0,OTDB category: Geography,true
opentdb-geography-256,fact,multi,Which of these is NOT a city in Saudi Arabia?,Mecca,Riyadh,Medina,Dubai,Dubai,,,,geography,"opentdb, geography",medium,1,opentdb,CC BY-SA 4.0,Open Trivia DB (https://opentdb.com/) — CC BY-SA 4.0,OTDB category: Geography,true
opentdb-geography-257,fact,multi,All of the following countries have official claims to territory in Antartica EXCEPT:,United States,Chile,Norway,Australia,United States,,,,geography,"opentdb, geography",medium,1,opentdb,CC BY-SA 4.0,Open Trivia DB (https://opentdb.com/) — CC BY-SA 4.0,OTDB category: Geography,true
opentdb-geography-258,fact,multi,What is the administrative centre and largest settlement on the Norwegian archipelago of Svalbard?,Sveagruva,Ny-Ålesund,Longyearbyen,Barentsburg,Longyearbyen,,,,geography,"opentdb, geography",hard,1,opentdb,CC BY-SA 4.0,Open Trivia DB (https://opentdb.com/) — CC BY-SA 4.0,OTDB category: Geography,true
opentdb-geography-259,fact,multi,Which one of these archipelagos are NOT a part of the United Kingdom?,Isles of Scilly,The Channel Islands,Shetland Islands,Orkney Islands,The Channel Islands,,,,geography,"opentdb, geography",medium,1,opentdb,CC BY-SA 4.0,Open Trivia DB (https://opentdb.com/) — CC BY-SA 4.0,OTDB category: Geography,true
opentdb-geography-260,fact,multi,Which islands below have been claimed by both Japan and Russia?,Kuril Islands,Spratly Islands,Paracel Islands,Chagos Islands,Kuril Islands,,,,geography,"opentdb, geography",medium,1,opentdb,CC BY-SA 4.0,Open Trivia DB (https://opentdb.com/) — CC BY-SA 4.0,OTDB category: Geography,true
opentdb-geography-261,fact,multi,What is the capital city of Slovenia?,Trbovlje,Ljubljana,Maribor,Velenje,Ljubljana,,,,geography,"opentdb, geography",medium,1,opentdb,CC BY-SA 4.0,Open Trivia DB (https://opentdb.com/) — CC BY-SA 4.0,OTDB category: Geography,true
opentdb-geography-262,fact,multi,The Japanese district Akihabara is also known by what nickname?,Otaku Central,Big Eyes,Moon Walk River,Electric Town,Electric Town,,,,geography,"opentdb, geography",medium,1,opentdb,CC BY-SA 4.0,Open Trivia DB (https://opentdb.com/) — CC BY-SA 4.0,OTDB category: Geography,true
opentdb-geography-263,fact,multi,The Space Needle is located in which city?,Vancouver,Los Angles,Toronto,Seattle,Seattle,,,,geography,"opentdb, geography",easy,1,opentdb,CC BY-SA 4.0,Open Trivia DB (https://opentdb.com/) — CC BY-SA 4.0,OTDB category: Geography,true
opentdb-geography-264,fact,multi,In which English county is Stonehenge?,Wiltshire,Somerset,Cumbria,Herefordshire,Wiltshire,,,,geography,"opentdb, geography",medium,1,opentdb,CC BY-SA 4.0,Open Trivia DB (https://opentdb.com/) — CC BY-SA 4.0,OTDB category: Geography,true
opentdb-geography-265,fact,multi,Which of these countries is not a United Nations member state?,South Sudan,Tuvalu,Niue,Montenegro,Niue,,,,geography,"opentdb, geography",medium,1,opentdb,CC BY-SA 4.0,Open Trivia DB (https://opentdb.com/) — CC BY-SA 4.0,OTDB category: Geography,true
opentdb-geography-266,fact,multi,"What is the name of the former country that was succeeded by countries such as Serbia, Croatia and Slovenia?",Czechoslovakia,South Ossetia,Abkhazia,Yugoslavia,Yugoslavia,,,,geography,"opentdb, geography",medium,1,opentdb,CC BY-SA 4.0,Open Trivia DB (https://opentdb.com/) — CC BY-SA 4.0,OTDB category: Geography,true
opentdb-geography-267,fact,multi,The Alps are a mountain range on which continent?,Europe,North America,Asia,Africa,Europe,,,,geography,"opentdb, geography",easy,1,opentdb,CC BY-SA 4.0,Open Trivia DB (https://opentdb.com/) — CC BY-SA 4.0,OTDB category: Geography,true
opentdb-geography-268,fact,multi,Which US state is furthest north east?,New York,Georgia,Florida,Maine,Maine,,,,geography,"opentdb, geography",easy,1,opentdb,CC BY-SA 4.0,Open Trivia DB (https://opentdb.com/) — CC BY-SA 4.0,OTDB category: Geography,true
opentdb-geography-269,fact,multi,Where is Hadrian's Wall located?,"Carlisle, England","Dublin, Ireland","Alexandria, Egypt","Rome, Italy","Carlisle, England",,,,geography,"opentdb, geography",medium,1,opentdb,CC BY-SA 4.0,Open Trivia DB (https://opentdb.com/) — CC BY-SA 4.0,OTDB category: Geography,true
opentdb-geography-270,fact,multi,What is the name of the peninsula containing Spain and Portugal?,European Peninsula,Iberian Peninsula,Peloponnesian Peninsula,Scandinavian Peninsula,Iberian Peninsula,,,,geography,"opentdb, geography",easy,1,opentdb,CC BY-SA 4.0,Open Trivia DB (https://opentdb.com/) — CC BY-SA 4.0,OTDB category: Geography,true
opentdb-geography-271,fact,multi,What is the capital of Bangladesh?,Khulna,Dhaka,London,Lahore,Dhaka,,,,geography,"opentdb, geography",easy,1,opentdb,CC BY-SA 4.0,Open Trivia DB (https://opentdb.com/) — CC BY-SA 4.0,OTDB category: Geography,true
opentdb-geography-272,fact,multi,Greenland is a part of which kingdom?,Norway,Denmark,United Kingdom,Sweden,Denmark,,,,geography,"opentdb, geography",easy,1,opentdb,CC BY-SA 4.0,Open Trivia DB (https://opentdb.com/) — CC BY-SA 4.0,OTDB category: Geography,true
opentdb-geography-273,fact,multi,Which of the following countries is within the Eurozone but outside of the Schengen Area?,Greece,Malta,Portugal,Cyprus,Cyprus,,,,geography,"opentdb, geography",medium,1,opentdb,CC BY-SA 4.0,Open Trivia DB (https://opentdb.com/) — CC BY-SA 4.0,OTDB category: Geography,true
opentdb-geography-274,fact,multi,Which city is the biggest in Canada?,Ottawa,Toronto,Vancouver,Montreal,Toronto,,,,geography,"opentdb, geography",easy,1,opentdb,CC BY-SA 4.0,Open Trivia DB (https://opentdb.com/) — CC BY-SA 4.0,OTDB category: Geography,true
opentdb-geography-275,fact,multi,Which of the following countries banned the use of personal genetic ancestry tests?,Canada,Austria,Sweden,Germany,Germany,,,,geography,"opentdb, geography",medium,1,opentdb,CC BY-SA 4.0,Open Trivia DB (https://opentdb.com/) — CC BY-SA 4.0,OTDB category: Geography,true
opentdb-geography-276,fact,multi,"What is the county seat of King County, Washington?",Enumclaw,Skykomish,Seattle,Bellevue,Seattle,,,,geography,"opentdb, geography",hard,1,opentdb,CC BY-SA 4.0,Open Trivia DB (https://opentdb.com/) — CC BY-SA 4.0,OTDB category: Geography,true
opentdb-geography-277,fact,multi,What was the original name of Ho Chi Minh City?,Dar Es Salaam,Angkor Wat,Hanoi,Saigon,Saigon,,,,geography,"opentdb, geography",hard,1,opentdb,CC BY-SA 4.0,Open Trivia DB (https://opentdb.com/) — CC BY-SA 4.0,OTDB category: Geography,true
opentdb-geography-278,fact,multi,What is the right way to spell the capital of Hungary?,Boodapest,Budapast,Bhudapest,Budapest,Budapest,,,,geography,"opentdb, geography",medium,1,opentdb,CC BY-SA 4.0,Open Trivia DB (https://opentdb.com/) — CC BY-SA 4.0,OTDB category: Geography,true
opentdb-geography-279,fact,multi,Where is the ancient city of Petra located?,Italy,Jordan,Israel,Egypt,Jordan,,,,geography,"opentdb, geography",medium,1,opentdb,CC BY-SA 4.0,Open Trivia DB (https://opentdb.com/) — CC BY-SA 4.0,OTDB category: Geography,true
opentdb-geography-280,fact,multi,Which of these country's capitals starts with the letter B?,Jordan,Kuwait,Lebanon,Qatar,Lebanon,,,,geography,"opentdb, geography",medium,1,opentdb,CC BY-SA 4.0,Open Trivia DB (https://opentdb.com/) — CC BY-SA 4.0,OTDB category: Geography,true
opentdb-geography-281,fact,multi,"What is the region conjoining Pakistan, India, and China with unknown leadership called?",Quin,Kashmir,Andorra,Gibraltar,Kashmir,,,,geography,"opentdb, geography",medium,1,opentdb,CC BY-SA 4.0,Open Trivia DB (https://opentdb.com/) — CC BY-SA 4.0,OTDB category: Geography,true
opentdb-geography-282,fact,multi,How many time zones does China have?,4,1,2,3,1,,,,geography,"opentdb, geography",easy,1,opentdb,CC BY-SA 4.0,Open Trivia DB (https://opentdb.com/) — CC BY-SA 4.0,OTDB category: Geography,true
opentdb-geography-283,fact,multi,Broome is a town in which state of Australia?,Northern Territory,Western Australia,Tasmania,South Australia,Western Australia,,,,geography,"opentdb, geography",medium,1,opentdb,CC BY-SA 4.0,Open Trivia DB (https://opentdb.com/) — CC BY-SA 4.0,OTDB category: Geography,true
opentdb-geography-284,fact,multi,Which country is the home of the largest Japanese population outside of Japan?,Russia,Brazil,The United States,China,Brazil,,,,geography,"opentdb, geography",easy,1,opentdb,CC BY-SA 4.0,Open Trivia DB (https://opentdb.com/) — CC BY-SA 4.0,OTDB category: Geography,true
opentdb-geography-285,fact,multi,"Which US state is nicknamed ""The Golden State""?",Alaska,California,Florida,New Mexico,California,,,,geography,"opentdb, geography",easy,1,opentdb,CC BY-SA 4.0,Open Trivia DB (https://opentdb.com/) — CC BY-SA 4.0,OTDB category: Geography,true
opentdb-geography-286,fact,multi,"In Washington, D.C. what does the ""C"" stand for?",City,Caledonia,Columbia,Corinthia,Columbia,,,,geography,"opentdb, geography",medium,1,opentdb,CC BY-SA 4.0,Open Trivia DB (https://opentdb.com/) — CC BY-SA 4.0,OTDB category: Geography,true
opentdb-geography-287,fact,multi,Which of these Japanese islands is the largest by area?,Okinawa,Iki,Shikoku,Odaiba,Shikoku,,,,geography,"opentdb, geography",medium,1,opentdb,CC BY-SA 4.0,Open Trivia DB (https://opentdb.com/) — CC BY-SA 4.0,OTDB category: Geography,true
opentdb-geography-288,fact,multi,What city  has the busiest airport in the world?,"Chicago,Illinois ISA","Atlanta, Georgia USA","London, England","Tokyo,Japan","Atlanta, Georgia USA",,,,geography,"opentdb, geography",medium,1,opentdb,CC BY-SA 4.0,Open Trivia DB (https://opentdb.com/) — CC BY-SA 4.0,OTDB category: Geography,true
opentdb-geography-289,fact,multi,What is the capital of Estonia?,Riga,Tallinn,Helsinki,Tartu,Tallinn,,,,geography,"opentdb, geography",medium,1,opentdb,CC BY-SA 4.0,Open Trivia DB (https://opentdb.com/) — CC BY-SA 4.0,OTDB category: Geography,true
opentdb-geography-290,fact,multi,Which of these countries is located the FURTHEST away from the South China Sea?,Vietnam,Bangladesh,Malaysia,Philippines,Bangladesh,,,,geography,"opentdb, geography",medium,1,opentdb,CC BY-SA 4.0,Open Trivia DB (https://opentdb.com/) — CC BY-SA 4.0,OTDB category: Geography,true
opentdb-geography-291,fact,multi,What country is not a part of Scandinavia?,Sweden,Finland,Norway,Denmark,Finland,,,,geography,"opentdb, geography",hard,1,opentdb,CC BY-SA 4.0,Open Trivia DB (https://opentdb.com/) — CC BY-SA 4.0,OTDB category: Geography,true
opentdb-geography-292,fact,multi,"Which European city is known as the ""City of Light""?",Madrid,Paris,London,Rome,Paris,,,,geography,"opentdb, geography",easy,1,opentdb,CC BY-SA 4.0,Open Trivia DB (https://opentdb.com/) — CC BY-SA 4.0,OTDB category: Geography,true
opentdb-geography-293,fact,multi,The Svalbard Archipelago is a dependency of which country?,Norway,Russia,Iceland,Denmark,Norway,,,,geography,"opentdb, geography",hard,1,opentdb,CC BY-SA 4.0,Open Trivia DB (https://opentdb.com/) — CC BY-SA 4.0,OTDB category: Geography,true
opentdb-geography-294,fact,multi,What is the capital of Senegal?,Monrovia,Conakry,Dakar,Nouakchott,Dakar,,,,geography,"opentdb, geography",medium,1,opentdb,CC BY-SA 4.0,Open Trivia DB (https://opentdb.com/) — CC BY-SA 4.0,OTDB category: Geography,true
opentdb-geography-295,fact,multi,What is the only country in the world with a flag that doesn't have four right angles?,Panama,Nepal,Angola,Egypt,Nepal,,,,geography,"opentdb, geography",medium,1,opentdb,CC BY-SA 4.0,Open Trivia DB (https://opentdb.com/) — CC BY-SA 4.0,OTDB category: Geography,true
opentdb-geography-296,fact,multi,Which Canadian province has Charlottetown as its capital?,Saskachewan,Northwest Terrirories,Ontario,Prince Edward Island,Prince Edward Island,,,,geography,"opentdb, geography",medium,1,opentdb,CC BY-SA 4.0,Open Trivia DB (https://opentdb.com/) — CC BY-SA 4.0,OTDB category: Geography,true
opentdb-geography-297,fact,multi,Which country ranks first in the number of historically active volcanoes?,India,Indonesia,USA,Japan,Indonesia,,,,geography,"opentdb, geography",medium,1,opentdb,CC BY-SA 4.0,Open Trivia DB (https://opentdb.com/) — CC BY-SA 4.0,OTDB category: Geography,true
opentdb-geography-298,fact,multi,The following Spanish provinces are located in the northern area of Spain except:,León,Murcia,Asturias,Navarre,Murcia,,,,geography,"opentdb, geography",medium,1,opentdb,CC BY-SA 4.0,Open Trivia DB (https://opentdb.com/) — CC BY-SA 4.0,OTDB category: Geography,true
opentdb-geography-299,fact,multi,"What is the capital of British Columbia, Canada?",Hope,Victoria,Vancouver,Kelowna,Victoria,,,,geography,"opentdb, geography",medium,1,opentdb,CC BY-SA 4.0,Open Trivia DB (https://opentdb.com/) — CC BY-SA 4.0,OTDB category: Geography,true
opentdb-geography-300,fact,multi,What is the capital of Suriname?,Sucre,Tegucigalpa,Antananarivo,Paramaribo,Paramaribo,,,,geography,"opentdb, geography",hard,1,opentdb,CC BY-SA 4.0,Open Trivia DB (https://opentdb.com/) — CC BY-SA 4.0,OTDB category: Geography,true
opentdb-geography-301,fact,multi,The mountainous Khyber Pass connects which of the two following countries?,Pakistan and India,Afghanistan and Pakistan,India and Nepal,Tajikistan and Kyrgyzstan,Afghanistan and Pakistan,,,,geography,"opentdb, geography",hard,1,opentdb,CC BY-SA 4.0,Open Trivia DB (https://opentdb.com/) — CC BY-SA 4.0,OTDB category: Geography,true
opentdb-geography-302,fact,multi,"Which of the following geographic features is a ring-shaped coral reef, island, or series of islets?",Atoll,Peninsula,Isthmus,Delta,Atoll,,,,geography,"opentdb, geography",easy,1,opentdb,CC BY-SA 4.0,Open Trivia DB (https://opentdb.com/) — CC BY-SA 4.0,OTDB category: Geography,true
opentdb-geography-303,fact,multi,What is the capital of Peru?,Buenos Aires,Montevideo,Lima,Santiago,Lima,,,,geography,"opentdb, geography",medium,1,opentdb,CC BY-SA 4.0,Open Trivia DB (https://opentdb.com/) — CC BY-SA 4.0,OTDB category: Geography,true
opentdb-geography-304,fact,multi,"What Texas city is nicknamed ""The Yellow Rose of Texas""?",Corpus Christi,Frisco,Amarillo,Houston,Amarillo,,,,geography,"opentdb, geography",medium,1,opentdb,CC BY-SA 4.0,Open Trivia DB (https://opentdb.com/) — CC BY-SA 4.0,OTDB category: Geography,true
opentdb-geography-305,fact,multi,What continent is the country Lesotho in?,Africa,South America,Asia,Europe,Africa,,,,geography,"opentdb, geography",medium,1,opentdb,CC BY-SA 4.0,Open Trivia DB (https://opentdb.com/) — CC BY-SA 4.0,OTDB category: Geography,true
opentdb-geography-306,fact,multi,What is the capital of South Korea?,Kitakyushu,Pyongyang,Seoul,Taegu,Seoul,,,,geography,"opentdb, geography",easy,1,opentdb,CC BY-SA 4.0,Open Trivia DB (https://opentdb.com/) — CC BY-SA 4.0,OTDB category: Geography,true
opentdb-geography-307,fact,multi,Which city is the capital of the United States of America?,Albany,Seattle,Washington D.C,Los Angeles,Washington D.C,,,,geography,"opentdb, geography",easy,1,opentdb,CC BY-SA 4.0,Open Trivia DB (https://opentdb.com/) — CC BY-SA 4.0,OTDB category: Geography,true
opentdb-geography-308,fact,multi,The longest shared border in the world can be found between which two nations?,Chile and Argentina,Russia and China,Canada and the United States,India and Pakistan,Canada and the United States,,,,geography,"opentdb, geography",easy,1,opentdb,CC BY-SA 4.0,Open Trivia DB (https://opentdb.com/) — CC BY-SA 4.0,OTDB category: Geography,true
opentdb-geography-309,fact,multi,Where is the Volga River?,Sweden,Bulgaria,Russia,India,Russia,,,,geography,"opentdb, geography",medium,1,opentdb,CC BY-SA 4.0,Open Trivia DB (https://opentdb.com/) — CC BY-SA 4.0,OTDB category: Geography,true
opentdb-geography-310,fact,multi,How many states are in Australia?,6,8,7,5,6,,,,geography,"opentdb, geography",medium,1,opentdb,CC BY-SA 4.0,Open Trivia DB (https://opentdb.com/) — CC BY-SA 4.0,OTDB category: Geography,true
opentdb-geography-311,fact,multi,How many countries does the United States share a land border with?,1,2,4,3,2,,,,geography,"opentdb, geography",easy,1,opentdb,CC BY-SA 4.0,Open Trivia DB (https://opentdb.com/) — CC BY-SA 4.0,OTDB category: Geography,true
opentdb-geography-312,fact,multi,Which is the largest freshwater lake in the world?,Lake Michigan,Lake Superior,Lake Huron,Caspian Sea,Lake Superior,,,,geography,"opentdb, geography",hard,1,opentdb,CC BY-SA 4.0,Open Trivia DB (https://opentdb.com/) — CC BY-SA 4.0,OTDB category: Geography,true
opentdb-geography-313,fact,multi,Which of these cities is NOT in England?,Oxford,Manchester,Edinburgh,Southampton,Edinburgh,,,,geography,"opentdb, geography",hard,1,opentdb,CC BY-SA 4.0,Open Trivia DB (https://opentdb.com/) — CC BY-SA 4.0,OTDB category: Geography,true
opentdb-geography-314,fact,multi,What is the capital of Finland?,Macedonia,Helsinki,Jabraltar,Oslo,Helsinki,,,,geography,"opentdb, geography",easy,1,opentdb,CC BY-SA 4.0,Open Trivia DB (https://opentdb.com/) — CC BY-SA 4.0,OTDB category: Geography,true
opentdb-geography-315,fact,multi,Which of the following is NOT a capital city?,Beijing,Cairo,Sydney,Moscow,Sydney,,,,geography,"opentdb, geography",medium,1,opentdb,CC BY-SA 4.0,Open Trivia DB (https://opentdb.com/) — CC BY-SA 4.0,OTDB category: Geography,true
opentdb-geography-316,fact,multi,With which country does France share its largest land border,Germany,Spain,Canada,Brazil,Brazil,,,,geography,"opentdb, geography",hard,1,opentdb,CC BY-SA 4.0,Open Trivia DB (https://opentdb.com/) — CC BY-SA 4.0,OTDB category: Geography,true
opentdb-geography-317,fact,multi,What was the African nation of Zimbabwe formerly known as?,Mozambique,Zambia,Bulawayo,Rhodesia,Rhodesia,,,,geography,"opentdb, geography",medium,1,opentdb,CC BY-SA 4.0,Open Trivia DB (https://opentdb.com/) — CC BY-SA 4.0,OTDB category: Geography,true
opentdb-geography-318,fact,multi,What is the nickname for the US state Delaware?,The Second State,The Sixteenth State,The Fiftieth State,The First State,The First State,,,,geography,"opentdb, geography",easy,1,opentdb,CC BY-SA 4.0,Open Trivia DB (https://opentdb.com/) — CC BY-SA 4.0,OTDB category: Geography,true
opentdb-geography-319,fact,multi,The Hunua Ranges is located in...,Nepal,China,New Zealand,Mexico,New Zealand,,,,geography,"opentdb, geography",hard,1,opentdb,CC BY-SA 4.0,Open Trivia DB (https://opentdb.com/) — CC BY-SA 4.0,OTDB category: Geography,true
opentdb-geography-320,fact,multi,How many stars are featured on New Zealand's flag?,2,5,0,4,4,,,,geography,"opentdb, geography",easy,1,opentdb,CC BY-SA 4.0,Open Trivia DB (https://opentdb.com/) — CC BY-SA 4.0,OTDB category: Geography,true
opentdb-geography-321,fact,multi,In which English county is the city of Portsmouth?,Surrey,Buckinghamshire,Hampshire,Oxfordshire,Hampshire,,,,geography,"opentdb, geography",medium,1,opentdb,CC BY-SA 4.0,Open Trivia DB (https://opentdb.com/) — CC BY-SA 4.0,OTDB category: Geography,true
opentdb-geography-322,fact,multi,What is the capital of Greenland?,Sisimiut,Maniitsoq,Narsaq,Nuuk,Nuuk,,,,geography,"opentdb, geography",medium,1,opentdb,CC BY-SA 4.0,Open Trivia DB (https://opentdb.com/) — CC BY-SA 4.0,OTDB category: Geography,true
opentdb-geography-323,fact,multi,"What is the name of the formerly rich fishing grounds off the island of Newfoundland, Canada?",Great Barrier Reef,Mariana Trench,Hudson Bay,Grand Banks,Grand Banks,,,,geography,"opentdb, geography",hard,1,opentdb,CC BY-SA 4.0,Open Trivia DB (https://opentdb.com/) — CC BY-SA 4.0,OTDB category: Geography,true
opentdb-geography-324,fact,multi,Where is Timbuktu located?,"Mauritania, Africa","Mali, Africa","Azerbaijan, Asia","Bangladesh, Asia","Mali, Africa",,,,geography,"opentdb, geography",hard,1,opentdb,CC BY-SA 4.0,Open Trivia DB (https://opentdb.com/) — CC BY-SA 4.0,OTDB category: Geography,true
opentdb-geography-325,fact,multi,Which stretch of water connects the Atlantic Ocean to the Mediterranean Sea?,Spanish Straits,Channelle de Tangiers,Strait of Gibraltar,Gibraltar Way,Strait of Gibraltar,,,,geography,"opentdb, geography",medium,1,opentdb,CC BY-SA 4.0,Open Trivia DB (https://opentdb.com/) — CC BY-SA 4.0,OTDB category: Geography,true
opentdb-geography-326,fact,multi,Which country features a maple leaf on its flag?,Canada,Brazil,India,Mexico,Canada,,,,geography,"opentdb, geography",easy,1,opentdb,CC BY-SA 4.0,Open Trivia DB (https://opentdb.com/) — CC BY-SA 4.0,OTDB category: Geography,true
opentdb-geography-327,fact,multi,Which of the following is the longest river in Europe?,Danube,Dnieper,Ural,Volga,Volga,,,,geography,"opentdb, geography",medium,1,opentdb,CC BY-SA 4.0,Open Trivia DB (https://opentdb.com/) — CC BY-SA 4.0,OTDB category: Geography,true
opentdb-geography-328,fact,multi,Which of these African countries displays a gun on their flag?,Ethiopia,Uganda,Nigeria,Mozambique,Mozambique,,,,geography,"opentdb, geography",hard,1,opentdb,CC BY-SA 4.0,Open Trivia DB (https://opentdb.com/) — CC BY-SA 4.0,OTDB category: Geography,true
opentdb-geography-329,fact,multi,What year is on the flag of the US state Wisconsin?,1634,1783,1848,1901,1848,,,,geography,"opentdb, geography",hard,1,opentdb,CC BY-SA 4.0,Open Trivia DB (https://opentdb.com/) — CC BY-SA 4.0,OTDB category: Geography,true
opentdb-geography-330,fact,multi,What is the capital of Mauritius?,Port Moresby,Port Louis,Port Vila,Port-au-Prince,Port Louis,,,,geography,"opentdb, geography",hard,1,opentdb,CC BY-SA 4.0,Open Trivia DB (https://opentdb.com/) — CC BY-SA 4.0,OTDB category: Geography,true
opentdb-geography-331,fact,multi,"Where is the fast food chain ""Panda Express"" headquartered?","San Diego, California","Fresno, California","Sacramento, California","Rosemead, California","Rosemead, California",,,,geography,"opentdb, geography",hard,1,opentdb,CC BY-SA 4.0,Open Trivia DB (https://opentdb.com/) — CC BY-SA 4.0,OTDB category: Geography,true
opentdb-geography-332,fact,multi,What is the largest hot desert in the world?,Kalahari,Sahara,Mojave,Gobi,Sahara,,,,geography,"opentdb, geography",easy,1,opentdb,CC BY-SA 4.0,Open Trivia DB (https://opentdb.com/) — CC BY-SA 4.0,OTDB category: Geography,true
opentdb-geography-333,fact,multi,What is the smallest country in the world?,Vatican City,Malta,Maldives,Monaco,Vatican City,,,,geography,"opentdb, geography",easy,1,opentdb,CC BY-SA 4.0,Open Trivia DB (https://opentdb.com/) — CC BY-SA 4.0,OTDB category: Geography,true
opentdb-geography-334,fact,multi,How many timezones does Russia have?,16,6,24,11,11,,,,geography,"opentdb, geography",medium,1,opentdb,CC BY-SA 4.0,Open Trivia DB (https://opentdb.com/) — CC BY-SA 4.0,OTDB category: Geography,true
opentdb-geography-335,fact,multi,Which of these is NOT an Australian state or territory?,Alberta,Queensland,Victoria,New South Wales,Alberta,,,,geography,"opentdb, geography",easy,1,opentdb,CC BY-SA 4.0,Open Trivia DB (https://opentdb.com/) — CC BY-SA 4.0,OTDB category: Geography,true
opentdb-geography-336,fact,multi,Which Oceanian nation is known in Māori as Aotearoa?,Australia,New Caledonia,New Zealand,Solomon Islands,New Zealand,,,,geography,"opentdb, geography",medium,1,opentdb,CC BY-SA 4.0,Open Trivia DB (https://opentdb.com/) — CC BY-SA 4.0,OTDB category: Geography,true
opentdb-geography-337,fact,multi,What is the capital of Slovakia?,Sarajevo,Bratislava,Ljubljana,Sofia,Bratislava,,,,geography,"opentdb, geography",medium,1,opentdb,CC BY-SA 4.0,Open Trivia DB (https://opentdb.com/) — CC BY-SA 4.0,OTDB category: Geography,true
opentdb-geography-338,fact,multi,Which city is the capital of Switzerland?,Frankfurt,Wien,Bern,Zürich,Bern,,,,geography,"opentdb, geography",medium,1,opentdb,CC BY-SA 4.0,Open Trivia DB (https://opentdb.com/) — CC BY-SA 4.0,OTDB category: Geography,true
opentdb-geography-339,fact,multi,What is the largest freshwater lake by volume?,Lake Baikal,Lake Huron,Lake Michigan,Lake Superior,Lake Baikal,,,,geography,"opentdb, geography",hard,1,opentdb,CC BY-SA 4.0,Open Trivia DB (https://opentdb.com/) — CC BY-SA 4.0,OTDB category: Geography,true
opentdb-geography-340,fact,multi,What is the capital of Denmark?,Odense,Copenhagen,Aalborg,Aarhus,Copenhagen,,,,geography,"opentdb, geography",easy,1,opentdb,CC BY-SA 4.0,Open Trivia DB (https://opentdb.com/) — CC BY-SA 4.0,OTDB category: Geography,true
opentdb-geography-341,fact,multi,Which is the only US state located entirely within the Appalachia region?,Alabama,West Virginia,Pennsylvania,Kentucky,West Virginia,,,,geography,"opentdb, geography",medium,1,opentdb,CC BY-SA 4.0,Open Trivia DB (https://opentdb.com/) — CC BY-SA 4.0,OTDB category: Geography,true
opentdb-geography-342,fact,multi,In what part of Wales will you find the village Llanfairpwllgwyngyllgogerychwyrndrobwllllantysiliogogogoch?,Pembrokeshire,Anglesey,Wrexham,Bridgend,Anglesey,,,,geography,"opentdb, geography",hard,1,opentdb,CC BY-SA 4.0,Open Trivia DB (https://opentdb.com/) — CC BY-SA 4.0,OTDB category: Geography,true
opentdb-geography-343,fact,multi,The Principality of Sealand is an unrecognized micronation off the coast of what country?,The United Kingdom,Austrailia,Japan,Argentina,The United Kingdom,,,,geography,"opentdb, geography",medium,1,opentdb,CC BY-SA 4.0,Open Trivia DB (https://opentdb.com/) — CC BY-SA 4.0,OTDB category: Geography,true
opentdb-geography-344,fact,multi,Which of these is NOT a city in India?,Islamabad,Ahmedabad,Ghaziabad,Hyderabad,Islamabad,,,,geography,"opentdb, geography",hard,1,opentdb,CC BY-SA 4.0,Open Trivia DB (https://opentdb.com/) — CC BY-SA 4.0,OTDB category: Geography,true
opentdb-geography-345,fact,multi,Guyana is in which continent?,South America,Africa,Asia,North America,South America,,,,geography,"opentdb, geography",easy,1,opentdb,CC BY-SA 4.0,Open Trivia DB (https://opentdb.com/) — CC BY-SA 4.0,OTDB category: Geography,true
opentdb-geography-346,fact,multi,What is the official language of Bhutan?,Ladakhi,Dzongkha,Karen,Groma,Dzongkha,,,,geography,"opentdb, geography",medium,1,opentdb,CC BY-SA 4.0,Open Trivia DB (https://opentdb.com/) — CC BY-SA 4.0,OTDB category: Geography,true
opentdb-geography-347,fact,multi,Which of the following is a castle?,Elizabeth Castle,Olivia Castle,Richard Castle,Frank Castle,Elizabeth Castle,,,,geography,"opentdb, geography",hard,1,opentdb,CC BY-SA 4.0,Open Trivia DB (https://opentdb.com/) — CC BY-SA 4.0,OTDB category: Geography,true
opentdb-geography-348,fact,multi,"What is the capital of the State of Washington, United States?",Yukon,Olympia,Seattle,Washington D.C.,Olympia,,,,geography,"opentdb, geography",medium,1,opentdb,CC BY-SA 4.0,Open Trivia DB (https://opentdb.com/) — CC BY-SA 4.0,OTDB category: Geography,true
opentdb-geography-349,fact,multi,Which of these places is a location in Cornwall?,Alicante,Lisbon,Madrid,Barcelona,Barcelona,,,,geography,"opentdb, geography",easy,1,opentdb,CC BY-SA 4.0,Open Trivia DB (https://opentdb.com/) — CC BY-SA 4.0,OTDB category: Geography,true
opentdb-geography-350,fact,multi,"What is the most common climbing route for the second highest mountain in the world, K2?",Cesen Route,Polish Line,Magic Line,Abruzzi Spur,Abruzzi Spur,,,,geography,"opentdb, geography",hard,1,opentdb,CC BY-SA 4.0,Open Trivia DB (https://opentdb.com/) — CC BY-SA 4.0,OTDB category: Geography,true
opentdb-geography-351,fact,multi,What is the name of the capital of Turkey?,Istanbul,Bursa,Izmir,Ankara,Ankara,,,,geography,"opentdb, geography",medium,1,opentdb,CC BY-SA 4.0,Open Trivia DB (https://opentdb.com/) — CC BY-SA 4.0,OTDB category: Geography,true
opentdb-geography-352,fact,multi,What event led to Liechenstein adding a crown to its flag?,The 1936 Olympics,Charles VI's decree in 1719,Signing of the 1862 Constitution of Liechtenstein,Coronation of Prince Johann I Joseph in 1805,The 1936 Olympics,,,,geography,"opentdb, geography",medium,1,opentdb,CC BY-SA 4.0,Open Trivia DB (https://opentdb.com/) — CC BY-SA 4.0,OTDB category: Geography,true
opentdb-geography-353,fact,multi,Which of the following cities is the capital of Latvia?,Vilnius,Riga,Minsk,Tallinn,Riga,,,,geography,"opentdb, geography",medium,1,opentdb,CC BY-SA 4.0,Open Trivia DB (https://opentdb.com/) — CC BY-SA 4.0,OTDB category: Geography,true
opentdb-geography-354,fact,multi,Which nation claims ownership of Antarctica?,United States of America,United Nations,Australia,"No one, but there are claims.","No one, but there are claims.",,,,geography,"opentdb, geography",easy,1,opentdb,CC BY-SA 4.0,Open Trivia DB (https://opentdb.com/) — CC BY-SA 4.0,OTDB category: Geography,true
opentdb-geography-355,fact,multi,What city is the Terracotta Army located in?,Hong Kong,Beijing,Xi'an,Shanghai,Xi'an,,,,geography,"opentdb, geography",medium,1,opentdb,CC BY-SA 4.0,Open Trivia DB (https://opentdb.com/) — CC BY-SA 4.0,OTDB category: Geography,true
opentdb-geography-356,fact,multi,Which of these countries is NOT the only country to start with that letter of the alphabet?,Yemen,Oman,Qatar,Zambia,Zambia,,,,geography,"opentdb, geography",hard,1,opentdb,CC BY-SA 4.0,Open Trivia DB (https://opentdb.com/) — CC BY-SA 4.0,OTDB category: Geography,true
opentdb-geography-357,fact,multi,What African country has Portuguese as its official language?,Togo,Gabon,Mozambique,Botswana,Mozambique,,,,geography,"opentdb, geography",medium,1,opentdb,CC BY-SA 4.0,Open Trivia DB (https://opentdb.com/) — CC BY-SA 4.0,OTDB category: Geography,true
opentdb-geography-358,fact,multi,"What national museum will you find in Cooperstown, New York?",National Toy Hall of Fame,Museum of Modern Art,National Baseball Hall of Fame,Metropolitan Museum of Art,National Baseball Hall of Fame,,,,geography,"opentdb, geography",hard,1,opentdb,CC BY-SA 4.0,Open Trivia DB (https://opentdb.com/) — CC BY-SA 4.0,OTDB category: Geography,true
opentdb-geography-359,fact,multi,What is the capital of Scotland?,Edinburgh,Dundee,Glasgow,London,Edinburgh,,,,geography,"opentdb, geography",easy,1,opentdb,CC BY-SA 4.0,Open Trivia DB (https://opentdb.com/) — CC BY-SA 4.0,OTDB category: Geography,true
opentdb-geography-360,fact,multi,Which area of Eastern Europe is famous for its association with vampires?,Transylvania,Silesia,Slovakia,Macedonia,Transylvania,,,,geography,"opentdb, geography",easy,1,opentdb,CC BY-SA 4.0,Open Trivia DB (https://opentdb.com/) — CC BY-SA 4.0,OTDB category: Geography,true
opentdb-history-361,fact,multi,"On which aircraft carrier did the Doolitte Raid launch from on April 18, 1942 during World War II?",USS Lexington,USS Hornet,USS Saratoga,USS Enterprise,USS Hornet,,,,history,"opentdb, history",medium,1,opentdb,CC BY-SA 4.0,Open Trivia DB (https://opentdb.com/) — CC BY-SA 4.0,OTDB category: History,true
opentdb-history-362,fact,multi,What was the name of the chemical that was dropped on Vietnam during the Vietnam war?,Agent Orange,Hydrogen Cyanide,Mustard Gas,Phosgene,Agent Orange,,,,history,"opentdb, history",medium,1,opentdb,CC BY-SA 4.0,Open Trivia DB (https://opentdb.com/) — CC BY-SA 4.0,OTDB category: History,true
opentdb-history-363,fact,multi,What nationality was sultan Saladin?,Egyptian,Syrian,Kurdish,Arab,Kurdish,,,,history,"opentdb, history",medium,1,opentdb,CC BY-SA 4.0,Open Trivia DB (https://opentdb.com/) — CC BY-SA 4.0,OTDB category: History,true
opentdb-history-364,fact,multi,What year did the Titanic sink?,1917,1930,1941,1912,1912,,,,history,"opentdb, history",easy,1,opentdb,CC BY-SA 4.0,Open Trivia DB (https://opentdb.com/) — CC BY-SA 4.0,OTDB category: History,true
opentdb-history-365,fact,multi,Which of these countries was NOT a part of the Soviet Union?,Afghanistan,Uzbekistan,Kazakhstan,Turkmenistan,Afghanistan,,,,history,"opentdb, history",medium,1,opentdb,CC BY-SA 4.0,Open Trivia DB (https://opentdb.com/) — CC BY-SA 4.0,OTDB category: History,true
opentdb-history-366,fact,multi,Who was the leader of the Communist Party of Yugoslavia ?,Milos Obilic,Karadjordje Petrovic,Aleskandar Petrovic,Josip Broz Tito,Josip Broz Tito,,,,history,"opentdb, history",medium,1,opentdb,CC BY-SA 4.0,Open Trivia DB (https://opentdb.com/) — CC BY-SA 4.0,OTDB category: History,true
opentdb-history-367,fact,multi,How many manned moon landings have there been?,7,3,6,1,6,,,,history,"opentdb, history",easy,1,opentdb,CC BY-SA 4.0,Open Trivia DB (https://opentdb.com/) — CC BY-SA 4.0,OTDB category: History,true
opentdb-history-368,fact,multi,Which of these theoretical phycisists first predicted the existence of antimatter?,Werner Heisenberg,Niels Bohr,Albert Einstein,Paul Dirac,Paul Dirac,,,,history,"opentdb, history",hard,1,opentdb,CC BY-SA 4.0,Open Trivia DB (https://opentdb.com/) — CC BY-SA 4.0,OTDB category: History,true
opentdb-history-369,fact,multi,"The RMS Titanic sunk during her maiden voyage from Southampton, England to which American city?",Philadelphia,Washington,Boston,New York City,New York City,,,,history,"opentdb, history",easy,1,opentdb,CC BY-SA 4.0,Open Trivia DB (https://opentdb.com/) — CC BY-SA 4.0,OTDB category: History,true
opentdb-history-370,fact,multi,"In addition to his career as an astrologer and ""prophet"", Nostradamus published a 1555 treatise that included a section on what?",Teaching parrots to talk,Cheating at card games,Making jams and jellies,Digging graves,Making jams and jellies,,,,history,"opentdb, history",hard,1,opentdb,CC BY-SA 4.0,Open Trivia DB (https://opentdb.com/) — CC BY-SA 4.0,OTDB category: History,true
opentdb-history-371,fact,multi,"What number does the Roman numeral ""D"" stand for?",100,50,1000,500,500,,,,history,"opentdb, history",medium,1,opentdb,CC BY-SA 4.0,Open Trivia DB (https://opentdb.com/) — CC BY-SA 4.0,OTDB category: History,true
opentdb-history-372,fact,multi,"During the Spanish Civil War (1936), Francisco Franco fought for which political faction?",Nationalist Spain,Republican Spain,Papal State,Popular Front,Nationalist Spain,,,,history,"opentdb, history",hard,1,opentdb,CC BY-SA 4.0,Open Trivia DB (https://opentdb.com/) — CC BY-SA 4.0,OTDB category: History,true
opentdb-history-373,fact,multi,In what dialogue did Socrates defend himself to the court of Athens?,The Laws,The Republic,The Euthyphro,The Apology,The Apology,,,,history,"opentdb, history",medium,1,opentdb,CC BY-SA 4.0,Open Trivia DB (https://opentdb.com/) — CC BY-SA 4.0,OTDB category: History,true
opentdb-history-374,fact,multi,The seed drill was invented by which British inventor?,Charles Babbage,Isaac Newton,Jethro Tull,J.J Thomson,Jethro Tull,,,,history,"opentdb, history",medium,1,opentdb,CC BY-SA 4.0,Open Trivia DB (https://opentdb.com/) — CC BY-SA 4.0,OTDB category: History,true
opentdb-history-375,fact,multi,What did the first vending machines in the early 1880's dispense?,Post cards,Cigarettes,Sodas,Alcohol,Post cards,,,,history,"opentdb, history",hard,1,opentdb,CC BY-SA 4.0,Open Trivia DB (https://opentdb.com/) — CC BY-SA 4.0,OTDB category: History,true
opentdb-history-376,fact,multi,In what year was the famous 45 foot tall Hollywood sign first erected?,1913,1933,1903,1923,1923,,,,history,"opentdb, history",medium,1,opentdb,CC BY-SA 4.0,Open Trivia DB (https://opentdb.com/) — CC BY-SA 4.0,OTDB category: History,true
opentdb-history-377,fact,multi,"Which famous world leader is famed for the saying, ""Let them eat cake"", yet is rumored that he/she never said it at all?",Henry VIII,Czar Nicholas II,Marie Antoinette,Elizabeth I,Marie Antoinette,,,,history,"opentdb, history",easy,1,opentdb,CC BY-SA 4.0,Open Trivia DB (https://opentdb.com/) — CC BY-SA 4.0,OTDB category: History,true
opentdb-history-378,fact,multi,"In 1720, England was in massive debt and became involved in the South Sea Bubble. Who was the main mastermind behind it?",Robert Harley,John Blunt,Daniel Defoe,John Churchill,John Blunt,,,,history,"opentdb, history",easy,1,opentdb,CC BY-SA 4.0,Open Trivia DB (https://opentdb.com/) — CC BY-SA 4.0,OTDB category: History,true
opentdb-history-379,fact,multi,Which U.S. President was famously 'attacked' by a swimming rabbit?,Jimmy Carter,Lydon B. Johnson,Gerald Ford,Ronald Reagan,Jimmy Carter,,,,history,"opentdb, history",medium,1,opentdb,CC BY-SA 4.0,Open Trivia DB (https://opentdb.com/) — CC BY-SA 4.0,OTDB category: History,true
opentdb-history-380,fact,multi,What does the United States of America celebrate during the 4th of July?,The crossing of the Delaware River,The signing of the Declaration of Independence,The anniversary of the Battle of Gettysburg,The ratification of the Constitution,The signing of the Declaration of Independence,,,,history,"opentdb, history",easy,1,opentdb,CC BY-SA 4.0,Open Trivia DB (https://opentdb.com/) — CC BY-SA 4.0,OTDB category: History,true
opentdb-history-381,fact,multi,Which of the following Physicists aided Nazi Germany in their production of a nuclear weapon?,John von Neumann,Werner Heisenberg,Albert Einstein,Max Planck,Werner Heisenberg,,,,history,"opentdb, history",hard,1,opentdb,CC BY-SA 4.0,Open Trivia DB (https://opentdb.com/) — CC BY-SA 4.0,OTDB category: History,true
opentdb-history-382,fact,multi,Which Australian Prime Minister disappeared in 1967 and was never found?,Scott Morrison,Edmund Barton,Paul Keating,Harold Holt,Harold Holt,,,,history,"opentdb, history",hard,1,opentdb,CC BY-SA 4.0,Open Trivia DB (https://opentdb.com/) — CC BY-SA 4.0,OTDB category: History,true
opentdb-history-383,fact,multi,Who was the Confederate general in the American Civil War?,George A. Custer,Ulysses S. Grant,Robert E. Lee,George B. McClellan,Robert E. Lee,,,,history,"opentdb, history",easy,1,opentdb,CC BY-SA 4.0,Open Trivia DB (https://opentdb.com/) — CC BY-SA 4.0,OTDB category: History,true
opentdb-history-384,fact,multi,What was William Frederick Cody better known as?,Billy the Kid,Buffalo Bill,Wild Bill Hickok,Pawnee Bill,Buffalo Bill,,,,history,"opentdb, history",easy,1,opentdb,CC BY-SA 4.0,Open Trivia DB (https://opentdb.com/) — CC BY-SA 4.0,OTDB category: History,true
opentdb-history-385,fact,multi,"Which country attacked the USS Liberty on June 8, 1967?",Syria,Israel,Iran,Saudi Arabia,Israel,,,,history,"opentdb, history",medium,1,opentdb,CC BY-SA 4.0,Open Trivia DB (https://opentdb.com/) — CC BY-SA 4.0,OTDB category: History,true
opentdb-history-386,fact,multi,Adolf Hitler was born on which date?,"April 16, 1889","February 6, 1889","April 20, 1889","June 12, 1889","April 20, 1889",,,,history,"opentdb, history",medium,1,opentdb,CC BY-SA 4.0,Open Trivia DB (https://opentdb.com/) — CC BY-SA 4.0,OTDB category: History,true
opentdb-history-387,fact,multi,Which Irish village in County Mayo built a tourism industry on the back of an alleged appearance by the Virgin Mary in 1879?,Knock,Ballycastle,Turlough,Swinford,Knock,,,,history,"opentdb, history",hard,1,opentdb,CC BY-SA 4.0,Open Trivia DB (https://opentdb.com/) — CC BY-SA 4.0,OTDB category: History,true
opentdb-history-388,fact,multi,Who was the first man to travel into outer space?,Yuri Gagarin,Buzz Aldrin,"Virgil Ivan ""Gus"" Grissom",Neil Armstrong,Yuri Gagarin,,,,history,"opentdb, history",hard,1,opentdb,CC BY-SA 4.0,Open Trivia DB (https://opentdb.com/) — CC BY-SA 4.0,OTDB category: History,true
opentdb-history-389,fact,multi,The minigun was designed in 1960 by which manufacturer.,General Electric,Heckler & Koch,Sig Sauer,Colt Firearms,General Electric,,,,history,"opentdb, history",medium,1,opentdb,CC BY-SA 4.0,Open Trivia DB (https://opentdb.com/) — CC BY-SA 4.0,OTDB category: History,true
opentdb-history-390,fact,multi,When did the Byzantine Empire collapse?,1453,1353,1498,1299,1453,,,,history,"opentdb, history",easy,1,opentdb,CC BY-SA 4.0,Open Trivia DB (https://opentdb.com/) — CC BY-SA 4.0,OTDB category: History,true
opentdb-history-391,fact,multi,What event marked the start of World War II?,Invasion of Russia (1942),Invasion of Normandy (1944),Battle of Britain (1940),Invasion of Poland (1939),Invasion of Poland (1939),,,,history,"opentdb, history",medium,1,opentdb,CC BY-SA 4.0,Open Trivia DB (https://opentdb.com/) — CC BY-SA 4.0,OTDB category: History,true
opentdb-history-392,fact,multi,What was the capital of South Vietnam before the Vietnam War?,Hanoi,Ho Chi Minh City,Hue,Saigon,Saigon,,,,history,"opentdb, history",medium,1,opentdb,CC BY-SA 4.0,Open Trivia DB (https://opentdb.com/) — CC BY-SA 4.0,OTDB category: History,true
opentdb-history-393,fact,multi,Who assassinated Archduke Franz Ferdinand?,Oskar Potiorek,Nedeljko Čabrinović,Gavrilo Princip,Ferdinand Cohen-Blind,Gavrilo Princip,,,,history,"opentdb, history",medium,1,opentdb,CC BY-SA 4.0,Open Trivia DB (https://opentdb.com/) — CC BY-SA 4.0,OTDB category: History,true
opentdb-history-394,fact,multi,In which war did the atomic bombings of Hiroshima and Nagasaki occur?,Russo-Japanese War,First Sino-Japanese War,World War I,World War II,World War II,,,,history,"opentdb, history",easy,1,opentdb,CC BY-SA 4.0,Open Trivia DB (https://opentdb.com/) — CC BY-SA 4.0,OTDB category: History,true
opentdb-history-395,fact,multi,What is the historical name of Sri Lanka?,Ceylon,Badulla,Myanmar,Colombo,Ceylon,,,,history,"opentdb, history",easy,1,opentdb,CC BY-SA 4.0,Open Trivia DB (https://opentdb.com/) — CC BY-SA 4.0,OTDB category: History,true
opentdb-history-396,fact,multi,Which Las Vegas casino was originally constructed and operated by mobster Bugsy Siegel?,The Sands,The Sahara,The Flamingo,The MGM Grand,The Flamingo,,,,history,"opentdb, history",medium,1,opentdb,CC BY-SA 4.0,Open Trivia DB (https://opentdb.com/) — CC BY-SA 4.0,OTDB category: History,true
opentdb-history-397,fact,multi,Which of the following Assyrian kings did NOT rule during the Neo-Assyrian Empire?,Ashur-nasir-pal II,Shalmaneser V,Esharhaddon,Shamshi-Adad III,Shamshi-Adad III,,,,history,"opentdb, history",medium,1,opentdb,CC BY-SA 4.0,Open Trivia DB (https://opentdb.com/) — CC BY-SA 4.0,OTDB category: History,true
opentdb-history-398,fact,multi,"What was the code name for the Allied invasion of Southern France on August 15th, 1944?",Operation Torch,Operation Dragoon,Operation Market Garden,Operation Overlord,Operation Dragoon,,,,history,"opentdb, history",hard,1,opentdb,CC BY-SA 4.0,Open Trivia DB (https://opentdb.com/) — CC BY-SA 4.0,OTDB category: History,true
opentdb-history-399,fact,multi,Which countries participated in the Lobster War?,Canada and Norway,United States and England,France and Brazil,Australia and New Zealand,France and Brazil,,,,history,"opentdb, history",hard,1,opentdb,CC BY-SA 4.0,Open Trivia DB (https://opentdb.com/) — CC BY-SA 4.0,OTDB category: History,true
opentdb-history-400,fact,multi,On what street did the 1666 Great Fire of London start?,Pudding Lane,St Paul's Cathedral,Baker Street,Houses of Parliament,Pudding Lane,,,,history,"opentdb, history",easy,1,opentdb,CC BY-SA 4.0,Open Trivia DB (https://opentdb.com/) — CC BY-SA 4.0,OTDB category: History,true
opentdb-history-401,fact,multi,Who was a military strategist in the Eastern Zhou period?,Lu Bu,Vlad The Impaler,Sun Tzu,Genghis Khan,Sun Tzu,,,,history,"opentdb, history",medium,1,opentdb,CC BY-SA 4.0,Open Trivia DB (https://opentdb.com/) — CC BY-SA 4.0,OTDB category: History,true
opentdb-history-402,fact,multi,Which of the following battles is often considered as marking the beginning of the fall of the Western Roman Empire?,Battle of Thessalonica,Battle of Constantinople,Battle of Pollentia,Battle of Adrianople,Battle of Adrianople,,,,history,"opentdb, history",medium,1,opentdb,CC BY-SA 4.0,Open Trivia DB (https://opentdb.com/) — CC BY-SA 4.0,OTDB category: History,true
opentdb-history-403,fact,multi,The ancient city of Chichén Itzá was built by which civilization?,Toltecs,Incas,Aztecs,Mayans,Mayans,,,,history,"opentdb, history",hard,1,opentdb,CC BY-SA 4.0,Open Trivia DB (https://opentdb.com/) — CC BY-SA 4.0,OTDB category: History,true
opentdb-history-404,fact,multi,"In World War I, what was the name of the alliance of Germany, Austria-Hungary, the Ottoman Empire, and Bulgaria?",The Central Powers,The Federation of Empires,Authoritarian Alliance,The Axis Powers,The Central Powers,,,,history,"opentdb, history",medium,1,opentdb,CC BY-SA 4.0,Open Trivia DB (https://opentdb.com/) — CC BY-SA 4.0,OTDB category: History,true
opentdb-history-405,fact,multi,"What was the transfer of disease, crops, and people across the Atlantic shortly after the discovery of the Americas called?",Triangle Trade,Transatlantic Slave Trade,The Columbian Exchange,The Silk Road,The Columbian Exchange,,,,history,"opentdb, history",medium,1,opentdb,CC BY-SA 4.0,Open Trivia DB (https://opentdb.com/) — CC BY-SA 4.0,OTDB category: History,true
opentdb-history-406,fact,multi,Who assassinated President James A. Garfield?,Charles Guiteau,Leon Czolgosz,John Wilkes Booth,Sirhan Sirhan,Charles Guiteau,,,,history,"opentdb, history",hard,1,opentdb,CC BY-SA 4.0,Open Trivia DB (https://opentdb.com/) — CC BY-SA 4.0,OTDB category: History,true
opentdb-history-407,fact,multi,Who discovered Penicillin?,Alfred Nobel,Alexander Flemming,Louis Pasteur,Marie Curie,Alexander Flemming,,,,history,"opentdb, history",easy,1,opentdb,CC BY-SA 4.0,Open Trivia DB (https://opentdb.com/) — CC BY-SA 4.0,OTDB category: History,true
opentdb-history-408,fact,multi,Which of his six wives was Henry VIII married to the longest?,Catherine of Aragon,Anne Boleyn,Catherine Parr,Jane Seymour,Catherine of Aragon,,,,history,"opentdb, history",medium,1,opentdb,CC BY-SA 4.0,Open Trivia DB (https://opentdb.com/) — CC BY-SA 4.0,OTDB category: History,true
opentdb-history-409,fact,multi,"In relation to the British Occupation in Ireland, what does the IRA stand for.",Irish Rebel Alliance,Irish Republican Army,Irish Reformation Army,Irish-Royal Alliance,Irish Republican Army,,,,history,"opentdb, history",medium,1,opentdb,CC BY-SA 4.0,Open Trivia DB (https://opentdb.com/) — CC BY-SA 4.0,OTDB category: History,true
opentdb-history-410,fact,multi,"What is the name of the ship which was only a few miles away from the RMS Titanic when it struck an iceberg on April 14, 1912?",Commerce,Californian,Cristol,Carpathia,Californian,,,,history,"opentdb, history",medium,1,opentdb,CC BY-SA 4.0,Open Trivia DB (https://opentdb.com/) — CC BY-SA 4.0,OTDB category: History,true
opentdb-history-411,fact,multi,Who tutored Alexander the Great?,Plato,King Philip,Aristotle,Socrates,Aristotle,,,,history,"opentdb, history",medium,1,opentdb,CC BY-SA 4.0,Open Trivia DB (https://opentdb.com/) — CC BY-SA 4.0,OTDB category: History,true
opentdb-history-412,fact,multi,Who was the first mammal successfully launched into Earth's orbit?,"Belka, the dog","Ham, the chimpanzee","Baker, the monkey","Laika, the dog","Laika, the dog",,,,history,"opentdb, history",medium,1,opentdb,CC BY-SA 4.0,Open Trivia DB (https://opentdb.com/) — CC BY-SA 4.0,OTDB category: History,true
opentdb-history-413,fact,multi,"After the 1516 Battle of Marj Dabiq, the Ottoman Empire took control of Jerusalem from which sultanate?",Mamluk,Ayyubid,Seljuq,Ummayyad,Mamluk,,,,history,"opentdb, history",hard,1,opentdb,CC BY-SA 4.0,Open Trivia DB (https://opentdb.com/) — CC BY-SA 4.0,OTDB category: History,true
opentdb-history-414,fact,multi,"When did L. L. Zamenhof first publish ""Unua Libro"", the first publication describing his international language Esperanto?",1897,1905,1915,1887,1887,,,,history,"opentdb, history",medium,1,opentdb,CC BY-SA 4.0,Open Trivia DB (https://opentdb.com/) — CC BY-SA 4.0,OTDB category: History,true
opentdb-history-415,fact,multi,"What did the abbreviation ""RMS"" stand for in the RMS Titanic in 1912?",Royal Majesty Service,Royal Mail Ship,Regulated Maelstrom Sensor,Regular Maritime Schedule,Royal Mail Ship,,,,history,"opentdb, history",hard,1,opentdb,CC BY-SA 4.0,Open Trivia DB (https://opentdb.com/) — CC BY-SA 4.0,OTDB category: History,true
opentdb-history-416,fact,multi,The gunpowder plot was a well-known failed assassination attempt against which of England's then reigning monarchs?,Charles II,Elizabeth I,Charles I,James I,James I,,,,history,"opentdb, history",medium,1,opentdb,CC BY-SA 4.0,Open Trivia DB (https://opentdb.com/) — CC BY-SA 4.0,OTDB category: History,true
opentdb-history-417,fact,multi,"As poverty and racial tensions pushed African-Americans out of the southern US, many of them moved north in an event known as what?",The Resettlement,The Great Awakening,The Harlem Renaissance,The Great Migration,The Great Migration,,,,history,"opentdb, history",medium,1,opentdb,CC BY-SA 4.0,Open Trivia DB (https://opentdb.com/) — CC BY-SA 4.0,OTDB category: History,true
opentdb-history-418,fact,multi,Which of the following was Brazil was a former colony under?,Portugal,The Netherlands,Spain,France,Portugal,,,,history,"opentdb, history",easy,1,opentdb,CC BY-SA 4.0,Open Trivia DB (https://opentdb.com/) — CC BY-SA 4.0,OTDB category: History,true
opentdb-history-419,fact,multi,How many years did the Hundred Years' War last?,90,100,116,101,116,,,,history,"opentdb, history",medium,1,opentdb,CC BY-SA 4.0,Open Trivia DB (https://opentdb.com/) — CC BY-SA 4.0,OTDB category: History,true
opentdb-history-420,fact,multi,Hong Kong was a part of which country's territory before Britain regained it in 1945?,China,French Indonesia,Phillipines,Japan,Japan,,,,history,"opentdb, history",medium,1,opentdb,CC BY-SA 4.0,Open Trivia DB (https://opentdb.com/) — CC BY-SA 4.0,OTDB category: History,true
opentdb-history-421,fact,multi,Which naval battle was considered the turning point of the Pacific Ocean Theater during World War 2?,Attack on Truk Island,Attack on Pearl Harbor,Battle of the Coral Sea,Battle of Midway,Battle of Midway,,,,history,"opentdb, history",hard,1,opentdb,CC BY-SA 4.0,Open Trivia DB (https://opentdb.com/) — CC BY-SA 4.0,OTDB category: History,true
opentdb-history-422,fact,multi,In what year was the video game company Electronic Arts founded?,1999,1982,2005,1981,1982,,,,history,"opentdb, history",medium,1,opentdb,CC BY-SA 4.0,Open Trivia DB (https://opentdb.com/) — CC BY-SA 4.0,OTDB category: History,true
opentdb-history-423,fact,multi,Which of the following countries was the first to send an object into space?,Germany,Russia,USA,China,Germany,,,,history,"opentdb, history",medium,1,opentdb,CC BY-SA 4.0,Open Trivia DB (https://opentdb.com/) — CC BY-SA 4.0,OTDB category: History,true
opentdb-history-424,fact,multi,Who was the main developer of the Suez Canal?,John Milton,Johann Lukas von Hildebrandt,Ferdinand de Lesseps,Louis-Eugène Cavaignac,Ferdinand de Lesseps,,,,history,"opentdb, history",medium,1,opentdb,CC BY-SA 4.0,Open Trivia DB (https://opentdb.com/) — CC BY-SA 4.0,OTDB category: History,true
opentdb-history-425,fact,multi,Which of the following physicists did NOT work on the Manhattan project?,Richard Feynman,J. Robert Oppenheimer,John Von-Neumann,Murray Gell-Mann,Murray Gell-Mann,,,,history,"opentdb, history",hard,1,opentdb,CC BY-SA 4.0,Open Trivia DB (https://opentdb.com/) — CC BY-SA 4.0,OTDB category: History,true
opentdb-history-426,fact,multi,Who was the only US President to be elected four times?,George Washington,Theodore Roosevelt,Franklin Roosevelt,Abraham Lincoln,Franklin Roosevelt,,,,history,"opentdb, history",medium,1,opentdb,CC BY-SA 4.0,Open Trivia DB (https://opentdb.com/) — CC BY-SA 4.0,OTDB category: History,true
opentdb-history-427,fact,multi,The term Luddite originally applied to disgruntled workers in which industry?,Mining,Textile,Farming,Ceramics,Textile,,,,history,"opentdb, history",hard,1,opentdb,CC BY-SA 4.0,Open Trivia DB (https://opentdb.com/) — CC BY-SA 4.0,OTDB category: History,true
opentdb-history-428,fact,multi,When did the French Revolution begin?,1789,1799,1823,1756,1789,,,,history,"opentdb, history",hard,1,opentdb,CC BY-SA 4.0,Open Trivia DB (https://opentdb.com/) — CC BY-SA 4.0,OTDB category: History,true
opentdb-history-429,fact,multi,"When did the United States formally declare war on Japan, entering World War II?","June 6, 1944","June 22, 1941","December 8, 1941","September 1, 1939","December 8, 1941",,,,history,"opentdb, history",medium,1,opentdb,CC BY-SA 4.0,Open Trivia DB (https://opentdb.com/) — CC BY-SA 4.0,OTDB category: History,true
opentdb-history-430,fact,multi,Which country was Josef Stalin born in?,Poland,Georgia,Russia,Germany,Georgia,,,,history,"opentdb, history",easy,1,opentdb,CC BY-SA 4.0,Open Trivia DB (https://opentdb.com/) — CC BY-SA 4.0,OTDB category: History,true
opentdb-history-431,fact,multi,What year was the Italian firearms manufacturer Beretta founded?,1998,1776,1526,1923,1526,,,,history,"opentdb, history",medium,1,opentdb,CC BY-SA 4.0,Open Trivia DB (https://opentdb.com/) — CC BY-SA 4.0,OTDB category: History,true
opentdb-history-432,fact,multi,What year did the Battle of Agincourt take place?,1415,1401,1422,1463,1415,,,,history,"opentdb, history",medium,1,opentdb,CC BY-SA 4.0,Open Trivia DB (https://opentdb.com/) — CC BY-SA 4.0,OTDB category: History,true
opentdb-history-433,fact,multi,Which of these landmarks is not included in the original 'Seven Wonders of the Ancient World'?,Great Pyramid of Giza,Great Wall of China,Hanging Gardens of Babylon,Colossus of Rhodes,Great Wall of China,,,,history,"opentdb, history",easy,1,opentdb,CC BY-SA 4.0,Open Trivia DB (https://opentdb.com/) — CC BY-SA 4.0,OTDB category: History,true
opentdb-history-434,fact,multi,Which day did World War I begin?,January 28,June 28,April 28,July 28,July 28,,,,history,"opentdb, history",hard,1,opentdb,CC BY-SA 4.0,Open Trivia DB (https://opentdb.com/) — CC BY-SA 4.0,OTDB category: History,true
opentdb-history-435,fact,multi,What is the mnemonic device for remembering the fates of the wives of Henry VIII?,"Divorced, Beheaded, Died, Divorced, Beheaded, Survived","Survived, Beheaded, Died, Divorced, Divorced, Beheaded","Died, Beheaded, Divorced, Beheaded, Survived, Divorced","Beheaded, Died, Divorced, Divorced, Beheaded, Survived","Divorced, Beheaded, Died, Divorced, Beheaded, Survived",,,,history,"opentdb, history",medium,1,opentdb,CC BY-SA 4.0,Open Trivia DB (https://opentdb.com/) — CC BY-SA 4.0,OTDB category: History,true
opentdb-history-436,fact,multi,Where and when was the first cardboard box made for industrial use?,"England, 1917","United States, 1817","United States, 1917","England, 1817","England, 1817",,,,history,"opentdb, history",medium,1,opentdb,CC BY-SA 4.0,Open Trivia DB (https://opentdb.com/) — CC BY-SA 4.0,OTDB category: History,true
opentdb-history-437,fact,multi,Joseph Stalin had a criminal past doing what?,Tax Evasion,Robbing Trains,Murder for Hire,Identity Fraud,Robbing Trains,,,,history,"opentdb, history",medium,1,opentdb,CC BY-SA 4.0,Open Trivia DB (https://opentdb.com/) — CC BY-SA 4.0,OTDB category: History,true
opentdb-history-438,fact,multi,Abolitionist John Brown raided the arsenal in which Virginia Town?,Martinsburg,Richmond,Harper's Ferry,Harrisonburg,Harper's Ferry,,,,history,"opentdb, history",easy,1,opentdb,CC BY-SA 4.0,Open Trivia DB (https://opentdb.com/) — CC BY-SA 4.0,OTDB category: History,true
opentdb-history-439,fact,multi,What year was the United States Declaration of Independence signed?,1775,1776,1774,1777,1776,,,,history,"opentdb, history",hard,1,opentdb,CC BY-SA 4.0,Open Trivia DB (https://opentdb.com/) — CC BY-SA 4.0,OTDB category: History,true
opentdb-history-440,fact,multi,Who was the last Roman emperor in the Year of Four Emperors (69 AD)?,Vespasian,Vitellius,Otho,Galba,Vespasian,,,,history,"opentdb, history",medium,1,opentdb,CC BY-SA 4.0,Open Trivia DB (https://opentdb.com/) — CC BY-SA 4.0,OTDB category: History,true
opentdb-history-441,fact,multi,What was the first sport to have been played on the moon?,Football,Golf,Soccer,Tennis,Golf,,,,history,"opentdb, history",easy,1,opentdb,CC BY-SA 4.0,Open Trivia DB (https://opentdb.com/) — CC BY-SA 4.0,OTDB category: History,true
opentdb-history-442,fact,multi,The crown of the Empire State Building was originally built for what purpose?,Airship Dock,Antennae,Lightning Rod,Flag Pole,Airship Dock,,,,history,"opentdb, history",medium,1,opentdb,CC BY-SA 4.0,Open Trivia DB (https://opentdb.com/) — CC BY-SA 4.0,OTDB category: History,true
opentdb-history-443,fact,multi,The son of which pope supposedly held a lecherous fête involving 50 courtesans in the papal palace?,Innocent V,Alexander VI,Urban II,Pius III,Alexander VI,,,,history,"opentdb, history",hard,1,opentdb,CC BY-SA 4.0,Open Trivia DB (https://opentdb.com/) — CC BY-SA 4.0,OTDB category: History,true
opentdb-history-444,fact,multi,Which country was an allied power in World War II?,Soviet Union,Germany,Italy,Japan,Soviet Union,,,,history,"opentdb, history",medium,1,opentdb,CC BY-SA 4.0,Open Trivia DB (https://opentdb.com/) — CC BY-SA 4.0,OTDB category: History,true
opentdb-history-445,fact,multi,"In the Seven Wonders of the World, which wonder is the only that has survived to this day?",Lighthouse of Alexandria,Colossus of Rhodes,Statue of Zeus at Olympia,Great Pyramid of Giza,Great Pyramid of Giza,,,,history,"opentdb, history",hard,1,opentdb,CC BY-SA 4.0,Open Trivia DB (https://opentdb.com/) — CC BY-SA 4.0,OTDB category: History,true
opentdb-history-446,fact,multi,"What was the aim of the ""Umbrella Revolution"" in Hong Kong in 2014?",Lower taxes,Genuine universal suffrage,Gaining Independence,Go back under British Rule,Genuine universal suffrage,,,,history,"opentdb, history",hard,1,opentdb,CC BY-SA 4.0,Open Trivia DB (https://opentdb.com/) — CC BY-SA 4.0,OTDB category: History,true
opentdb-history-447,fact,multi,How long did World War II last?,5 years,4 years,7 years,6 years,6 years,,,,history,"opentdb, history",easy,1,opentdb,CC BY-SA 4.0,Open Trivia DB (https://opentdb.com/) — CC BY-SA 4.0,OTDB category: History,true
opentdb-history-448,fact,multi,America's Strategic Defense System during the Cold War was nicknamed after this famous movie.,Alien,Jaws,Star Wars,Blade Runner,Star Wars,,,,history,"opentdb, history",medium,1,opentdb,CC BY-SA 4.0,Open Trivia DB (https://opentdb.com/) — CC BY-SA 4.0,OTDB category: History,true
opentdb-history-449,fact,multi,What year were the Marian Reforms instituted in the Roman Republic?,102 CE,42 BCE,264 BCE,107 BCE,107 BCE,,,,history,"opentdb, history",medium,1,opentdb,CC BY-SA 4.0,Open Trivia DB (https://opentdb.com/) — CC BY-SA 4.0,OTDB category: History,true
opentdb-history-450,fact,multi,Which of the following is NOT classified as a Semetic language?,Maltese,Mandaic,Sumerian,Akkadian,Sumerian,,,,history,"opentdb, history",medium,1,opentdb,CC BY-SA 4.0,Open Trivia DB (https://opentdb.com/) — CC BY-SA 4.0,OTDB category: History,true
opentdb-history-451,fact,multi,Where was Abraham Lincoln when he was assassinated by John Wilkes Booth in 1865?,On his horse,On a boat,In bed,At the theatre,At the theatre,,,,history,"opentdb, history",medium,1,opentdb,CC BY-SA 4.0,Open Trivia DB (https://opentdb.com/) — CC BY-SA 4.0,OTDB category: History,true
opentdb-history-452,fact,multi,Who was the first Chancellor of a united Germany in 1871?,Robert Koch,Kaiser Wilhelm,Fredrick the 2nd,Otto Von Bismark,Otto Von Bismark,,,,history,"opentdb, history",medium,1,opentdb,CC BY-SA 4.0,Open Trivia DB (https://opentdb.com/) — CC BY-SA 4.0,OTDB category: History,true
opentdb-history-453,fact,multi,When is the Ides of March?,March 1,March 14,March 15,March 31,March 15,,,,history,"opentdb, history",easy,1,opentdb,CC BY-SA 4.0,Open Trivia DB (https://opentdb.com/) — CC BY-SA 4.0,OTDB category: History,true
opentdb-history-454,fact,multi,The Korean War started in what year?,1950,1945,1960,1912,1950,,,,history,"opentdb, history",medium,1,opentdb,CC BY-SA 4.0,Open Trivia DB (https://opentdb.com/) — CC BY-SA 4.0,OTDB category: History,true
opentdb-history-455,fact,multi,Pol Pot was the former dictator of which country?,Vietnam,North Korea,Laos,Cambodia,Cambodia,,,,history,"opentdb, history",easy,1,opentdb,CC BY-SA 4.0,Open Trivia DB (https://opentdb.com/) — CC BY-SA 4.0,OTDB category: History,true
opentdb-history-456,fact,multi,"Which building was set aflame on August 24th, 1812?",Grand National Assembly Building,Palace of the Nation,The White House,Parliament Building,The White House,,,,history,"opentdb, history",medium,1,opentdb,CC BY-SA 4.0,Open Trivia DB (https://opentdb.com/) — CC BY-SA 4.0,OTDB category: History,true
opentdb-history-457,fact,multi,The Herero genocide was perpetrated in Africa by which of the following colonial nations?,Belgium,Britain,Germany,France,Germany,,,,history,"opentdb, history",medium,1,opentdb,CC BY-SA 4.0,Open Trivia DB (https://opentdb.com/) — CC BY-SA 4.0,OTDB category: History,true
opentdb-history-458,fact,multi,"Which infamous European traitor was known as ""the last person to enter Parliament with honest intentions""?",Robert Catesby,Everard Digby,Guy Fawkes,Francis Tresham,Guy Fawkes,,,,history,"opentdb, history",medium,1,opentdb,CC BY-SA 4.0,Open Trivia DB (https://opentdb.com/) — CC BY-SA 4.0,OTDB category: History,true
opentdb-history-459,fact,multi,When did the British hand-over sovereignty of Hong Kong back to China?,1900,1841,1999,1997,1997,,,,history,"opentdb, history",medium,1,opentdb,CC BY-SA 4.0,Open Trivia DB (https://opentdb.com/) — CC BY-SA 4.0,OTDB category: History,true
opentdb-history-460,fact,multi,The Panama Canal was finished under the administration of which U.S. president?,Woodrow Wilson,Theodore Roosevelt,Herbert Hoover,Franklin Delano Roosevelt,Woodrow Wilson,,,,history,"opentdb, history",medium,1,opentdb,CC BY-SA 4.0,Open Trivia DB (https://opentdb.com/) — CC BY-SA 4.0,OTDB category: History,true
opentdb-history-461,fact,multi,Which of these founding fathers of the United States of America later became president?,Roger Sherman,Alexander Hamilton,James Monroe,Samuel Adams,James Monroe,,,,history,"opentdb, history",medium,1,opentdb,CC BY-SA 4.0,Open Trivia DB (https://opentdb.com/) — CC BY-SA 4.0,OTDB category: History,true
opentdb-history-462,fact,multi,What was the name commonly given to the ancient trade routes that connected the East and West of Eurasia?,Silk Road,Salt Road,Spice Road,Clay Road,Silk Road,,,,history,"opentdb, history",easy,1,opentdb,CC BY-SA 4.0,Open Trivia DB (https://opentdb.com/) — CC BY-SA 4.0,OTDB category: History,true
opentdb-history-463,fact,multi,Which country were potatoes originally grown?,Ireland,Peru,New Zealand,United States,Peru,,,,history,"opentdb, history",hard,1,opentdb,CC BY-SA 4.0,Open Trivia DB (https://opentdb.com/) — CC BY-SA 4.0,OTDB category: History,true
opentdb-history-464,fact,multi,A collection of Sanskrit hymns and verses known as the Vedas are sacred texts in what religion?,Islam,Buddhism,Judaism,Hinduism,Hinduism,,,,history,"opentdb, history",easy,1,opentdb,CC BY-SA 4.0,Open Trivia DB (https://opentdb.com/) — CC BY-SA 4.0,OTDB category: History,true
opentdb-history-465,fact,multi,How many women joined the United States Armed Services during World War II?,"500,000","225,000","350,000","100,000","350,000",,,,history,"opentdb, history",hard,1,opentdb,CC BY-SA 4.0,Open Trivia DB (https://opentdb.com/) — CC BY-SA 4.0,OTDB category: History,true
opentdb-history-466,fact,multi,What disease crippled President Franklin D. Roosevelt and led him to help the nation find a cure?,Meningitis,HIV,Polio,Cancer,Polio,,,,history,"opentdb, history",medium,1,opentdb,CC BY-SA 4.0,Open Trivia DB (https://opentdb.com/) — CC BY-SA 4.0,OTDB category: History,true
opentdb-history-467,fact,multi,"Which modern country is known as ""The Graveyard of Empires""?",Afghanistan,Russia,China,Iraq,Afghanistan,,,,history,"opentdb, history",easy,1,opentdb,CC BY-SA 4.0,Open Trivia DB (https://opentdb.com/) — CC BY-SA 4.0,OTDB category: History,true
opentdb-history-468,fact,multi,"When Christopher Columbus sailed to America, what was the first region he arrived in?",The Bahamas Archipelago,Isthmus of Panama,Nicaragua,Florida,The Bahamas Archipelago,,,,history,"opentdb, history",medium,1,opentdb,CC BY-SA 4.0,Open Trivia DB (https://opentdb.com/) — CC BY-SA 4.0,OTDB category: History,true
opentdb-history-469,fact,multi,Which of the following Presidents of the United States was assassinated?,Chester Arthur,William McKinley,Lyndon Johnson,Franklin Roosevelt,William McKinley,,,,history,"opentdb, history",medium,1,opentdb,CC BY-SA 4.0,Open Trivia DB (https://opentdb.com/) — CC BY-SA 4.0,OTDB category: History,true
opentdb-history-470,fact,multi,What was the name of the national hero of the Philippines who inspired and lead the Philippine Revolution against colonial Spain?,Benito Juárez,Simón Bolívar,José Rizal,José de San Martín,José Rizal,,,,history,"opentdb, history",medium,1,opentdb,CC BY-SA 4.0,Open Trivia DB (https://opentdb.com/) — CC BY-SA 4.0,OTDB category: History,true
opentdb-history-471,fact,multi,Which of the following is not in the Indo-European language family?,Finnish,Hindi,Russian,English,Finnish,,,,history,"opentdb, history",medium,1,opentdb,CC BY-SA 4.0,Open Trivia DB (https://opentdb.com/) — CC BY-SA 4.0,OTDB category: History,true
opentdb-history-472,fact,multi,The creator of the Enigma Cypher and Machine was of what nationality?,American,German,Polish,British,German,,,,history,"opentdb, history",medium,1,opentdb,CC BY-SA 4.0,Open Trivia DB (https://opentdb.com/) — CC BY-SA 4.0,OTDB category: History,true
opentdb-history-473,fact,multi,Who was the President of the United States during the signing of the Gadsden Purchase?,Abraham Lincoln,James Polk,Franklin Pierce,Andrew Johnson,Franklin Pierce,,,,history,"opentdb, history",hard,1,opentdb,CC BY-SA 4.0,Open Trivia DB (https://opentdb.com/) — CC BY-SA 4.0,OTDB category: History,true
opentdb-history-474,fact,multi,Who was the British Prime Minister at the outbreak of the Second World War in 1939?,Ramsay MacDonald,Winston Churchill,Stanley Baldwin,Neville Chamberlain,Neville Chamberlain,,,,history,"opentdb, history",hard,1,opentdb,CC BY-SA 4.0,Open Trivia DB (https://opentdb.com/) — CC BY-SA 4.0,OTDB category: History,true
opentdb-history-475,fact,multi,Who was the first president of Kenya?,Jomo Kenyatta,Daniel Moi,Oginga Odinga,Tom Mboya,Jomo Kenyatta,,,,history,"opentdb, history",easy,1,opentdb,CC BY-SA 4.0,Open Trivia DB (https://opentdb.com/) — CC BY-SA 4.0,OTDB category: History,true
opentdb-history-476,fact,multi,"Before the American colonies switched to the Gregorian calendar in 1752, on what date did their new year start?",March 25th,September 25th,December 1st,June 1st,March 25th,,,,history,"opentdb, history",hard,1,opentdb,CC BY-SA 4.0,Open Trivia DB (https://opentdb.com/) — CC BY-SA 4.0,OTDB category: History,true
opentdb-history-477,fact,multi,In which years did the Battle of Gallipoli take place?,1915 - 1918,1915 - 1916,1914 - 1918,1914 - 1915,1915 - 1916,,,,history,"opentdb, history",medium,1,opentdb,CC BY-SA 4.0,Open Trivia DB (https://opentdb.com/) — CC BY-SA 4.0,OTDB category: History,true
opentdb-history-478,fact,multi,What is the name of the famous Apache leader who died in 1909 at the age of 70?,Geronimo,Red Cloud,Sitting Bull,Crazy Horse,Geronimo,,,,history,"opentdb, history",medium,1,opentdb,CC BY-SA 4.0,Open Trivia DB (https://opentdb.com/) — CC BY-SA 4.0,OTDB category: History,true
opentdb-history-479,fact,multi,Which game was the Game of the Year in 2018?,Detroit: Become Human,A Way Out,Red Dead Redemption 2,God of War,God of War,,,,history,"opentdb, history",easy,1,opentdb,CC BY-SA 4.0,Open Trivia DB (https://opentdb.com/) — CC BY-SA 4.0,OTDB category: History,true
opentdb-history-480,fact,multi,When was Adolf Hitler appointed as Chancellor of Germany?,"February 27, 1933","January 30, 1933","September 1, 1939","October 6, 1939","January 30, 1933",,,,history,"opentdb, history",hard,1,opentdb,CC BY-SA 4.0,Open Trivia DB (https://opentdb.com/) — CC BY-SA 4.0,OTDB category: History,true
opentdb-computers-481,fact,multi,What is the name of the process that sends one qubit of information using two bits of classical information?,Quantum Teleportation,Quantum Entanglement,Super Dense Coding,Quantum Programming,Quantum Teleportation,,,,computers,"opentdb, computers",hard,1,opentdb,CC BY-SA 4.0,Open Trivia DB (https://opentdb.com/) — CC BY-SA 4.0,OTDB category: Science: Computers,true
opentdb-computers-482,fact,multi,Which SQL keyword is used to fetch data from a database?,VALUES,EXEC,SELECT,INDEX,SELECT,,,,computers,"opentdb, computers",easy,1,opentdb,CC BY-SA 4.0,Open Trivia DB (https://opentdb.com/) — CC BY-SA 4.0,OTDB category: Science: Computers,true
opentdb-computers-483,fact,multi,Which of the following is the oldest of these computers by release date?,Apple 3,TRS-80,Commodore 64,ZX Spectrum,TRS-80,,,,computers,"opentdb, computers",hard,1,opentdb,CC BY-SA 4.0,Open Trivia DB (https://opentdb.com/) — CC BY-SA 4.0,OTDB category: Science: Computers,true
opentdb-computers-484,fact,multi,What was the first Android version specifically optimized for tablets?,Marshmellow,Honeycomb,Froyo,Eclair,Honeycomb,,,,computers,"opentdb, computers",medium,1,opentdb,CC BY-SA 4.0,Open Trivia DB (https://opentdb.com/) — CC BY-SA 4.0,OTDB category: Science: Computers,true
opentdb-computers-485,fact,multi,"According to the International System of Units, how many bytes are in a kilobyte of RAM?",1000,1024,512,500,1000,,,,computers,"opentdb, computers",easy,1,opentdb,CC BY-SA 4.0,Open Trivia DB (https://opentdb.com/) — CC BY-SA 4.0,OTDB category: Science: Computers,true
opentdb-computers-486,fact,multi,Which of these names was an actual codename for a cancelled Microsoft project?,Pollux,Enceladus,Saturn,Neptune,Neptune,,,,computers,"opentdb, computers",hard,1,opentdb,CC BY-SA 4.0,Open Trivia DB (https://opentdb.com/) — CC BY-SA 4.0,OTDB category: Science: Computers,true
opentdb-computers-487,fact,multi,Which of the following languages is used as a scripting language in the Unity 3D game engine?,Objective-C,Java,C#,C++,C#,,,,computers,"opentdb, computers",medium,1,opentdb,CC BY-SA 4.0,Open Trivia DB (https://opentdb.com/) — CC BY-SA 4.0,OTDB category: Science: Computers,true
opentdb-computers-488,fact,multi,Which internet company began life as an online bookstore called 'Cadabra'?,eBay,Shopify,Overstock,Amazon,Amazon,,,,computers,"opentdb, computers",medium,1,opentdb,CC BY-SA 4.0,Open Trivia DB (https://opentdb.com/) — CC BY-SA 4.0,OTDB category: Science: Computers,true
opentdb-computers-489,fact,multi,How fast is USB 3.1 Gen 2 theoretically?,1 Gb/s,5 Gb/s,10 Gb/s,8 Gb/s,10 Gb/s,,,,computers,"opentdb, computers",medium,1,opentdb,CC BY-SA 4.0,Open Trivia DB (https://opentdb.com/) — CC BY-SA 4.0,OTDB category: Science: Computers,true
opentdb-computers-490,fact,multi,What amount of bits commonly equals one byte?,8,64,1,2,8,,,,computers,"opentdb, computers",easy,1,opentdb,CC BY-SA 4.0,Open Trivia DB (https://opentdb.com/) — CC BY-SA 4.0,OTDB category: Science: Computers,true
opentdb-computers-491,fact,multi,What is the codename of the eighth generation Intel Core micro-architecture launched in October 2017?,Skylake,Coffee Lake,Broadwell,Sandy Bridge,Coffee Lake,,,,computers,"opentdb, computers",hard,1,opentdb,CC BY-SA 4.0,Open Trivia DB (https://opentdb.com/) — CC BY-SA 4.0,OTDB category: Science: Computers,true
opentdb-computers-492,fact,multi,"In the programming language ""Python"", which of these statements would display the string ""Hello World"" correctly?","print(""Hello World"")","printf(""Hello World"")","echo ""Hello World""","console.log(""Hello World"")","print(""Hello World"")",,,,computers,"opentdb, computers",medium,1,opentdb,CC BY-SA 4.0,Open Trivia DB (https://opentdb.com/) — CC BY-SA 4.0,OTDB category: Science: Computers,true
opentdb-computers-493,fact,multi,"In any programming language, what is the most common way to iterate through an array?",'Do-while' loops,'For' loops,'If' Statements,'While' loops,'For' loops,,,,computers,"opentdb, computers",easy,1,opentdb,CC BY-SA 4.0,Open Trivia DB (https://opentdb.com/) — CC BY-SA 4.0,OTDB category: Science: Computers,true
opentdb-computers-494,fact,multi,"When Gmail first launched, how much storage did it provide for your email?",5GB,1GB,Unlimited,512MB,1GB,,,,computers,"opentdb, computers",easy,1,opentdb,CC BY-SA 4.0,Open Trivia DB (https://opentdb.com/) — CC BY-SA 4.0,OTDB category: Science: Computers,true
opentdb-computers-495,fact,multi,What is the most preferred image format used for logos in the Wikimedia database?,.svg,.png,.jpeg,.gif,.svg,,,,computers,"opentdb, computers",easy,1,opentdb,CC BY-SA 4.0,Open Trivia DB (https://opentdb.com/) — CC BY-SA 4.0,OTDB category: Science: Computers,true
opentdb-computers-496,fact,multi,What was the name given to Android 4.3?,Jelly Bean,Lollipop,Nutella,Froyo,Jelly Bean,,,,computers,"opentdb, computers",medium,1,opentdb,CC BY-SA 4.0,Open Trivia DB (https://opentdb.com/) — CC BY-SA 4.0,OTDB category: Science: Computers,true
opentdb-computers-497,fact,multi,Which of these is the name for the failed key escrow device introduced by the National Security Agency in 1993?,Skipjack,Enigma Machine,Nautilus,Clipper Chip,Clipper Chip,,,,computers,"opentdb, computers",medium,1,opentdb,CC BY-SA 4.0,Open Trivia DB (https://opentdb.com/) — CC BY-SA 4.0,OTDB category: Science: Computers,true
opentdb-computers-498,fact,multi,Which of the following physical typologies are used with Ethernet Networks?,Ring,Hex,Star,Mesh,Star,,,,computers,"opentdb, computers",hard,1,opentdb,CC BY-SA 4.0,Open Trivia DB (https://opentdb.com/) — CC BY-SA 4.0,OTDB category: Science: Computers,true
opentdb-computers-499,fact,multi,Color model CMYK stands for?,"Cyan, Magenta, Yellow, and Black","Cream, Maroon, Yellow, and Khaki","Cyan, Magenta, Yellow, and Khaki","Cream, Maroon, Yellow, and Black","Cyan, Magenta, Yellow, and Black",,,,computers,"opentdb, computers",easy,1,opentdb,CC BY-SA 4.0,Open Trivia DB (https://opentdb.com/) — CC BY-SA 4.0,OTDB category: Science: Computers,true
opentdb-computers-500,fact,multi,.at is the top-level domain for what country?,Angola,Austria,Argentina,Australia,Austria,,,,computers,"opentdb, computers",medium,1,opentdb,CC BY-SA 4.0,Open Trivia DB (https://opentdb.com/) — CC BY-SA 4.0,OTDB category: Science: Computers,true
opentdb-computers-501,fact,multi,"When was the programming language ""C#"" released?",1998,1999,2001,2000,2000,,,,computers,"opentdb, computers",medium,1,opentdb,CC BY-SA 4.0,Open Trivia DB (https://opentdb.com/) — CC BY-SA 4.0,OTDB category: Science: Computers,true
opentdb-computers-502,fact,multi,"The computer OEM manufacturer Clevo, known for its Sager notebook line, is based in which country?",United States,Taiwan,Germany,China (People's Republic of),Taiwan,,,,computers,"opentdb, computers",medium,1,opentdb,CC BY-SA 4.0,Open Trivia DB (https://opentdb.com/) — CC BY-SA 4.0,OTDB category: Science: Computers,true
opentdb-computers-503,fact,multi,Approximately how many Apple I personal computers were created?,500,200,1000,100,200,,,,computers,"opentdb, computers",medium,1,opentdb,CC BY-SA 4.0,Open Trivia DB (https://opentdb.com/) — CC BY-SA 4.0,OTDB category: Science: Computers,true
opentdb-computers-504,fact,multi,Whistler was the codename of this Microsoft Operating System.,Windows 2000,Windows 7,Windows XP,Windows 95,Windows XP,,,,computers,"opentdb, computers",medium,1,opentdb,CC BY-SA 4.0,Open Trivia DB (https://opentdb.com/) — CC BY-SA 4.0,OTDB category: Science: Computers,true
opentdb-computers-505,fact,multi,What does AD stand for in relation to Windows Operating Systems?,Automated Database,Active Directory,Alternative Drive,Active Department,Active Directory,,,,computers,"opentdb, computers",medium,1,opentdb,CC BY-SA 4.0,Open Trivia DB (https://opentdb.com/) — CC BY-SA 4.0,OTDB category: Science: Computers,true
opentdb-computers-506,fact,multi,Which of these people was NOT a founder of Apple Inc?,Steve Jobs,Steve Wozniak,Ronald Wayne,Jonathan Ive,Jonathan Ive,,,,computers,"opentdb, computers",medium,1,opentdb,CC BY-SA 4.0,Open Trivia DB (https://opentdb.com/) — CC BY-SA 4.0,OTDB category: Science: Computers,true
opentdb-computers-507,fact,multi,The name of technology company HP stands for what?,Hellman-Pohl,Hewlett-Packard,Howard Packmann,Husker-Pollosk,Hewlett-Packard,,,,computers,"opentdb, computers",medium,1,opentdb,CC BY-SA 4.0,Open Trivia DB (https://opentdb.com/) — CC BY-SA 4.0,OTDB category: Science: Computers,true
opentdb-computers-508,fact,multi,How many bytes are in a single Kibibyte?,1024,2400,1240,1000,1024,,,,computers,"opentdb, computers",medium,1,opentdb,CC BY-SA 4.0,Open Trivia DB (https://opentdb.com/) — CC BY-SA 4.0,OTDB category: Science: Computers,true
opentdb-computers-509,fact,multi,The Windows OS was delevoped by which company?,Apple,IBM,Nokia,Microsoft,Microsoft,,,,computers,"opentdb, computers",easy,1,opentdb,CC BY-SA 4.0,Open Trivia DB (https://opentdb.com/) — CC BY-SA 4.0,OTDB category: Science: Computers,true
opentdb-computers-510,fact,multi,Who is the founder of Palantir?,Mark Zuckerberg,Peter Thiel,Jack Dorsey,Marc Benioff,Peter Thiel,,,,computers,"opentdb, computers",hard,1,opentdb,CC BY-SA 4.0,Open Trivia DB (https://opentdb.com/) — CC BY-SA 4.0,OTDB category: Science: Computers,true
opentdb-computers-511,fact,multi,"What does the ""MP"" stand for in MP3?",Multi Pass,Moving Picture,Music Player,Micro Point,Moving Picture,,,,computers,"opentdb, computers",easy,1,opentdb,CC BY-SA 4.0,Open Trivia DB (https://opentdb.com/) — CC BY-SA 4.0,OTDB category: Science: Computers,true
opentdb-computers-512,fact,multi,"In networking, what does OSPF stand for?",Open Signal Path Finder,Order State Part First,Order Sense Ping Find,Open Shortest Path First,Open Shortest Path First,,,,computers,"opentdb, computers",easy,1,opentdb,CC BY-SA 4.0,Open Trivia DB (https://opentdb.com/) — CC BY-SA 4.0,OTDB category: Science: Computers,true
opentdb-computers-513,fact,multi,"In computing, how many bits are in a nibble?",4,16,2,32,4,,,,computers,"opentdb, computers",easy,1,opentdb,CC BY-SA 4.0,Open Trivia DB (https://opentdb.com/) — CC BY-SA 4.0,OTDB category: Science: Computers,true
opentdb-computers-514,fact,multi,The programming language 'Swift' was created to replace what other programming language?,C++,Ruby,Objective-C,C#,Objective-C,,,,computers,"opentdb, computers",easy,1,opentdb,CC BY-SA 4.0,Open Trivia DB (https://opentdb.com/) — CC BY-SA 4.0,OTDB category: Science: Computers,true
opentdb-computers-515,fact,multi,The C programming language was created by this American computer scientist.,Willis Ware,Tim Berners Lee,al-Khwārizmī,Dennis Ritchie,Dennis Ritchie,,,,computers,"opentdb, computers",easy,1,opentdb,CC BY-SA 4.0,Open Trivia DB (https://opentdb.com/) — CC BY-SA 4.0,OTDB category: Science: Computers,true
opentdb-computers-516,fact,multi,This mobile OS held the largest market share in 2012.,BlackBerry,Symbian,iOS,Android,iOS,,,,computers,"opentdb, computers",easy,1,opentdb,CC BY-SA 4.0,Open Trivia DB (https://opentdb.com/) — CC BY-SA 4.0,OTDB category: Science: Computers,true
opentdb-computers-517,fact,multi,What is the name given to layer 4 of the Open Systems Interconnection (ISO) model?,Transport,Data link,Network,Session,Transport,,,,computers,"opentdb, computers",hard,1,opentdb,CC BY-SA 4.0,Open Trivia DB (https://opentdb.com/) — CC BY-SA 4.0,OTDB category: Science: Computers,true
opentdb-computers-518,fact,multi,What is the domain name for the country Tuvalu?,.tt,.tv,.tl,.tu,.tv,,,,computers,"opentdb, computers",easy,1,opentdb,CC BY-SA 4.0,Open Trivia DB (https://opentdb.com/) — CC BY-SA 4.0,OTDB category: Science: Computers,true
opentdb-computers-519,fact,multi,"In programming, the ternary operator is mostly defined with what symbol(s)?",if then,??,?:,?,?:,,,,computers,"opentdb, computers",medium,1,opentdb,CC BY-SA 4.0,Open Trivia DB (https://opentdb.com/) — CC BY-SA 4.0,OTDB category: Science: Computers,true
opentdb-computers-520,fact,multi,"The acronym ""RIP"" stands for which of these?",Runtime Instance Processes,Routine Inspection Protocol,Regular Interval Processes,Routing Information Protocol,Routing Information Protocol,,,,computers,"opentdb, computers",hard,1,opentdb,CC BY-SA 4.0,Open Trivia DB (https://opentdb.com/) — CC BY-SA 4.0,OTDB category: Science: Computers,true
opentdb-computers-521,fact,multi,Which one of these is not an official development name for a Ubuntu release?,Utopic Unicorn,Mystic Mansion,Wily Werewolf,Trusty Tahr,Mystic Mansion,,,,computers,"opentdb, computers",medium,1,opentdb,CC BY-SA 4.0,Open Trivia DB (https://opentdb.com/) — CC BY-SA 4.0,OTDB category: Science: Computers,true
opentdb-computers-522,fact,multi,What is the code name for the mobile operating system Android 7.0?,Nougat,Marshmallow,Jelly Bean,Ice Cream Sandwich,Nougat,,,,computers,"opentdb, computers",easy,1,opentdb,CC BY-SA 4.0,Open Trivia DB (https://opentdb.com/) — CC BY-SA 4.0,OTDB category: Science: Computers,true
opentdb-computers-523,fact,multi,"In web design, what does CSS stand for?",Cascading Style Sheet,Counter Strike: Source,Computer Style Sheet,Corrective Style Sheet,Cascading Style Sheet,,,,computers,"opentdb, computers",easy,1,opentdb,CC BY-SA 4.0,Open Trivia DB (https://opentdb.com/) — CC BY-SA 4.0,OTDB category: Science: Computers,true
opentdb-computers-524,fact,multi,How many values can a single byte represent?,1024,256,1,8,256,,,,computers,"opentdb, computers",easy,1,opentdb,CC BY-SA 4.0,Open Trivia DB (https://opentdb.com/) — CC BY-SA 4.0,OTDB category: Science: Computers,true
opentdb-computers-525,fact,multi,Linus Torvalds created which of these?,Python,Linux,Microsoft Windows,Wikipedia,Linux,,,,computers,"opentdb, computers",medium,1,opentdb,CC BY-SA 4.0,Open Trivia DB (https://opentdb.com/) — CC BY-SA 4.0,OTDB category: Science: Computers,true
opentdb-computers-526,fact,multi,How many bits make up the significand portion of a single precision floating point number?,8,23,53,15,23,,,,computers,"opentdb, computers",medium,1,opentdb,CC BY-SA 4.0,Open Trivia DB (https://opentdb.com/) — CC BY-SA 4.0,OTDB category: Science: Computers,true
opentdb-computers-527,fact,multi,What language does Node.js use?,Joomla Source Code,JavaScript,Java,Java Source,JavaScript,,,,computers,"opentdb, computers",easy,1,opentdb,CC BY-SA 4.0,Open Trivia DB (https://opentdb.com/) — CC BY-SA 4.0,OTDB category: Science: Computers,true
opentdb-computers-528,fact,multi,"In programming, what do you call functions with the same name but different implementations?",Inheriting,Overriding,Abstracting,Overloading,Overloading,,,,computers,"opentdb, computers",medium,1,opentdb,CC BY-SA 4.0,Open Trivia DB (https://opentdb.com/) — CC BY-SA 4.0,OTDB category: Science: Computers,true
opentdb-computers-529,fact,multi,Which of these was the name of a bug found in April 2014 in the publicly available OpenSSL cryptography library?,Shellscript,Corrupted Blood,Shellshock,Heartbleed,Heartbleed,,,,computers,"opentdb, computers",hard,1,opentdb,CC BY-SA 4.0,Open Trivia DB (https://opentdb.com/) — CC BY-SA 4.0,OTDB category: Science: Computers,true
opentdb-computers-530,fact,multi,How many kilobytes in one gigabyte (in decimal)?,1048576,1024,1000,1000000,1000000,,,,computers,"opentdb, computers",easy,1,opentdb,CC BY-SA 4.0,Open Trivia DB (https://opentdb.com/) — CC BY-SA 4.0,OTDB category: Science: Computers,true
opentdb-computers-531,fact,multi,What does CPU stand for?,Computer Personal Unit,Central Process Unit,Central Processing Unit,Central Processor Unit,Central Processing Unit,,,,computers,"opentdb, computers",easy,1,opentdb,CC BY-SA 4.0,Open Trivia DB (https://opentdb.com/) — CC BY-SA 4.0,OTDB category: Science: Computers,true
opentdb-computers-532,fact,multi,What programming language was GitHub written in?,Lua,JavaScript,Python,Ruby,Ruby,,,,computers,"opentdb, computers",easy,1,opentdb,CC BY-SA 4.0,Open Trivia DB (https://opentdb.com/) — CC BY-SA 4.0,OTDB category: Science: Computers,true
opentdb-computers-533,fact,multi,On which day did the World Wide Web go online?,"November 24, 1995","November 12, 1990","December 17, 1996","December 20, 1990","December 20, 1990",,,,computers,"opentdb, computers",medium,1,opentdb,CC BY-SA 4.0,Open Trivia DB (https://opentdb.com/) — CC BY-SA 4.0,OTDB category: Science: Computers,true
opentdb-computers-534,fact,multi,"Who invented the ""Spanning Tree Protocol""?",Paul Vixie,Vint Cerf,Michael Roberts,Radia Perlman,Radia Perlman,,,,computers,"opentdb, computers",hard,1,opentdb,CC BY-SA 4.0,Open Trivia DB (https://opentdb.com/) — CC BY-SA 4.0,OTDB category: Science: Computers,true
opentdb-computers-535,fact,multi,HTML is what type of language?,Markup Language,Scripting Language,Macro Language,Programming Language,Markup Language,,,,computers,"opentdb, computers",easy,1,opentdb,CC BY-SA 4.0,Open Trivia DB (https://opentdb.com/) — CC BY-SA 4.0,OTDB category: Science: Computers,true
opentdb-computers-536,fact,multi,All of the following programs are classified as raster graphics editors EXCEPT:,Inkscape,GIMP,Paint.NET,Adobe Photoshop,Inkscape,,,,computers,"opentdb, computers",medium,1,opentdb,CC BY-SA 4.0,Open Trivia DB (https://opentdb.com/) — CC BY-SA 4.0,OTDB category: Science: Computers,true
opentdb-computers-537,fact,multi,Which of these is not a layer in the OSI model for data communications?,Transport Layer,Physical Layer,Application Layer,Connection Layer,Connection Layer,,,,computers,"opentdb, computers",hard,1,opentdb,CC BY-SA 4.0,Open Trivia DB (https://opentdb.com/) — CC BY-SA 4.0,OTDB category: Science: Computers,true
opentdb-computers-538,fact,multi,"In HTML, which non-standard tag used to be be used to make elements scroll across the viewport?",<marquee></marquee>,<scroll></scroll>,<move></move>,<slide></slide>,<marquee></marquee>,,,,computers,"opentdb, computers",medium,1,opentdb,CC BY-SA 4.0,Open Trivia DB (https://opentdb.com/) — CC BY-SA 4.0,OTDB category: Science: Computers,true
opentdb-computers-539,fact,multi,Which coding language was the #1 programming language in terms of usage on GitHub in 2015?,JavaScript,C#,PHP,Python,JavaScript,,,,computers,"opentdb, computers",medium,1,opentdb,CC BY-SA 4.0,Open Trivia DB (https://opentdb.com/) — CC BY-SA 4.0,OTDB category: Science: Computers,true
opentdb-computers-540,fact,multi,What internet protocol was documented in RFC 1459?,HTTPS,IRC,FTP,HTTP,IRC,,,,computers,"opentdb, computers",hard,1,opentdb,CC BY-SA 4.0,Open Trivia DB (https://opentdb.com/) — CC BY-SA 4.0,OTDB category: Science: Computers,true
opentdb-computers-541,fact,multi,Which programming language was developed by Sun Microsystems in 1995?,Python,C++,Java,Solaris OS,Java,,,,computers,"opentdb, computers",medium,1,opentdb,CC BY-SA 4.0,Open Trivia DB (https://opentdb.com/) — CC BY-SA 4.0,OTDB category: Science: Computers,true
opentdb-computers-542,fact,multi,Which of the following is NOT a computer science algorithm?,Bubble Sort,Quick Sort,Merge Sort,Float Sort,Float Sort,,,,computers,"opentdb, computers",hard,1,opentdb,CC BY-SA 4.0,Open Trivia DB (https://opentdb.com/) — CC BY-SA 4.0,OTDB category: Science: Computers,true
opentdb-computers-543,fact,multi,Which operating system was released first?,Windows,Linux,OS/2,Mac OS,Mac OS,,,,computers,"opentdb, computers",medium,1,opentdb,CC BY-SA 4.0,Open Trivia DB (https://opentdb.com/) — CC BY-SA 4.0,OTDB category: Science: Computers,true
opentdb-computers-544,fact,multi,The Harvard architecture for micro-controllers added which additional bus?,Instruction,Address,Data,Control,Instruction,,,,computers,"opentdb, computers",hard,1,opentdb,CC BY-SA 4.0,Open Trivia DB (https://opentdb.com/) — CC BY-SA 4.0,OTDB category: Science: Computers,true
opentdb-computers-545,fact,multi,What does LTS stand for in the software market?,Long Term Support,Long Taco Service,Ludicrous Turbo Speed,Ludicrous Transfer Speed,Long Term Support,,,,computers,"opentdb, computers",easy,1,opentdb,CC BY-SA 4.0,Open Trivia DB (https://opentdb.com/) — CC BY-SA 4.0,OTDB category: Science: Computers,true
opentdb-computers-546,fact,multi,What does GHz stand for?,Gigahatz,Gigahertz,Gigahotz,Gigahetz,Gigahertz,,,,computers,"opentdb, computers",easy,1,opentdb,CC BY-SA 4.0,Open Trivia DB (https://opentdb.com/) — CC BY-SA 4.0,OTDB category: Science: Computers,true
opentdb-computers-547,fact,multi,What type of sound chip does the Super Nintendo Entertainment System (SNES) have?,PCM Sampler,FM Synthesizer,Programmable Sound Generator (PSG),ADPCM Sampler,ADPCM Sampler,,,,computers,"opentdb, computers",hard,1,opentdb,CC BY-SA 4.0,Open Trivia DB (https://opentdb.com/) — CC BY-SA 4.0,OTDB category: Science: Computers,true
opentdb-computers-548,fact,multi,"What is known as ""the brain"" of the Computer?",Graphics Processing Unit,Motherboard,Keyboard,Central Processing Unit,Central Processing Unit,,,,computers,"opentdb, computers",medium,1,opentdb,CC BY-SA 4.0,Open Trivia DB (https://opentdb.com/) — CC BY-SA 4.0,OTDB category: Science: Computers,true
opentdb-computers-549,fact,multi,"In computing terms, typically what does CLI stand for?",Control Line Interface,Common Language Input,Command Line Interface,Common Language Interface,Command Line Interface,,,,computers,"opentdb, computers",medium,1,opentdb,CC BY-SA 4.0,Open Trivia DB (https://opentdb.com/) — CC BY-SA 4.0,OTDB category: Science: Computers,true
opentdb-computers-550,fact,multi,What does the 'S' in the RSA encryption algorithm stand for?,Stable,Secure,Schottky,Shamir,Shamir,,,,computers,"opentdb, computers",medium,1,opentdb,CC BY-SA 4.0,Open Trivia DB (https://opentdb.com/) — CC BY-SA 4.0,OTDB category: Science: Computers,true
opentdb-computers-551,fact,multi,What does RAID stand for?,Redundant Array of Independent Disks,Range of Applications with Identical Designs,Randomized Abstract Identification Description,Rapid Access for Indexed Devices,Redundant Array of Independent Disks,,,,computers,"opentdb, computers",medium,1,opentdb,CC BY-SA 4.0,Open Trivia DB (https://opentdb.com/) — CC BY-SA 4.0,OTDB category: Science: Computers,true
opentdb-computers-552,fact,multi,How long is an IPv6 address?,128 bytes,128 bits,64 bits,32 bits,128 bits,,,,computers,"opentdb, computers",easy,1,opentdb,CC BY-SA 4.0,Open Trivia DB (https://opentdb.com/) — CC BY-SA 4.0,OTDB category: Science: Computers,true
opentdb-computers-553,fact,multi,"On a standard American QWERTY keyboard, what symbol will you enter if you hold the shift key and press 1?",Dollar Sign,Percent Sign,Asterisk,Exclamation Mark,Exclamation Mark,,,,computers,"opentdb, computers",easy,1,opentdb,CC BY-SA 4.0,Open Trivia DB (https://opentdb.com/) — CC BY-SA 4.0,OTDB category: Science: Computers,true
opentdb-computers-554,fact,multi,What port does HTTP run on?,53,443,80,23,80,,,,computers,"opentdb, computers",hard,1,opentdb,CC BY-SA 4.0,Open Trivia DB (https://opentdb.com/) — CC BY-SA 4.0,OTDB category: Science: Computers,true
opentdb-computers-555,fact,multi,The internet domain .fm is the country-code top-level domain for which Pacific Ocean island nation?,Micronesia,Fiji,Tuvalu,Marshall Islands,Micronesia,,,,computers,"opentdb, computers",hard,1,opentdb,CC BY-SA 4.0,Open Trivia DB (https://opentdb.com/) — CC BY-SA 4.0,OTDB category: Science: Computers,true
opentdb-computers-556,fact,multi,Which of the following computer components can be built using only NAND gates?,Register,CPU,RAM,ALU,ALU,,,,computers,"opentdb, computers",hard,1,opentdb,CC BY-SA 4.0,Open Trivia DB (https://opentdb.com/) — CC BY-SA 4.0,OTDB category: Science: Computers,true
opentdb-computers-557,fact,multi,America Online (AOL) started out as which of these online service providers?,Quantum Link,GEnie,Prodigy,CompuServe,Quantum Link,,,,computers,"opentdb, computers",hard,1,opentdb,CC BY-SA 4.0,Open Trivia DB (https://opentdb.com/) — CC BY-SA 4.0,OTDB category: Science: Computers,true
opentdb-computers-558,fact,multi,What kind of memory is used on memory cache?,Flash,SRAM,ROM,DRAM,SRAM,,,,computers,"opentdb, computers",easy,1,opentdb,CC BY-SA 4.0,Open Trivia DB (https://opentdb.com/) — CC BY-SA 4.0,OTDB category: Science: Computers,true
opentdb-computers-559,fact,multi,"While Apple was formed in California, in which western state was Microsoft founded?",Colorado,Washington,New Mexico,Arizona,New Mexico,,,,computers,"opentdb, computers",medium,1,opentdb,CC BY-SA 4.0,Open Trivia DB (https://opentdb.com/) — CC BY-SA 4.0,OTDB category: Science: Computers,true
opentdb-computers-560,fact,multi,What is largely considered the precursor to the USB format?,PS/2,PCIe,FireWire,SVGA,PS/2,,,,computers,"opentdb, computers",medium,1,opentdb,CC BY-SA 4.0,Open Trivia DB (https://opentdb.com/) — CC BY-SA 4.0,OTDB category: Science: Computers,true
opentdb-computers-561,fact,multi,.rs is the top-level domain for what country?,Rwanda,Russia,Serbia,Romania,Serbia,,,,computers,"opentdb, computers",medium,1,opentdb,CC BY-SA 4.0,Open Trivia DB (https://opentdb.com/) — CC BY-SA 4.0,OTDB category: Science: Computers,true
opentdb-computers-562,fact,multi,Laserjet and inkjet printers are both examples of what type of printer?,Impact printer,Non-impact printer,Dot matrix printer,Daisywheel printer,Non-impact printer,,,,computers,"opentdb, computers",medium,1,opentdb,CC BY-SA 4.0,Open Trivia DB (https://opentdb.com/) — CC BY-SA 4.0,OTDB category: Science: Computers,true
opentdb-computers-563,fact,multi,What is the maximum value of a 32-bit signed binary integer?,"9,223,372,036,854,775,807","2,147,483,647",255,2048,"2,147,483,647",,,,computers,"opentdb, computers",hard,1,opentdb,CC BY-SA 4.0,Open Trivia DB (https://opentdb.com/) — CC BY-SA 4.0,OTDB category: Science: Computers,true
opentdb-computers-564,fact,multi,What was the name of the security vulnerability found in Bash in 2014?,Shellshock,Heartbleed,Stagefright,Bashbug,Shellshock,,,,computers,"opentdb, computers",hard,1,opentdb,CC BY-SA 4.0,Open Trivia DB (https://opentdb.com/) — CC BY-SA 4.0,OTDB category: Science: Computers,true
opentdb-computers-565,fact,multi,"Generally, which component of a computer draws the most power?",Processor,Power Supply,Hard Drive,Video Card,Video Card,,,,computers,"opentdb, computers",medium,1,opentdb,CC BY-SA 4.0,Open Trivia DB (https://opentdb.com/) — CC BY-SA 4.0,OTDB category: Science: Computers,true
opentdb-computers-566,fact,multi,"According to DeMorgan's Theorem, the Boolean expression (AB)' is equivalent to:",A' + B',A'B',A'B + B'A,AB' + AB,A' + B',,,,computers,"opentdb, computers",hard,1,opentdb,CC BY-SA 4.0,Open Trivia DB (https://opentdb.com/) — CC BY-SA 4.0,OTDB category: Science: Computers,true
opentdb-computers-567,fact,multi,Which RAID array type is associated with data mirroring?,RAID 1,RAID 5,RAID 0,RAID 10,RAID 1,,,,computers,"opentdb, computers",hard,1,opentdb,CC BY-SA 4.0,Open Trivia DB (https://opentdb.com/) — CC BY-SA 4.0,OTDB category: Science: Computers,true
opentdb-computers-568,fact,multi,Which of these Cherry MX mechanical keyboard switches is both tactile and clicky?,Cherry MX Brown,Cherry MX Red,Cherry MX Blue,Cherry MX Black,Cherry MX Blue,,,,computers,"opentdb, computers",hard,1,opentdb,CC BY-SA 4.0,Open Trivia DB (https://opentdb.com/) — CC BY-SA 4.0,OTDB category: Science: Computers,true
opentdb-computers-569,fact,multi,How many bits are commonly in a single byte?,Fifteen bits,Twelve bits,Six bits,Eight bits,Eight bits,,,,computers,"opentdb, computers",easy,1,opentdb,CC BY-SA 4.0,Open Trivia DB (https://opentdb.com/) — CC BY-SA 4.0,OTDB category: Science: Computers,true
opentdb-computers-570,fact,multi,What is the main CPU is the Sega Mega Drive / Sega Genesis?,Motorola 68000,Zilog Z80,Yamaha YM2612,Intel 8088,Motorola 68000,,,,computers,"opentdb, computers",medium,1,opentdb,CC BY-SA 4.0,Open Trivia DB (https://opentdb.com/) — CC BY-SA 4.0,OTDB category: Science: Computers,true
opentdb-computers-571,fact,multi,Who is the original author of the realtime physics engine called PhysX?,Ageia,Nvidia,AMD,NovodeX,NovodeX,,,,computers,"opentdb, computers",hard,1,opentdb,CC BY-SA 4.0,Open Trivia DB (https://opentdb.com/) — CC BY-SA 4.0,OTDB category: Science: Computers,true
opentdb-computers-572,fact,multi,What major programming language does Unreal Engine 4 use?,C++,C#,ECMAScript,Assembly,C++,,,,computers,"opentdb, computers",hard,1,opentdb,CC BY-SA 4.0,Open Trivia DB (https://opentdb.com/) — CC BY-SA 4.0,OTDB category: Science: Computers,true
opentdb-computers-573,fact,multi,Which computer hardware device provides an interface for all other connected devices to communicate?,Random Access Memory,Motherboard,Hard Disk Drive,Central Processing Unit,Motherboard,,,,computers,"opentdb, computers",easy,1,opentdb,CC BY-SA 4.0,Open Trivia DB (https://opentdb.com/) — CC BY-SA 4.0,OTDB category: Science: Computers,true
opentdb-computers-574,fact,multi,What does the term GPU stand for?,Graphical Proprietary Unit,Graphite Producing Unit,Graphics Processing Unit,Gaming Processor Unit,Graphics Processing Unit,,,,computers,"opentdb, computers",medium,1,opentdb,CC BY-SA 4.0,Open Trivia DB (https://opentdb.com/) — CC BY-SA 4.0,OTDB category: Science: Computers,true
opentdb-computers-575,fact,multi,"What does the term MIME stand for, in regards to computing?",Mail Internet Mail Exchange,Mail Interleave Method Exchange,Multipurpose Internet Mail Extensions,Multipurpose Interleave Mail Exchange,Multipurpose Internet Mail Extensions,,,,computers,"opentdb, computers",medium,1,opentdb,CC BY-SA 4.0,Open Trivia DB (https://opentdb.com/) — CC BY-SA 4.0,OTDB category: Science: Computers,true
opentdb-computers-576,fact,multi,"What was the first company to use the term ""Golden Master""?",Microsoft,IBM,Apple,Google,Apple,,,,computers,"opentdb, computers",hard,1,opentdb,CC BY-SA 4.0,Open Trivia DB (https://opentdb.com/) — CC BY-SA 4.0,OTDB category: Science: Computers,true
opentdb-computers-577,fact,multi,What vulnerability ranked #1 on the OWASP Top 10 in 2013?,Broken Authentication,Cross-Site Scripting,Insecure Direct Object References,Injection,Injection,,,,computers,"opentdb, computers",hard,1,opentdb,CC BY-SA 4.0,Open Trivia DB (https://opentdb.com/) — CC BY-SA 4.0,OTDB category: Science: Computers,true
opentdb-computers-578,fact,multi,What is the name of Layer 7 of the OSI model?,Application,Session,Network,Present,Application,,,,computers,"opentdb, computers",easy,1,opentdb,CC BY-SA 4.0,Open Trivia DB (https://opentdb.com/) — CC BY-SA 4.0,OTDB category: Science: Computers,true
opentdb-computers-579,fact,multi,Nvidia's headquarters are based in which Silicon Valley city?,Cupertino,Mountain View,Palo Alto,Santa Clara,Santa Clara,,,,computers,"opentdb, computers",medium,1,opentdb,CC BY-SA 4.0,Open Trivia DB (https://opentdb.com/) — CC BY-SA 4.0,OTDB category: Science: Computers,true
opentdb-computers-580,fact,multi,"In computing, what does MIDI stand for?",Musical Interface of Digital Instruments,Musical Instrument Data Interface,Modular Interface of Digital Instruments,Musical Instrument Digital Interface,Musical Instrument Digital Interface,,,,computers,"opentdb, computers",easy,1,opentdb,CC BY-SA 4.0,Open Trivia DB (https://opentdb.com/) — CC BY-SA 4.0,OTDB category: Science: Computers,true
opentdb-computers-581,fact,multi,"On Twitter, what was the original character limit for a Tweet?",160,140,120,100,140,,,,computers,"opentdb, computers",easy,1,opentdb,CC BY-SA 4.0,Open Trivia DB (https://opentdb.com/) — CC BY-SA 4.0,OTDB category: Science: Computers,true
opentdb-computers-582,fact,multi,What is the commonly used keyboard shortcut for the 'Copy' function on Windows OS?,Alt + C,Alt + X,Ctrl + C,Ctrl + X,Ctrl + C,,,,computers,"opentdb, computers",easy,1,opentdb,CC BY-SA 4.0,Open Trivia DB (https://opentdb.com/) — CC BY-SA 4.0,OTDB category: Science: Computers,true
opentdb-computers-583,fact,multi,What was the first commerically available computer processor?,AMD AM386,TMS 1000,Intel 486SX,Intel 4004,Intel 4004,,,,computers,"opentdb, computers",medium,1,opentdb,CC BY-SA 4.0,Open Trivia DB (https://opentdb.com/) — CC BY-SA 4.0,OTDB category: Science: Computers,true
opentdb-computers-584,fact,multi,What was Bitcoin's block size limit in 2010?,1 MB,1GB,1 KB,1 TB,1 MB,,,,computers,"opentdb, computers",medium,1,opentdb,CC BY-SA 4.0,Open Trivia DB (https://opentdb.com/) — CC BY-SA 4.0,OTDB category: Science: Computers,true
opentdb-computers-585,fact,multi,How many cores does the Intel i7-6950X have?,8,4,12,10,10,,,,computers,"opentdb, computers",medium,1,opentdb,CC BY-SA 4.0,Open Trivia DB (https://opentdb.com/) — CC BY-SA 4.0,OTDB category: Science: Computers,true
opentdb-computers-586,fact,multi,What does SSD stand for?,Solid State Disk,Source Solution Drive,Solution Source Disk,Solid State Drive,Solid State Drive,,,,computers,"opentdb, computers",easy,1,opentdb,CC BY-SA 4.0,Open Trivia DB (https://opentdb.com/) — CC BY-SA 4.0,OTDB category: Science: Computers,true
opentdb-computers-587,fact,multi,If you were to code software in this language you'd only be able to type 0's and 1's.,JavaScript,Python,Binary,C++,Binary,,,,computers,"opentdb, computers",easy,1,opentdb,CC BY-SA 4.0,Open Trivia DB (https://opentdb.com/) — CC BY-SA 4.0,OTDB category: Science: Computers,true
opentdb-computers-588,fact,multi,What is the correct term for the metal object in between the CPU and the CPU fan within a computer system?,CPU Vent,Heat Vent,Heat Sink,Temperature Decipator,Heat Sink,,,,computers,"opentdb, computers",medium,1,opentdb,CC BY-SA 4.0,Open Trivia DB (https://opentdb.com/) — CC BY-SA 4.0,OTDB category: Science: Computers,true
opentdb-computers-589,fact,multi,Which computer language would you associate Django framework with?,Java,C#,Python,C++,Python,,,,computers,"opentdb, computers",easy,1,opentdb,CC BY-SA 4.0,Open Trivia DB (https://opentdb.com/) — CC BY-SA 4.0,OTDB category: Science: Computers,true
opentdb-computers-590,fact,multi,In the server hosting industry IaaS stands for...,Infrastructure as a Server,Internet and a Server,Infrastructure as a Service,Internet as a Service,Infrastructure as a Service,,,,computers,"opentdb, computers",medium,1,opentdb,CC BY-SA 4.0,Open Trivia DB (https://opentdb.com/) — CC BY-SA 4.0,OTDB category: Science: Computers,true
opentdb-computers-591,fact,multi,"Released in 2001, the first edition of Apple's Mac OS X operating system (version 10.0) was given what animal code name?",Cheetah,Leopard,Tiger,Puma,Cheetah,,,,computers,"opentdb, computers",hard,1,opentdb,CC BY-SA 4.0,Open Trivia DB (https://opentdb.com/) — CC BY-SA 4.0,OTDB category: Science: Computers,true
opentdb-computers-592,fact,multi,Which of the following is a personal computer made by the Japanese company Fujitsu?,Xmillennium,PC-9801,MSX,FM-7,FM-7,,,,computers,"opentdb, computers",medium,1,opentdb,CC BY-SA 4.0,Open Trivia DB (https://opentdb.com/) — CC BY-SA 4.0,OTDB category: Science: Computers,true
opentdb-computers-593,fact,multi,What was the name of the image that features as the default background wallpaper for Windows XP?,Red moon desert,Azul,Bliss,Tulips,Bliss,,,,computers,"opentdb, computers",medium,1,opentdb,CC BY-SA 4.0,Open Trivia DB (https://opentdb.com/) — CC BY-SA 4.0,OTDB category: Science: Computers,true
opentdb-computers-594,fact,multi,"Which company was established on April 1st, 1976 by Steve Jobs, Steve Wozniak and Ronald Wayne?",Atari,Microsoft,Apple,Commodore,Apple,,,,computers,"opentdb, computers",easy,1,opentdb,CC BY-SA 4.0,Open Trivia DB (https://opentdb.com/) — CC BY-SA 4.0,OTDB category: Science: Computers,true
opentdb-computers-595,fact,multi,What does the International System of Quantities refer 1024 bytes as?,Kylobyte,Kilobyte,Kelobyte,Kibibyte,Kibibyte,,,,computers,"opentdb, computers",hard,1,opentdb,CC BY-SA 4.0,Open Trivia DB (https://opentdb.com/) — CC BY-SA 4.0,OTDB category: Science: Computers,true
opentdb-computers-596,fact,multi,How many Hz does the video standard PAL support?,60,50,59,25,50,,,,computers,"opentdb, computers",hard,1,opentdb,CC BY-SA 4.0,Open Trivia DB (https://opentdb.com/) — CC BY-SA 4.0,OTDB category: Science: Computers,true
opentdb-computers-597,fact,multi,What does the computer software acronym JVM stand for?,Java Virtual Machine,Java Visual Machine,Just Virtual Machine,Java Vendor Machine,Java Virtual Machine,,,,computers,"opentdb, computers",easy,1,opentdb,CC BY-SA 4.0,Open Trivia DB (https://opentdb.com/) — CC BY-SA 4.0,OTDB category: Science: Computers,true
opentdb-computers-598,fact,multi,CMOS is tech used for constructing integrated circuits. What does CMOS stand for?,Computer-made operating system,Computer-made oscillating static,Complementary metal–oxide–semiconductor,Complementary magnetic-ohms-semiconductor,Complementary metal–oxide–semiconductor,,,,computers,"opentdb, computers",hard,1,opentdb,CC BY-SA 4.0,Open Trivia DB (https://opentdb.com/) — CC BY-SA 4.0,OTDB category: Science: Computers,true
opentdb-computers-599,fact,multi,Which programming language shares its name with an island in Indonesia?,Java,Jakarta,Python,C,Java,,,,computers,"opentdb, computers",easy,1,opentdb,CC BY-SA 4.0,Open Trivia DB (https://opentdb.com/) — CC BY-SA 4.0,OTDB category: Science: Computers,true
opentdb-computers-600,fact,multi,Which data structure does FILO apply to?,Stack,Tree,Heap,Queue,Stack,,,,computers,"opentdb, computers",hard,1,opentdb,CC BY-SA 4.0,Open Trivia DB (https://opentdb.com/) — CC BY-SA 4.0,OTDB category: Science: Computers,true
opentdb-math-601,fact,multi,How many sides does a heptagon have?,5,9,4,7,7,,,,math,"opentdb, math",easy,1,opentdb,CC BY-SA 4.0,Open Trivia DB (https://opentdb.com/) — CC BY-SA 4.0,OTDB category: Science: Mathematics,true
opentdb-math-602,fact,multi,What is the Roman numeral for 500?,L,X,D,C,D,,,,math,"opentdb, math",medium,1,opentdb,CC BY-SA 4.0,Open Trivia DB (https://opentdb.com/) — CC BY-SA 4.0,OTDB category: Science: Mathematics,true
opentdb-math-603,fact,multi,"The notion of a ""set that contains all sets which do not contain themselves"" is a paradoxical idea attributed to which English philosopher?",Bertrand Russel,Alfred North Whitehead,Francis Bacon,John Locke,Bertrand Russel,,,,math,"opentdb, math",hard,1,opentdb,CC BY-SA 4.0,Open Trivia DB (https://opentdb.com/) — CC BY-SA 4.0,OTDB category: Science: Mathematics,true
opentdb-math-604,fact,multi,The French mathematician Évariste Galois is primarily known for his work in which?,Galois' Continued Fractions,Abelian Integration,Galois' Method for PDE's,Galois Theory,Galois Theory,,,,math,"opentdb, math",hard,1,opentdb,CC BY-SA 4.0,Open Trivia DB (https://opentdb.com/) — CC BY-SA 4.0,OTDB category: Science: Mathematics,true
opentdb-math-605,fact,multi,Which of the following famous mathematicians died in a duel at the age of 20?,Abel,Gauss,Euler,Galois,Galois,,,,math,"opentdb, math",hard,1,opentdb,CC BY-SA 4.0,Open Trivia DB (https://opentdb.com/) — CC BY-SA 4.0,OTDB category: Science: Mathematics,true
opentdb-math-606,fact,multi,Which of these probability distributions is NOT discrete?,Normal,Poisson,Hyper-geometric,Binomial,Normal,,,,math,"opentdb, math",medium,1,opentdb,CC BY-SA 4.0,Open Trivia DB (https://opentdb.com/) — CC BY-SA 4.0,OTDB category: Science: Mathematics,true
opentdb-math-607,fact,multi,What is the derivative of sin(x),-cos(x),cos(x),csc(x),-sin(x),cos(x),,,,math,"opentdb, math",medium,1,opentdb,CC BY-SA 4.0,Open Trivia DB (https://opentdb.com/) — CC BY-SA 4.0,OTDB category: Science: Mathematics,true
opentdb-math-608,fact,multi,Which two men are credited with independently discovering differential calculus?,Dvorak and Smith,Plato and Aristotle,Newton and Leibnitz,Asiimov and Rutherford,Newton and Leibnitz,,,,math,"opentdb, math",easy,1,opentdb,CC BY-SA 4.0,Open Trivia DB (https://opentdb.com/) — CC BY-SA 4.0,OTDB category: Science: Mathematics,true
opentdb-math-609,fact,multi,Which of the following is not one of the seven Millennium Prize Problems?,Birch and Swinnerton-Dyer Conjecture,Poincaré conjecture,Riemann hypothesis,Naviér conjecture,Naviér conjecture,,,,math,"opentdb, math",easy,1,opentdb,CC BY-SA 4.0,Open Trivia DB (https://opentdb.com/) — CC BY-SA 4.0,OTDB category: Science: Mathematics,true
opentdb-math-610,fact,multi,How many square faces does a cube have?,8,4,10,6,6,,,,math,"opentdb, math",easy,1,opentdb,CC BY-SA 4.0,Open Trivia DB (https://opentdb.com/) — CC BY-SA 4.0,OTDB category: Science: Mathematics,true
opentdb-math-611,fact,multi,The decimal number 31 in hexadecimal would be what?,2E,1F,3D,1B,1F,,,,math,"opentdb, math",hard,1,opentdb,CC BY-SA 4.0,Open Trivia DB (https://opentdb.com/) — CC BY-SA 4.0,OTDB category: Science: Mathematics,true
opentdb-math-612,fact,multi,What is the only Millennium Prize Problem that has been solved so far?,Poincaré conjecture,Riemann Hypothesis,Fermat's conjecture,P vs. NP problem,Poincaré conjecture,,,,math,"opentdb, math",hard,1,opentdb,CC BY-SA 4.0,Open Trivia DB (https://opentdb.com/) — CC BY-SA 4.0,OTDB category: Science: Mathematics,true
opentdb-math-613,fact,multi,Which of these numbers is closest to the total number of possible states for an army standard Enigma Machine?,1.58 x 10^22,1.58 x  10^18,1.58 x 10^20,1.58 x 10^24,1.58 x 10^20,,,,math,"opentdb, math",hard,1,opentdb,CC BY-SA 4.0,Open Trivia DB (https://opentdb.com/) — CC BY-SA 4.0,OTDB category: Science: Mathematics,true
opentdb-math-614,fact,multi,What is the equation for the area of a sphere?,(4/3)πr^3,πr^4,4πr^2,(1/3)πhr^2,(4/3)πr^3,,,,math,"opentdb, math",easy,1,opentdb,CC BY-SA 4.0,Open Trivia DB (https://opentdb.com/) — CC BY-SA 4.0,OTDB category: Science: Mathematics,true
opentdb-math-615,fact,multi,What type of angle is greater than 90°?,Straight,Obtuse,Right,Acute,Obtuse,,,,math,"opentdb, math",easy,1,opentdb,CC BY-SA 4.0,Open Trivia DB (https://opentdb.com/) — CC BY-SA 4.0,OTDB category: Science: Mathematics,true
opentdb-math-616,fact,multi,At what temperature does temp in °C equal temp in °F?,+100,+40,0,-40,-40,,,,math,"opentdb, math",medium,1,opentdb,CC BY-SA 4.0,Open Trivia DB (https://opentdb.com/) — CC BY-SA 4.0,OTDB category: Science: Mathematics,true
opentdb-math-617,fact,multi,What is the area of a circle with a diameter of 20 inches if π= 3.1415?,3141.5 Inches,380.1215 Inches,314.15 Inches,1256.6 Inches,314.15 Inches,,,,math,"opentdb, math",medium,1,opentdb,CC BY-SA 4.0,Open Trivia DB (https://opentdb.com/) — CC BY-SA 4.0,OTDB category: Science: Mathematics,true
opentdb-math-618,fact,multi,"In the hexadecimal system, what number comes after 9?",10,The Number 0,The Letter A,16,The Letter A,,,,math,"opentdb, math",medium,1,opentdb,CC BY-SA 4.0,Open Trivia DB (https://opentdb.com/) — CC BY-SA 4.0,OTDB category: Science: Mathematics,true
opentdb-math-619,fact,multi,How many zeros are there in a googol?,"1,000","1,000,000",100,10,100,,,,math,"opentdb, math",medium,1,opentdb,CC BY-SA 4.0,Open Trivia DB (https://opentdb.com/) — CC BY-SA 4.0,OTDB category: Science: Mathematics,true
opentdb-math-620,fact,multi,"In a normal distribution, 95% of the data lies within how many standard deviations of the mean?",1,4,3,2,2,,,,math,"opentdb, math",medium,1,opentdb,CC BY-SA 4.0,Open Trivia DB (https://opentdb.com/) — CC BY-SA 4.0,OTDB category: Science: Mathematics,true
opentdb-math-621,fact,multi,What numbers are in the 5th row of Pascal's Triangle?,1 6 15 20 15 6 1,1 3 3 1,1 4 6 4 1,1 5 10 10 5 1,1 4 6 4 1,,,,math,"opentdb, math",medium,1,opentdb,CC BY-SA 4.0,Open Trivia DB (https://opentdb.com/) — CC BY-SA 4.0,OTDB category: Science: Mathematics,true
opentdb-math-622,fact,multi,What is the correct order of operations for solving equations?,"Parentheses, Exponents, Multiplication, Division, Addition, Subtraction","Addition, Multiplication, Division, Subtraction, Addition, Parentheses","Parentheses, Exponents, Addition, Substraction, Multiplication, Division",The order in which the operations are written.,"Parentheses, Exponents, Multiplication, Division, Addition, Subtraction",,,,math,"opentdb, math",easy,1,opentdb,CC BY-SA 4.0,Open Trivia DB (https://opentdb.com/) — CC BY-SA 4.0,OTDB category: Science: Mathematics,true
opentdb-math-623,fact,multi,What is the alphanumeric representation of the imaginary number?,n,i,x,e,i,,,,math,"opentdb, math",medium,1,opentdb,CC BY-SA 4.0,Open Trivia DB (https://opentdb.com/) — CC BY-SA 4.0,OTDB category: Science: Mathematics,true
opentdb-math-624,fact,multi,What shape does sin(x) or cos(x) make on a graph?,Zig-Zags,A Parabola,A Straight Line,Waves,Waves,,,,math,"opentdb, math",medium,1,opentdb,CC BY-SA 4.0,Open Trivia DB (https://opentdb.com/) — CC BY-SA 4.0,OTDB category: Science: Mathematics,true
opentdb-math-625,fact,multi,What is the symbol for Displacement?,dr,Dp,r,Δr,Δr,,,,math,"opentdb, math",easy,1,opentdb,CC BY-SA 4.0,Open Trivia DB (https://opentdb.com/) — CC BY-SA 4.0,OTDB category: Science: Mathematics,true
opentdb-math-626,fact,multi,"What comes after a Million, a Billion, and a Trillion?",Septillion,Sextillion,Quintillion,Quadrillion,Quadrillion,,,,math,"opentdb, math",easy,1,opentdb,CC BY-SA 4.0,Open Trivia DB (https://opentdb.com/) — CC BY-SA 4.0,OTDB category: Science: Mathematics,true
opentdb-math-627,fact,multi,Which of the following mathematicians made major contributions to game theory?,Leonhard Euler,Stefan Banach,Carl Friedrich Gauss,John Von Neumann,John Von Neumann,,,,math,"opentdb, math",hard,1,opentdb,CC BY-SA 4.0,Open Trivia DB (https://opentdb.com/) — CC BY-SA 4.0,OTDB category: Science: Mathematics,true
opentdb-math-628,fact,multi,"What are the first 6 digits of the number ""Pi""?",3.25812,3.12423,3.14169,3.14159,3.14159,,,,math,"opentdb, math",medium,1,opentdb,CC BY-SA 4.0,Open Trivia DB (https://opentdb.com/) — CC BY-SA 4.0,OTDB category: Science: Mathematics,true
opentdb-math-629,fact,multi,Which mathematician refused the Fields Medal?,Andrew Wiles,Terence Tao,Grigori Perelman,Edward Witten,Grigori Perelman,,,,math,"opentdb, math",medium,1,opentdb,CC BY-SA 4.0,Open Trivia DB (https://opentdb.com/) — CC BY-SA 4.0,OTDB category: Science: Mathematics,true
opentdb-math-630,fact,multi,What is the derivative of Acceleration with respect to time?,Jerk,Slide,Bump,Shift,Jerk,,,,math,"opentdb, math",hard,1,opentdb,CC BY-SA 4.0,Open Trivia DB (https://opentdb.com/) — CC BY-SA 4.0,OTDB category: Science: Mathematics,true
opentdb-math-631,fact,multi,"Which greek mathematician ran through the streets of Syracuse naked while shouting ""Eureka"" after discovering the principle of displacement?",Euclid,Homer,Eratosthenes,Archimedes,Archimedes,,,,math,"opentdb, math",medium,1,opentdb,CC BY-SA 4.0,Open Trivia DB (https://opentdb.com/) — CC BY-SA 4.0,OTDB category: Science: Mathematics,true
opentdb-math-632,fact,multi,What is the first Mersenne prime exponent over 1000?,1279,2203,1069,1009,1279,,,,math,"opentdb, math",medium,1,opentdb,CC BY-SA 4.0,Open Trivia DB (https://opentdb.com/) — CC BY-SA 4.0,OTDB category: Science: Mathematics,true
opentdb-math-633,fact,multi,How many books are in Euclid's Elements of Geometry?,10,13,8,17,13,,,,math,"opentdb, math",medium,1,opentdb,CC BY-SA 4.0,Open Trivia DB (https://opentdb.com/) — CC BY-SA 4.0,OTDB category: Science: Mathematics,true
opentdb-math-634,fact,multi,"To the nearest whole number, how many radians are in a whole circle?",6,4,5,3,6,,,,math,"opentdb, math",medium,1,opentdb,CC BY-SA 4.0,Open Trivia DB (https://opentdb.com/) — CC BY-SA 4.0,OTDB category: Science: Mathematics,true
opentdb-math-635,fact,multi,Who proved Fermat's Last Theorem?,Andrew Wiles,Carl Friedrich Gauss,Leonhard Euler,Srinivasa Ramanujan,Andrew Wiles,,,,math,"opentdb, math",easy,1,opentdb,CC BY-SA 4.0,Open Trivia DB (https://opentdb.com/) — CC BY-SA 4.0,OTDB category: Science: Mathematics,true
opentdb-math-636,fact,multi,"In the complex plane, multiplying a given function by i rotates it anti-clockwise by how many degrees?",270,90,180,0,90,,,,math,"opentdb, math",medium,1,opentdb,CC BY-SA 4.0,Open Trivia DB (https://opentdb.com/) — CC BY-SA 4.0,OTDB category: Science: Mathematics,true
opentdb-math-637,fact,multi,Which of these did mathematician Leonhard Euler NOT develop?,"A formula linking vertices, edges and faces on a graph",An improvement to the Fast Fourier Transform,A method of solving first-order differential equations,"An identity linking the numbers e, pi and i",An improvement to the Fast Fourier Transform,,,,math,"opentdb, math",hard,1,opentdb,CC BY-SA 4.0,Open Trivia DB (https://opentdb.com/) — CC BY-SA 4.0,OTDB category: Science: Mathematics,true
opentdb-math-638,fact,multi,"A mathematical constant, known as ""The Golden Ratio"", is most commonly represented by which greek letter?",Ψ (psi),π (pi),Τ (tau),Φ (phi),Φ (phi),,,,math,"opentdb, math",medium,1,opentdb,CC BY-SA 4.0,Open Trivia DB (https://opentdb.com/) — CC BY-SA 4.0,OTDB category: Science: Mathematics,true
opentdb-math-639,fact,multi,What is the mathematician Euler's first name?,Leonhard,Lionel,Ajan,Andrin,Leonhard,,,,math,"opentdb, math",easy,1,opentdb,CC BY-SA 4.0,Open Trivia DB (https://opentdb.com/) — CC BY-SA 4.0,OTDB category: Science: Mathematics,true
opentdb-math-640,fact,multi,How many degrees make a full circle?,720,90,180,360,360,,,,math,"opentdb, math",easy,1,opentdb,CC BY-SA 4.0,Open Trivia DB (https://opentdb.com/) — CC BY-SA 4.0,OTDB category: Science: Mathematics,true
opentdb-math-641,fact,multi,How many sides does a Möbius strip have?,1,2,3,4,1,,,,math,"opentdb, math",easy,1,opentdb,CC BY-SA 4.0,Open Trivia DB (https://opentdb.com/) — CC BY-SA 4.0,OTDB category: Science: Mathematics,true
opentdb-math-642,fact,multi,What is the smallest number that can be expressed as the sum of two positive cubes in two different ways?,4104,1729,561,91,1729,,,,math,"opentdb, math",hard,1,opentdb,CC BY-SA 4.0,Open Trivia DB (https://opentdb.com/) — CC BY-SA 4.0,OTDB category: Science: Mathematics,true
opentdb-math-643,fact,multi,How many zeptometres are inside one femtometre?,"1,000,000","1,000,000,000",10,1000,"1,000,000",,,,math,"opentdb, math",hard,1,opentdb,CC BY-SA 4.0,Open Trivia DB (https://opentdb.com/) — CC BY-SA 4.0,OTDB category: Science: Mathematics,true
opentdb-math-644,fact,multi,"In Roman Numerals, what does XL equate to?",15,40,90,60,40,,,,math,"opentdb, math",easy,1,opentdb,CC BY-SA 4.0,Open Trivia DB (https://opentdb.com/) — CC BY-SA 4.0,OTDB category: Science: Mathematics,true
opentdb-math-645,fact,multi,What is the fourth digit of π?,1,4,2,3,1,,,,math,"opentdb, math",hard,1,opentdb,CC BY-SA 4.0,Open Trivia DB (https://opentdb.com/) — CC BY-SA 4.0,OTDB category: Science: Mathematics,true
opentdb-math-646,fact,multi,Integration is the reverse of what mathematical operation?,Derivation,Standard Deviation,Multiplication,Division,Derivation,,,,math,"opentdb, math",hard,1,opentdb,CC BY-SA 4.0,Open Trivia DB (https://opentdb.com/) — CC BY-SA 4.0,OTDB category: Science: Mathematics,true
opentdb-math-647,fact,multi,What is the name of a nine sided polygon?,Nonagon,Heptagon,Hexagon,Octagon,Nonagon,,,,math,"opentdb, math",easy,1,opentdb,CC BY-SA 4.0,Open Trivia DB (https://opentdb.com/) — CC BY-SA 4.0,OTDB category: Science: Mathematics,true
opentdb-math-648,fact,multi,What is a polygon with eight sides called?,Nanagon,Octagon,Heptagon,Hexagon,Octagon,,,,math,"opentdb, math",easy,1,opentdb,CC BY-SA 4.0,Open Trivia DB (https://opentdb.com/) — CC BY-SA 4.0,OTDB category: Science: Mathematics,true
opentdb-math-649,fact,multi,What is the approximate value of mathematical constant e?,1.41,1.62,2.72,3.14,2.72,,,,math,"opentdb, math",hard,1,opentdb,CC BY-SA 4.0,Open Trivia DB (https://opentdb.com/) — CC BY-SA 4.0,OTDB category: Science: Mathematics,true
opentdb-math-650,fact,multi,What Greek letter is used to signify summation?,Sigma,Omega,Alpha,Delta,Sigma,,,,math,"opentdb, math",medium,1,opentdb,CC BY-SA 4.0,Open Trivia DB (https://opentdb.com/) — CC BY-SA 4.0,OTDB category: Science: Mathematics,true
opentdb-animals-651,fact,multi,Which species of Brown Bear is not extinct?,Syrian Brown Bear,California Grizzly Bear,Atlas Bear,Mexican Grizzly Bear,Syrian Brown Bear,,,,animals,"opentdb, animals",hard,1,opentdb,CC BY-SA 4.0,Open Trivia DB (https://opentdb.com/) — CC BY-SA 4.0,OTDB category: Animals,true
opentdb-animals-652,fact,multi,Chronic Wasting Disease (CWD) exclusively infects members of which family of animals?,Canids,Felids,Cervids,Hominids,Cervids,,,,animals,"opentdb, animals",hard,1,opentdb,CC BY-SA 4.0,Open Trivia DB (https://opentdb.com/) — CC BY-SA 4.0,OTDB category: Animals,true
opentdb-animals-653,fact,multi,What is the scientific name of the Budgerigar?,Pyrrhura molinae,Melopsittacus undulatus,Nymphicus hollandicus,Ara macao,Melopsittacus undulatus,,,,animals,"opentdb, animals",hard,1,opentdb,CC BY-SA 4.0,Open Trivia DB (https://opentdb.com/) — CC BY-SA 4.0,OTDB category: Animals,true
opentdb-animals-654,fact,multi,What is the scientific name of the Common Chimpanzee?,Pan paniscus,Gorilla gorilla,Panthera leo,Pan troglodytes,Pan troglodytes,,,,animals,"opentdb, animals",medium,1,opentdb,CC BY-SA 4.0,Open Trivia DB (https://opentdb.com/) — CC BY-SA 4.0,OTDB category: Animals,true
opentdb-animals-655,fact,multi,What is the scientific name of the cheetah?,Acinonyx jubatus,Felis catus,Lynx rufus,Panthera onca,Acinonyx jubatus,,,,animals,"opentdb, animals",hard,1,opentdb,CC BY-SA 4.0,Open Trivia DB (https://opentdb.com/) — CC BY-SA 4.0,OTDB category: Animals,true
opentdb-animals-656,fact,multi,What is the scientific name for the Bald Eagle?,Cyanocitta Cristata,Haliaeetus Leucocephalus,Tyto Alba,Aquila Chrysaetos,Haliaeetus Leucocephalus,,,,animals,"opentdb, animals",hard,1,opentdb,CC BY-SA 4.0,Open Trivia DB (https://opentdb.com/) — CC BY-SA 4.0,OTDB category: Animals,true
opentdb-animals-657,fact,multi,What do you call a baby bat?,Cub,Kid,Chick,Pup,Pup,,,,animals,"opentdb, animals",easy,1,opentdb,CC BY-SA 4.0,Open Trivia DB (https://opentdb.com/) — CC BY-SA 4.0,OTDB category: Animals,true
opentdb-animals-658,fact,multi,What is the name of the family that the domestic cat is a member of?,Felidae,Felis,Cat,Felinae,Felidae,,,,animals,"opentdb, animals",medium,1,opentdb,CC BY-SA 4.0,Open Trivia DB (https://opentdb.com/) — CC BY-SA 4.0,OTDB category: Animals,true
opentdb-animals-659,fact,multi,What is the common term for bovine spongiform encephalopathy (BSE)?,Mad Cow disease,Weil's disease,Milk fever,Foot-and-mouth disease,Mad Cow disease,,,,animals,"opentdb, animals",medium,1,opentdb,CC BY-SA 4.0,Open Trivia DB (https://opentdb.com/) — CC BY-SA 4.0,OTDB category: Animals,true
opentdb-animals-660,fact,multi,What type of animal is a natterjack?,Bird,Toad,Fish,Insect,Toad,,,,animals,"opentdb, animals",medium,1,opentdb,CC BY-SA 4.0,Open Trivia DB (https://opentdb.com/) — CC BY-SA 4.0,OTDB category: Animals,true
opentdb-animals-661,fact,multi,Which is the national animal of India?,Lion,Camel,Tiger,Horse,Tiger,,,,animals,"opentdb, animals",easy,1,opentdb,CC BY-SA 4.0,Open Trivia DB (https://opentdb.com/) — CC BY-SA 4.0,OTDB category: Animals,true
opentdb-animals-662,fact,multi,How many teeth does an adult rabbit have?,28,26,30,24,28,,,,animals,"opentdb, animals",easy,1,opentdb,CC BY-SA 4.0,Open Trivia DB (https://opentdb.com/) — CC BY-SA 4.0,OTDB category: Animals,true
opentdb-animals-663,fact,multi,Which of these is a colony of polyps and not a jellyfish?,Irukandji,Sea Nettle,Sea Wasp,Portuguese Man-of-War,Portuguese Man-of-War,,,,animals,"opentdb, animals",hard,1,opentdb,CC BY-SA 4.0,Open Trivia DB (https://opentdb.com/) — CC BY-SA 4.0,OTDB category: Animals,true
opentdb-animals-664,fact,multi,Wombats are native to which Country?,Australia,Palau,New Zealand,Papua New Guinea,Australia,,,,animals,"opentdb, animals",easy,1,opentdb,CC BY-SA 4.0,Open Trivia DB (https://opentdb.com/) — CC BY-SA 4.0,OTDB category: Animals,true
opentdb-animals-665,fact,multi,What dog breed is one of the oldest breeds of dog and has flourished since before 400 BCE.,Boxers,Chihuahua,Pugs,Bulldogs,Pugs,,,,animals,"opentdb, animals",medium,1,opentdb,CC BY-SA 4.0,Open Trivia DB (https://opentdb.com/) — CC BY-SA 4.0,OTDB category: Animals,true
opentdb-animals-666,fact,multi,"To which biological phylum do all mammals, birds and reptiles belong?",Annelida,Chordata,Echinodermata,Placazoa,Chordata,,,,animals,"opentdb, animals",hard,1,opentdb,CC BY-SA 4.0,Open Trivia DB (https://opentdb.com/) — CC BY-SA 4.0,OTDB category: Animals,true
opentdb-animals-667,fact,multi,What is the average lifespan of a domestic rabbit?,14-20 years,8-12 years,1-2 years,4-7 years,8-12 years,,,,animals,"opentdb, animals",medium,1,opentdb,CC BY-SA 4.0,Open Trivia DB (https://opentdb.com/) — CC BY-SA 4.0,OTDB category: Animals,true
opentdb-animals-668,fact,multi,What is the scientific name for modern day humans?,Homo Erectus,Homo Sapiens,Homo Neanderthalensis,Homo Ergaster,Homo Sapiens,,,,animals,"opentdb, animals",easy,1,opentdb,CC BY-SA 4.0,Open Trivia DB (https://opentdb.com/) — CC BY-SA 4.0,OTDB category: Animals,true
opentdb-animals-669,fact,multi,What is the collective noun for vultures?,Gaze,Building,Ambush,Wake,Wake,,,,animals,"opentdb, animals",hard,1,opentdb,CC BY-SA 4.0,Open Trivia DB (https://opentdb.com/) — CC BY-SA 4.0,OTDB category: Animals,true
opentdb-animals-670,fact,multi,Cashmere is the wool from which kind of animal?,Llama,Camel,Goat,Sheep,Goat,,,,animals,"opentdb, animals",medium,1,opentdb,CC BY-SA 4.0,Open Trivia DB (https://opentdb.com/) — CC BY-SA 4.0,OTDB category: Animals,true
opentdb-animals-671,fact,multi,Which dog breed is named after a region in Croatia,Chihuahua,Pekingnese,Pomeranian,Dalmatian,Dalmatian,,,,animals,"opentdb, animals",medium,1,opentdb,CC BY-SA 4.0,Open Trivia DB (https://opentdb.com/) — CC BY-SA 4.0,OTDB category: Animals,true
opentdb-animals-672,fact,multi,What bird is born with claws on its wing digits?,Secretary bird,Cormorant,Hoatzin,Cassowary,Hoatzin,,,,animals,"opentdb, animals",hard,1,opentdb,CC BY-SA 4.0,Open Trivia DB (https://opentdb.com/) — CC BY-SA 4.0,OTDB category: Animals,true
opentdb-animals-673,fact,multi,"The dish Fugu, is made from what family of fish?",Mackerel,Pufferfish,Salmon,Bass,Pufferfish,,,,animals,"opentdb, animals",medium,1,opentdb,CC BY-SA 4.0,Open Trivia DB (https://opentdb.com/) — CC BY-SA 4.0,OTDB category: Animals,true
opentdb-animals-674,fact,multi,What is the fastest  land animal?,Pronghorn Antelope,Thomson’s Gazelle,Lion,Cheetah,Cheetah,,,,animals,"opentdb, animals",easy,1,opentdb,CC BY-SA 4.0,Open Trivia DB (https://opentdb.com/) — CC BY-SA 4.0,OTDB category: Animals,true
opentdb-animals-675,fact,multi,"The Kākāpō is a large, flightless, nocturnal parrot native to which country?",Australia,Madagascar,New Zealand,South Africa,New Zealand,,,,animals,"opentdb, animals",easy,1,opentdb,CC BY-SA 4.0,Open Trivia DB (https://opentdb.com/) — CC BY-SA 4.0,OTDB category: Animals,true
opentdb-animals-676,fact,multi,What is the collective noun for rats?,Mischief,Pack,Drift,Race,Mischief,,,,animals,"opentdb, animals",medium,1,opentdb,CC BY-SA 4.0,Open Trivia DB (https://opentdb.com/) — CC BY-SA 4.0,OTDB category: Animals,true
opentdb-animals-677,fact,multi,"What does ""hippopotamus"" mean and in what langauge?",Fat Pig (Greek),Fat Pig (Latin),River Horse (Greek),River Horse (Latin),River Horse (Greek),,,,animals,"opentdb, animals",medium,1,opentdb,CC BY-SA 4.0,Open Trivia DB (https://opentdb.com/) — CC BY-SA 4.0,OTDB category: Animals,true
opentdb-animals-678,fact,multi,What is the name for a male bee that comes from an unfertilized egg?,Male,Drone,Worker,Soldier,Drone,,,,animals,"opentdb, animals",medium,1,opentdb,CC BY-SA 4.0,Open Trivia DB (https://opentdb.com/) — CC BY-SA 4.0,OTDB category: Animals,true
opentdb-animals-679,fact,multi,What is the national bird of Bahrain?,Falcon,Hummingbird,Sparrow,Bulbul,Bulbul,,,,animals,"opentdb, animals",medium,1,opentdb,CC BY-SA 4.0,Open Trivia DB (https://opentdb.com/) — CC BY-SA 4.0,OTDB category: Animals,true
opentdb-animals-680,fact,multi,"By definition, where does an abyssopelagic animal live?",Inside a tree,At the bottom of the ocean,In the desert,On top of a mountain,At the bottom of the ocean,,,,animals,"opentdb, animals",easy,1,opentdb,CC BY-SA 4.0,Open Trivia DB (https://opentdb.com/) — CC BY-SA 4.0,OTDB category: Animals,true
opentdb-animals-681,fact,multi,What scientific suborder does the family Hyaenidae belong to?,Haplorhini,Feliformia,Ciconiiformes,Caniformia,Feliformia,,,,animals,"opentdb, animals",hard,1,opentdb,CC BY-SA 4.0,Open Trivia DB (https://opentdb.com/) — CC BY-SA 4.0,OTDB category: Animals,true
opentdb-animals-682,fact,multi,Which class of animals are newts members of?,Mammals,Amphibian,Fish,Reptiles,Amphibian,,,,animals,"opentdb, animals",easy,1,opentdb,CC BY-SA 4.0,Open Trivia DB (https://opentdb.com/) — CC BY-SA 4.0,OTDB category: Animals,true
opentdb-animals-683,fact,multi,"A carnivorous animal eats flesh, what does a nucivorous animal eat?",Nothing,Seaweed,Fruit,Nuts,Nuts,,,,animals,"opentdb, animals",medium,1,opentdb,CC BY-SA 4.0,Open Trivia DB (https://opentdb.com/) — CC BY-SA 4.0,OTDB category: Animals,true
opentdb-animals-684,fact,multi,Which breed of dog is traditionally associated with firefighters?,Mastiff,Great Dane,German Shepard,Dalmatians,Dalmatians,,,,animals,"opentdb, animals",easy,1,opentdb,CC BY-SA 4.0,Open Trivia DB (https://opentdb.com/) — CC BY-SA 4.0,OTDB category: Animals,true
opentdb-animals-685,fact,multi,About how much of their body weight in food do sea otters eat every day?,25%,80%,45%,10%,25%,,,,animals,"opentdb, animals",medium,1,opentdb,CC BY-SA 4.0,Open Trivia DB (https://opentdb.com/) — CC BY-SA 4.0,OTDB category: Animals,true
opentdb-animals-686,fact,multi,"Unlike on most salamanders, this part of a newt is flat?",Head,Tail,Teeth,Feet,Tail,,,,animals,"opentdb, animals",hard,1,opentdb,CC BY-SA 4.0,Open Trivia DB (https://opentdb.com/) — CC BY-SA 4.0,OTDB category: Animals,true
opentdb-animals-687,fact,multi,What are rhino's horn made of?,Skin,Keratin,Ivory,Bone,Keratin,,,,animals,"opentdb, animals",medium,1,opentdb,CC BY-SA 4.0,Open Trivia DB (https://opentdb.com/) — CC BY-SA 4.0,OTDB category: Animals,true
opentdb-animals-688,fact,multi,Which of these animals are not real?,Nemean Lion,Tasmanian Devil,Sea Dragon,Giant Squid,Nemean Lion,,,,animals,"opentdb, animals",easy,1,opentdb,CC BY-SA 4.0,Open Trivia DB (https://opentdb.com/) — CC BY-SA 4.0,OTDB category: Animals,true
opentdb-animals-689,fact,multi,What is the collective noun for bears?,Drove,Sloth,Tribe,Husk,Sloth,,,,animals,"opentdb, animals",medium,1,opentdb,CC BY-SA 4.0,Open Trivia DB (https://opentdb.com/) — CC BY-SA 4.0,OTDB category: Animals,true
opentdb-animals-690,fact,multi,What colour is the female blackbird?,Black,White,Yellow,Brown,Brown,,,,animals,"opentdb, animals",easy,1,opentdb,CC BY-SA 4.0,Open Trivia DB (https://opentdb.com/) — CC BY-SA 4.0,OTDB category: Animals,true
opentdb-animals-691,fact,multi,Which of the following is NOT a venomous snake?,Black mamba,Malayan Krait,Reticulated python,Yellow bellied sea snake,Reticulated python,,,,animals,"opentdb, animals",medium,1,opentdb,CC BY-SA 4.0,Open Trivia DB (https://opentdb.com/) — CC BY-SA 4.0,OTDB category: Animals,true
opentdb-animals-692,fact,multi,What is the collective noun for a group of crows?,Pack,Gaggle,Herd,Murder,Murder,,,,animals,"opentdb, animals",easy,1,opentdb,CC BY-SA 4.0,Open Trivia DB (https://opentdb.com/) — CC BY-SA 4.0,OTDB category: Animals,true
opentdb-animals-693,fact,multi,Hippocampus is the Latin name for which marine creature?,Dolphin,Whale,Seahorse,Octopus,Seahorse,,,,animals,"opentdb, animals",easy,1,opentdb,CC BY-SA 4.0,Open Trivia DB (https://opentdb.com/) — CC BY-SA 4.0,OTDB category: Animals,true
opentdb-animals-694,fact,multi,How many legs do butterflies have?,4,0,6,2,6,,,,animals,"opentdb, animals",easy,1,opentdb,CC BY-SA 4.0,Open Trivia DB (https://opentdb.com/) — CC BY-SA 4.0,OTDB category: Animals,true
opentdb-animals-695,fact,multi,How many known living species of hyenas are there?,6,8,2,4,4,,,,animals,"opentdb, animals",hard,1,opentdb,CC BY-SA 4.0,Open Trivia DB (https://opentdb.com/) — CC BY-SA 4.0,OTDB category: Animals,true
opentdb-animals-696,fact,multi,What is the world's longest venomous snake?,Yellow Bellied Sea Snake,Inland Taipan,Green Anaconda,King Cobra,King Cobra,,,,animals,"opentdb, animals",medium,1,opentdb,CC BY-SA 4.0,Open Trivia DB (https://opentdb.com/) — CC BY-SA 4.0,OTDB category: Animals,true
opentdb-animals-697,fact,multi,Which of these species is not extinct?,Tasmanian tiger,Komodo dragon,Saudi gazelle,Japanese sea lion,Komodo dragon,,,,animals,"opentdb, animals",medium,1,opentdb,CC BY-SA 4.0,Open Trivia DB (https://opentdb.com/) — CC BY-SA 4.0,OTDB category: Animals,true
opentdb-animals-698,fact,multi,What is Grumpy Cat's real name?,Broccoli,Minnie,Tardar Sauce,Sauce,Tardar Sauce,,,,animals,"opentdb, animals",easy,1,opentdb,CC BY-SA 4.0,Open Trivia DB (https://opentdb.com/) — CC BY-SA 4.0,OTDB category: Animals,true
opentdb-animals-699,fact,multi,"What is the scientific name for the ""Polar Bear""?",Ursus Spelaeus,Ursus Arctos,Ursus Maritimus,Polar Bear,Ursus Maritimus,,,,animals,"opentdb, animals",medium,1,opentdb,CC BY-SA 4.0,Open Trivia DB (https://opentdb.com/) — CC BY-SA 4.0,OTDB category: Animals,true
opentdb-animals-700,fact,multi,What is the name of the copper-rich protein that creates the blue blood in the Antarctic octopus?,Iron,Methionine,Cytochrome,Hemocyanin,Hemocyanin,,,,animals,"opentdb, animals",hard,1,opentdb,CC BY-SA 4.0,Open Trivia DB (https://opentdb.com/) — CC BY-SA 4.0,OTDB category: Animals,true
opentdb-art-701,fact,multi,Which of these is not an additional variation of the color purple?,Palatinate,Pomp and Power,Kobicha,Byzantium,Kobicha,,,,art,"opentdb, art",hard,1,opentdb,CC BY-SA 4.0,Open Trivia DB (https://opentdb.com/) — CC BY-SA 4.0,OTDB category: Art,true
opentdb-art-702,fact,multi,"Who painted ""American Gothic""?",Grant Wood,Anita Malfatti,Marc Chagall,Pablo Picasso,Grant Wood,,,,art,"opentdb, art",hard,1,opentdb,CC BY-SA 4.0,Open Trivia DB (https://opentdb.com/) — CC BY-SA 4.0,OTDB category: Art,true
opentdb-art-703,fact,multi,"What year did Albrecht Dürer create the painting ""The Young Hare""?",1402,1502,1702,1602,1502,,,,art,"opentdb, art",hard,1,opentdb,CC BY-SA 4.0,Open Trivia DB (https://opentdb.com/) — CC BY-SA 4.0,OTDB category: Art,true
opentdb-art-704,fact,multi,Which art movement was Pablo Picasso known for co-founding?,Expressionism,Impressionism,Cubism,Futurism,Cubism,,,,art,"opentdb, art",hard,1,opentdb,CC BY-SA 4.0,Open Trivia DB (https://opentdb.com/) — CC BY-SA 4.0,OTDB category: Art,true
opentdb-art-705,fact,multi,Who sculpted the statue of David?,Donatello,Michelangelo,Auguste Rodin,Gian Lorenzo Bernini,Michelangelo,,,,art,"opentdb, art",easy,1,opentdb,CC BY-SA 4.0,Open Trivia DB (https://opentdb.com/) — CC BY-SA 4.0,OTDB category: Art,true
opentdb-art-706,fact,multi,What color is produced by mixing black and white?,Black,Grey,White,Brown,Grey,,,,art,"opentdb, art",easy,1,opentdb,CC BY-SA 4.0,Open Trivia DB (https://opentdb.com/) — CC BY-SA 4.0,OTDB category: Art,true
opentdb-art-707,fact,multi,What is a fundamental element of the Gothic style of architecture?,internal frescoes,façades surmounted by a pediment,coffered ceilings,pointed arch,pointed arch,,,,art,"opentdb, art",easy,1,opentdb,CC BY-SA 4.0,Open Trivia DB (https://opentdb.com/) — CC BY-SA 4.0,OTDB category: Art,true
opentdb-art-708,fact,multi,Who designed the Chupa Chups logo?,Vincent van Gogh,Andy Warhol,Pablo Picasso,Salvador Dali,Salvador Dali,,,,art,"opentdb, art",medium,1,opentdb,CC BY-SA 4.0,Open Trivia DB (https://opentdb.com/) — CC BY-SA 4.0,OTDB category: Art,true
opentdb-art-709,fact,multi,"Who painted ""The Scream""?",Henri Matisse,Vincent Van Gogh,Picasso,Edvard Munch,Edvard Munch,,,,art,"opentdb, art",medium,1,opentdb,CC BY-SA 4.0,Open Trivia DB (https://opentdb.com/) — CC BY-SA 4.0,OTDB category: Art,true
opentdb-art-710,fact,multi,What was the first successful and commercially viable photographic technique?,Collodion process,The Turin Shroud,Kodachrome film,The Daguerreotype,The Daguerreotype,,,,art,"opentdb, art",hard,1,opentdb,CC BY-SA 4.0,Open Trivia DB (https://opentdb.com/) — CC BY-SA 4.0,OTDB category: Art,true
opentdb-art-711,fact,multi,What nationality was the famous artist Van Gogh?,Dutch,Polish,French,Russian,Dutch,,,,art,"opentdb, art",hard,1,opentdb,CC BY-SA 4.0,Open Trivia DB (https://opentdb.com/) — CC BY-SA 4.0,OTDB category: Art,true
opentdb-art-712,fact,multi,What is the name of the Japanese art of folding paper into decorative shapes and figures?,Sumi-e,Haiku,Ukiyo-e,Origami,Origami,,,,art,"opentdb, art",easy,1,opentdb,CC BY-SA 4.0,Open Trivia DB (https://opentdb.com/) — CC BY-SA 4.0,OTDB category: Art,true
opentdb-art-713,fact,multi,Which Greek sculptor designed the Athena Parthenos statue inside the Parthenon?,Hesiod,Phidias,Scopas,Praxiteles,Phidias,,,,art,"opentdb, art",medium,1,opentdb,CC BY-SA 4.0,Open Trivia DB (https://opentdb.com/) — CC BY-SA 4.0,OTDB category: Art,true
opentdb-art-714,fact,multi,"Who painted ""Swans Reflecting Elephants"", ""Sleep"", and ""The Persistence of Memory""?",Jackson Pollock,Edgar Degas,Vincent van Gogh,Salvador Dali,Salvador Dali,,,,art,"opentdb, art",easy,1,opentdb,CC BY-SA 4.0,Open Trivia DB (https://opentdb.com/) — CC BY-SA 4.0,OTDB category: Art,true
opentdb-art-715,fact,multi,"How many paint and pastel versions of ""The Scream"" is Norwegian painter Edvard Munch believed to have produced?",4,2,1,3,4,,,,art,"opentdb, art",hard,1,opentdb,CC BY-SA 4.0,Open Trivia DB (https://opentdb.com/) — CC BY-SA 4.0,OTDB category: Art,true
opentdb-art-716,fact,multi,Paul Gauguin moved to which country in 1895?,Atuona,Tahiti,Lithuania,France,Tahiti,,,,art,"opentdb, art",hard,1,opentdb,CC BY-SA 4.0,Open Trivia DB (https://opentdb.com/) — CC BY-SA 4.0,OTDB category: Art,true
opentdb-art-717,fact,multi,What is the world's oldest known piece of fiction?,Code of Hammurabi,Papyrus of Ani,Epic of Gilgamesh,Rosetta Stone,Epic of Gilgamesh,,,,art,"opentdb, art",easy,1,opentdb,CC BY-SA 4.0,Open Trivia DB (https://opentdb.com/) — CC BY-SA 4.0,OTDB category: Art,true
opentdb-art-718,fact,multi,Which one of these paintings is not by Caspar David Friedrich?,The Sea of Ice,The Monk by the Sea,The Black Sea,Wanderer above the Sea of Fog,The Black Sea,,,,art,"opentdb, art",medium,1,opentdb,CC BY-SA 4.0,Open Trivia DB (https://opentdb.com/) — CC BY-SA 4.0,OTDB category: Art,true
opentdb-art-719,fact,multi,What year was the Mona Lisa finished?,1511,1523,1487,1504,1504,,,,art,"opentdb, art",hard,1,opentdb,CC BY-SA 4.0,Open Trivia DB (https://opentdb.com/) — CC BY-SA 4.0,OTDB category: Art,true
opentdb-art-720,fact,multi,Who painted the Mona Lisa?,Leonardo da Vinci,Michelangelo,Vincent van Gogh,Pablo Picasso,Leonardo da Vinci,,,,art,"opentdb, art",easy,1,opentdb,CC BY-SA 4.0,Open Trivia DB (https://opentdb.com/) — CC BY-SA 4.0,OTDB category: Art,true
opentdb-art-721,fact,multi,What French sculptor designed the Statue of Liberty?,Auguste Rodin,Henri Matisse,Frédéric Auguste Bartholdi,Jean-Léon Gérôme,Frédéric Auguste Bartholdi,,,,art,"opentdb, art",hard,1,opentdb,CC BY-SA 4.0,Open Trivia DB (https://opentdb.com/) — CC BY-SA 4.0,OTDB category: Art,true
opentdb-art-722,fact,multi,Which artist’s studio was known as 'The Factory'?,Peter Blake,Andy Warhol,David Hockney,Roy Lichtenstein,Andy Warhol,,,,art,"opentdb, art",medium,1,opentdb,CC BY-SA 4.0,Open Trivia DB (https://opentdb.com/) — CC BY-SA 4.0,OTDB category: Art,true
opentdb-art-723,fact,multi,Painter Piet Mondrian (1872 - 1944) was a part of what movement?,Neoplasticism,Precisionism,Impressionism,Cubism,Neoplasticism,,,,art,"opentdb, art",hard,1,opentdb,CC BY-SA 4.0,Open Trivia DB (https://opentdb.com/) — CC BY-SA 4.0,OTDB category: Art,true
opentdb-art-724,fact,multi,What nationality was the famous artist Pablo Picasso?,German,French,Italian,Spanish,Spanish,,,,art,"opentdb, art",hard,1,opentdb,CC BY-SA 4.0,Open Trivia DB (https://opentdb.com/) — CC BY-SA 4.0,OTDB category: Art,true
opentdb-art-725,fact,multi,Which Van Gogh painting depicts the view from his asylum in Saint-Rémy-de-Provence in southern France?,The Church at Auvers,The Starry Night,Wheatfields with Crows,The Sower with Setting Sun,The Starry Night,,,,art,"opentdb, art",easy,1,opentdb,CC BY-SA 4.0,Open Trivia DB (https://opentdb.com/) — CC BY-SA 4.0,OTDB category: Art,true
opentdb-art-726,fact,multi,What is another name for La Gioconda / La Joconde?,Sunflowers,The Girl with a Pearl Earring,The Starry Night,The Mona Lisa,The Mona Lisa,,,,art,"opentdb, art",easy,1,opentdb,CC BY-SA 4.0,Open Trivia DB (https://opentdb.com/) — CC BY-SA 4.0,OTDB category: Art,true
opentdb-art-727,fact,multi,Who painted the Sistine Chapel?,Leonardo da Vinci,Pablo Picasso,Raphael,Michelangelo,Michelangelo,,,,art,"opentdb, art",easy,1,opentdb,CC BY-SA 4.0,Open Trivia DB (https://opentdb.com/) — CC BY-SA 4.0,OTDB category: Art,true
opentdb-art-728,fact,multi,What was the major distinction between the English and French Gothic styles of architecture?,Pinnacles,Hemispherical Domes,Gargoyles,Fan vaulting,Fan vaulting,,,,art,"opentdb, art",hard,1,opentdb,CC BY-SA 4.0,Open Trivia DB (https://opentdb.com/) — CC BY-SA 4.0,OTDB category: Art,true
opentdb-art-729,fact,multi,"The painting ""The Starry Night"" by Vincent van Gogh was part of which art movement?",Post-Impressionism,Romanticism,Neoclassical,Impressionism,Post-Impressionism,,,,art,"opentdb, art",hard,1,opentdb,CC BY-SA 4.0,Open Trivia DB (https://opentdb.com/) — CC BY-SA 4.0,OTDB category: Art,true
opentdb-art-730,fact,multi,Who painted the epic mural Guernica?,Pablo Picasso,Henri Matisse,Leonardo da Vinci,Francisco Goya,Pablo Picasso,,,,art,"opentdb, art",medium,1,opentdb,CC BY-SA 4.0,Open Trivia DB (https://opentdb.com/) — CC BY-SA 4.0,OTDB category: Art,true
opentdb-art-731,fact,multi,"Who painted ""The Starry Night""?",Vincent van Gogh,Pablo Picasso,Edvard Munch,Claude Monet,Vincent van Gogh,,,,art,"opentdb, art",easy,1,opentdb,CC BY-SA 4.0,Open Trivia DB (https://opentdb.com/) — CC BY-SA 4.0,OTDB category: Art,true
opentdb-art-732,fact,multi,Which of these paintings did Johannes Vermeer not paint?,Girl with a Pearl Earring,Bacchus,The Lacemaker,The Milkmaid,Bacchus,,,,art,"opentdb, art",medium,1,opentdb,CC BY-SA 4.0,Open Trivia DB (https://opentdb.com/) — CC BY-SA 4.0,OTDB category: Art,true
opentdb-art-733,fact,multi,Which artist is famous for cutting off his ear?,Vincent van Gogh,Salvador Dali,Rembrandt,Michelangelo,Vincent van Gogh,,,,art,"opentdb, art",easy,1,opentdb,CC BY-SA 4.0,Open Trivia DB (https://opentdb.com/) — CC BY-SA 4.0,OTDB category: Art,true
opentdb-art-734,fact,multi,Which one of these colors are not featured in Mondrian's Broadway Boogie-Woogie?,Red,Blue,Green,Yellow,Green,,,,art,"opentdb, art",medium,1,opentdb,CC BY-SA 4.0,Open Trivia DB (https://opentdb.com/) — CC BY-SA 4.0,OTDB category: Art,true
opentdb-art-735,fact,multi,Which artist's style was to use small different colored dots to create a picture?,Henri Rousseau,Georges Seurat,Vincent Van Gogh,Paul Cézanne,Georges Seurat,,,,art,"opentdb, art",medium,1,opentdb,CC BY-SA 4.0,Open Trivia DB (https://opentdb.com/) — CC BY-SA 4.0,OTDB category: Art,true
opentdb-art-736,fact,multi,Albrecht Dürer's birthplace and place of death were in...,Augsburg,Nürnberg,Berlin,Bamberg,Nürnberg,,,,art,"opentdb, art",hard,1,opentdb,CC BY-SA 4.0,Open Trivia DB (https://opentdb.com/) — CC BY-SA 4.0,OTDB category: Art,true
opentdb-art-737,fact,multi,"The painting ""Guernica"" by Pablo Picasso expressed emotions of dread in response to which war?",Spanish-American War,The Crimean War,World War I,Spanish Civil War,Spanish Civil War,,,,art,"opentdb, art",hard,1,opentdb,CC BY-SA 4.0,Open Trivia DB (https://opentdb.com/) — CC BY-SA 4.0,OTDB category: Art,true
opentdb-art-738,fact,multi,Which of these are the name of a famous marker brand?,Dopix,Cofix,Copic,Marx,Copic,,,,art,"opentdb, art",medium,1,opentdb,CC BY-SA 4.0,Open Trivia DB (https://opentdb.com/) — CC BY-SA 4.0,OTDB category: Art,true
opentdb-art-739,fact,multi,What were Marcel Duchamp's readymades?,paintings with a barely visible outlined square,a series focused on color and light as opposed to line and shape,a group of identical steel boxes jutting from the wall,utilitarian objects elevated to the status of art,utilitarian objects elevated to the status of art,,,,art,"opentdb, art",medium,1,opentdb,CC BY-SA 4.0,Open Trivia DB (https://opentdb.com/) — CC BY-SA 4.0,OTDB category: Art,true
opentdb-art-740,fact,multi,Which artist painted the late 15th century mural 'The Last Supper'?,Leonardo da Vinci,Luca Pacioli,Piero della Francesca,Paolo Uccello,Leonardo da Vinci,,,,art,"opentdb, art",easy,1,opentdb,CC BY-SA 4.0,Open Trivia DB (https://opentdb.com/) — CC BY-SA 4.0,OTDB category: Art,true
opentdb-art-741,fact,multi,What nationality was the surrealist painter Salvador Dali?,Italian,French,Spanish,Portuguese,Spanish,,,,art,"opentdb, art",medium,1,opentdb,CC BY-SA 4.0,Open Trivia DB (https://opentdb.com/) — CC BY-SA 4.0,OTDB category: Art,true
opentdb-art-742,fact,multi,"Who painted the painting ""Nighthawks""?",Johannes Vermeer,Salvador Dali,Vincent van Gogh,Edward Hopper,Edward Hopper,,,,art,"opentdb, art",medium,1,opentdb,CC BY-SA 4.0,Open Trivia DB (https://opentdb.com/) — CC BY-SA 4.0,OTDB category: Art,true
opentdb-art-743,fact,multi,"Which artist painted “The Treachery of Images,” a painting of a pipe with the description ""this is not a pipe""?",Magritte,Modigliani,Matisse,Munch,Magritte,,,,art,"opentdb, art",medium,1,opentdb,CC BY-SA 4.0,Open Trivia DB (https://opentdb.com/) — CC BY-SA 4.0,OTDB category: Art,true
opentdb-art-744,fact,multi,"In ""Last Supper"" by Leonardo Da Vinci, what two colors were the robes worn by Jesus?",Red and Black,Red and Blue,Red and White,Red and Yellow,Red and Blue,,,,art,"opentdb, art",medium,1,opentdb,CC BY-SA 4.0,Open Trivia DB (https://opentdb.com/) — CC BY-SA 4.0,OTDB category: Art,true
opentdb-art-745,fact,multi,Who painted the biblical fresco The Creation of Adam?,Caravaggio,Michelangelo,Leonardo da Vinci,Rembrandt,Michelangelo,,,,art,"opentdb, art",easy,1,opentdb,CC BY-SA 4.0,Open Trivia DB (https://opentdb.com/) — CC BY-SA 4.0,OTDB category: Art,true
opentdb-art-746,fact,multi,"When was Salvador Dali's painting, ""The Persistence of Memory,"" completed?",1934,1929,1932,1931,1931,,,,art,"opentdb, art",hard,1,opentdb,CC BY-SA 4.0,Open Trivia DB (https://opentdb.com/) — CC BY-SA 4.0,OTDB category: Art,true
opentdb-art-747,fact,multi,Which time signature is commonly known as “Cut Time?”,4/4,3/4,6/8,2/2,2/2,,,,art,"opentdb, art",medium,1,opentdb,CC BY-SA 4.0,Open Trivia DB (https://opentdb.com/) — CC BY-SA 4.0,OTDB category: Art,true
opentdb-art-748,fact,multi,Which painting was not made by Vincent Van Gogh?,Bedroom In Arles,The Ninth Wave,Starry Night,Café Terrace at Night,The Ninth Wave,,,,art,"opentdb, art",easy,1,opentdb,CC BY-SA 4.0,Open Trivia DB (https://opentdb.com/) — CC BY-SA 4.0,OTDB category: Art,true
opentdb-art-749,fact,multi,Who painted The Starry Night?,Pablo Picasso,Leonardo da Vinci,Vincent van Gogh,Michelangelo,Vincent van Gogh,,,,art,"opentdb, art",easy,1,opentdb,CC BY-SA 4.0,Open Trivia DB (https://opentdb.com/) — CC BY-SA 4.0,OTDB category: Art,true
opentdb-mythology-750,fact,multi,An Ankh is the Egyptian Hieroglyph for what?,Hatred,Love,Life,Poison,Life,,,,mythology,"opentdb, mythology",easy,1,opentdb,CC BY-SA 4.0,Open Trivia DB (https://opentdb.com/) — CC BY-SA 4.0,OTDB category: Mythology,true
opentdb-mythology-751,fact,multi,Which of the following is not one of the Greek Fates?,Narcissus,Atropos,Clotho,Lachesis,Narcissus,,,,mythology,"opentdb, mythology",medium,1,opentdb,CC BY-SA 4.0,Open Trivia DB (https://opentdb.com/) — CC BY-SA 4.0,OTDB category: Mythology,true
opentdb-mythology-752,fact,multi,"Talos, the mythical giant bronze man, was the protector of which island?",Crete,Cyprus,Sardinia,Sicily,Crete,,,,mythology,"opentdb, mythology",hard,1,opentdb,CC BY-SA 4.0,Open Trivia DB (https://opentdb.com/) — CC BY-SA 4.0,OTDB category: Mythology,true
opentdb-mythology-753,fact,multi,"In Greek Mythology, who killed Achilles?",Hector,Helen,Paris,Pericles,Paris,,,,mythology,"opentdb, mythology",medium,1,opentdb,CC BY-SA 4.0,Open Trivia DB (https://opentdb.com/) — CC BY-SA 4.0,OTDB category: Mythology,true
opentdb-mythology-754,fact,multi,"In Greek mythology, who is the god of wine?",Demeter,Dionysus,Hephaestus,Apollo,Dionysus,,,,mythology,"opentdb, mythology",easy,1,opentdb,CC BY-SA 4.0,Open Trivia DB (https://opentdb.com/) — CC BY-SA 4.0,OTDB category: Mythology,true
opentdb-mythology-755,fact,multi,Which of the following Mesopotamian mythological figures was NOT a deity?,Enkidu,Enki,Enkimdu,Enlil,Enkidu,,,,mythology,"opentdb, mythology",medium,1,opentdb,CC BY-SA 4.0,Open Trivia DB (https://opentdb.com/) — CC BY-SA 4.0,OTDB category: Mythology,true
opentdb-mythology-756,fact,multi,"What weakpoint of Achilles was expoited by the Trojan prince, Paris?",Back,Neck,Calf,Heel,Heel,,,,mythology,"opentdb, mythology",easy,1,opentdb,CC BY-SA 4.0,Open Trivia DB (https://opentdb.com/) — CC BY-SA 4.0,OTDB category: Mythology,true
opentdb-mythology-757,fact,multi,"In Norse Mythology, what is the name of the symbol commonly referred to as the ""Tree of Life""?",Odin's Roots,Ymir,Yggdrasil,Tree of the Earth,Yggdrasil,,,,mythology,"opentdb, mythology",medium,1,opentdb,CC BY-SA 4.0,Open Trivia DB (https://opentdb.com/) — CC BY-SA 4.0,OTDB category: Mythology,true
opentdb-mythology-758,fact,multi,Who was the only god from Greece who did not get a name change in Rome?,Athena,Zeus,Apollo,Demeter,Apollo,,,,mythology,"opentdb, mythology",easy,1,opentdb,CC BY-SA 4.0,Open Trivia DB (https://opentdb.com/) — CC BY-SA 4.0,OTDB category: Mythology,true
opentdb-mythology-759,fact,multi,The Nike apparel and footwear brand takes it's name from the Greek goddess of what?,Honor,Strength,Courage,Victory,Victory,,,,mythology,"opentdb, mythology",easy,1,opentdb,CC BY-SA 4.0,Open Trivia DB (https://opentdb.com/) — CC BY-SA 4.0,OTDB category: Mythology,true
opentdb-mythology-760,fact,multi,"Who is a minor god that is protector and creator of various arts, such as cheese making and bee keeping.",Carme,Aristaeus,Cephisso,Autonoe,Aristaeus,,,,mythology,"opentdb, mythology",hard,1,opentdb,CC BY-SA 4.0,Open Trivia DB (https://opentdb.com/) — CC BY-SA 4.0,OTDB category: Mythology,true
opentdb-mythology-761,fact,multi,"The Hippogriff, not to be confused with the Griffon, is a magical creature with the front half of an eagle, and the back half of what?",A Tiger,A Horse,A Dragon,A Lion,A Horse,,,,mythology,"opentdb, mythology",medium,1,opentdb,CC BY-SA 4.0,Open Trivia DB (https://opentdb.com/) — CC BY-SA 4.0,OTDB category: Mythology,true
opentdb-mythology-762,fact,multi,"In Greek mythology, Persephone must return to the underworld because she had eaten what kind of seeds?",Orange,Fig,Pomegranate,Sunflower,Pomegranate,,,,mythology,"opentdb, mythology",medium,1,opentdb,CC BY-SA 4.0,Open Trivia DB (https://opentdb.com/) — CC BY-SA 4.0,OTDB category: Mythology,true
opentdb-mythology-763,fact,multi,Which of these mythological creatures is said to be half-man and half-horse?,Gorgon,Pegasus,Minotaur,Centaur,Centaur,,,,mythology,"opentdb, mythology",easy,1,opentdb,CC BY-SA 4.0,Open Trivia DB (https://opentdb.com/) — CC BY-SA 4.0,OTDB category: Mythology,true
opentdb-mythology-764,fact,multi,What mytological creatures have women's faces and vultures' bodies?,Lilith,Harpies,Mermaids,Nymph,Harpies,,,,mythology,"opentdb, mythology",easy,1,opentdb,CC BY-SA 4.0,Open Trivia DB (https://opentdb.com/) — CC BY-SA 4.0,OTDB category: Mythology,true
opentdb-mythology-765,fact,multi,Who is the Egyptian god of reproduction and lettuce?,Mut,Min,Menu,Meret,Min,,,,mythology,"opentdb, mythology",hard,1,opentdb,CC BY-SA 4.0,Open Trivia DB (https://opentdb.com/) — CC BY-SA 4.0,OTDB category: Mythology,true
opentdb-mythology-766,fact,multi,Which of these Roman gods doesn't have a counterpart in Greek mythology?,Vulcan,Janus,Juno,Mars,Janus,,,,mythology,"opentdb, mythology",medium,1,opentdb,CC BY-SA 4.0,Open Trivia DB (https://opentdb.com/) — CC BY-SA 4.0,OTDB category: Mythology,true
opentdb-mythology-767,fact,multi,How many heads does Cerberus have?,5,3,2,1,3,,,,mythology,"opentdb, mythology",easy,1,opentdb,CC BY-SA 4.0,Open Trivia DB (https://opentdb.com/) — CC BY-SA 4.0,OTDB category: Mythology,true
opentdb-mythology-768,fact,multi,Who did Hippomenes defeat in a footrace?,Theseus,Jason,Peleus,Atalanta,Atalanta,,,,mythology,"opentdb, mythology",hard,1,opentdb,CC BY-SA 4.0,Open Trivia DB (https://opentdb.com/) — CC BY-SA 4.0,OTDB category: Mythology,true
opentdb-mythology-769,fact,multi,Who was the King of Gods in Ancient Greek mythology?,Zeus,Poseidon,Hermes,Apollo,Zeus,,,,mythology,"opentdb, mythology",easy,1,opentdb,CC BY-SA 4.0,Open Trivia DB (https://opentdb.com/) — CC BY-SA 4.0,OTDB category: Mythology,true
opentdb-mythology-770,fact,multi,Which Norse God has a horse named Sleipnir?,Balder,Thor,Frigg,Odin,Odin,,,,mythology,"opentdb, mythology",hard,1,opentdb,CC BY-SA 4.0,Open Trivia DB (https://opentdb.com/) — CC BY-SA 4.0,OTDB category: Mythology,true
opentdb-mythology-771,fact,multi,"According to the Egyptian Myth of Osiris, who murdered Osiris?",Ra,Set,Horus,Anhur,Set,,,,mythology,"opentdb, mythology",medium,1,opentdb,CC BY-SA 4.0,Open Trivia DB (https://opentdb.com/) — CC BY-SA 4.0,OTDB category: Mythology,true
opentdb-mythology-772,fact,multi,What was the punishment for Sysiphus's craftiness?,"Tied to a boulder for eternity, being pecked by birds.",Standing in a lake filled with water he could not drink.,To fell a tree that regenerated after every axe swing.,Cursed to roll a boulder up a hill for eternity.,Cursed to roll a boulder up a hill for eternity.,,,,mythology,"opentdb, mythology",hard,1,opentdb,CC BY-SA 4.0,Open Trivia DB (https://opentdb.com/) — CC BY-SA 4.0,OTDB category: Mythology,true
opentdb-mythology-773,fact,multi,"According to Japanese folklore, what is the favorite food of the Kappa.",Cucumbers,Kabocha,Nasu,Soba,Cucumbers,,,,mythology,"opentdb, mythology",medium,1,opentdb,CC BY-SA 4.0,Open Trivia DB (https://opentdb.com/) — CC BY-SA 4.0,OTDB category: Mythology,true
opentdb-mythology-774,fact,multi,"The Norse god Odin has two pet crows named ""Huginn"" and ""Muninn"".  What do their names mean?",War & Learning,Thought & Memory,Power & Peace,Sleeping & Waking,Thought & Memory,,,,mythology,"opentdb, mythology",medium,1,opentdb,CC BY-SA 4.0,Open Trivia DB (https://opentdb.com/) — CC BY-SA 4.0,OTDB category: Mythology,true
opentdb-mythology-775,fact,multi,"Who in Greek mythology, who led the Argonauts in search of the Golden Fleece?",Daedalus,Castor,Odysseus,Jason,Jason,,,,mythology,"opentdb, mythology",easy,1,opentdb,CC BY-SA 4.0,Open Trivia DB (https://opentdb.com/) — CC BY-SA 4.0,OTDB category: Mythology,true
opentdb-mythology-776,fact,multi,Who is the god of war in Polynesian mythology?,Kohara,Hina,Māui,'Oro,'Oro,,,,mythology,"opentdb, mythology",medium,1,opentdb,CC BY-SA 4.0,Open Trivia DB (https://opentdb.com/) — CC BY-SA 4.0,OTDB category: Mythology,true
opentdb-mythology-777,fact,multi,Who was the Roman god of fire?,Apollo,Mercury,Vulcan,Jupiter,Vulcan,,,,mythology,"opentdb, mythology",medium,1,opentdb,CC BY-SA 4.0,Open Trivia DB (https://opentdb.com/) — CC BY-SA 4.0,OTDB category: Mythology,true
opentdb-mythology-778,fact,multi,Hel was the daughter of which Norse Mythological figure?,Balder,Odin,Loki,Thor,Loki,,,,mythology,"opentdb, mythology",medium,1,opentdb,CC BY-SA 4.0,Open Trivia DB (https://opentdb.com/) — CC BY-SA 4.0,OTDB category: Mythology,true
opentdb-mythology-779,fact,multi,What immense structure is referred to in Norse Mythology as the Yggdrasil.,Temple,Castle,Tree,Mountain,Tree,,,,mythology,"opentdb, mythology",hard,1,opentdb,CC BY-SA 4.0,Open Trivia DB (https://opentdb.com/) — CC BY-SA 4.0,OTDB category: Mythology,true
opentdb-mythology-780,fact,multi,This Greek goddess's name was chosen for the dwarf planet responsible for discord on Pluto's classification amongst astronomers.,Ceres,Dysnomia,Charon,Eris,Eris,,,,mythology,"opentdb, mythology",easy,1,opentdb,CC BY-SA 4.0,Open Trivia DB (https://opentdb.com/) — CC BY-SA 4.0,OTDB category: Mythology,true
opentdb-mythology-781,fact,multi,This Greek mythological figure is the god/goddess of battle strategy (among other things).,Apollo,Athena,Artemis,Ares,Athena,,,,mythology,"opentdb, mythology",medium,1,opentdb,CC BY-SA 4.0,Open Trivia DB (https://opentdb.com/) — CC BY-SA 4.0,OTDB category: Mythology,true
opentdb-mythology-782,fact,multi,What animal did Queen Pasipahe sleep with before she gave birth to the Minotaur in Greek Mythology?,Ox,Horse,Pig,Bull,Bull,,,,mythology,"opentdb, mythology",medium,1,opentdb,CC BY-SA 4.0,Open Trivia DB (https://opentdb.com/) — CC BY-SA 4.0,OTDB category: Mythology,true
opentdb-mythology-783,fact,multi,"What mythology did the god ""Apollo"" come from?","Greek, Roman and Norse",Greek and Roman,Greek and Chinese,Roman and Spanish,Greek and Roman,,,,mythology,"opentdb, mythology",easy,1,opentdb,CC BY-SA 4.0,Open Trivia DB (https://opentdb.com/) — CC BY-SA 4.0,OTDB category: Mythology,true
opentdb-mythology-784,fact,multi,Who is the God Loki's son?,Odin,Hel,Fenrir,Sigyn,Fenrir,,,,mythology,"opentdb, mythology",medium,1,opentdb,CC BY-SA 4.0,Open Trivia DB (https://opentdb.com/) — CC BY-SA 4.0,OTDB category: Mythology,true
opentdb-mythology-785,fact,multi,Hera is god of...,Marriage,Agriculture,Sea,War,Marriage,,,,mythology,"opentdb, mythology",medium,1,opentdb,CC BY-SA 4.0,Open Trivia DB (https://opentdb.com/) — CC BY-SA 4.0,OTDB category: Mythology,true
opentdb-mythology-786,fact,multi,"According to Algonquian folklore, how does one transform into a Wendigo?",Excessive mutilation of animal corpses.,Performing a ritual involving murder.,Drinking the blood of many slain animals.,Participating in cannibalism.,Participating in cannibalism.,,,,mythology,"opentdb, mythology",hard,1,opentdb,CC BY-SA 4.0,Open Trivia DB (https://opentdb.com/) — CC BY-SA 4.0,OTDB category: Mythology,true
opentdb-mythology-787,fact,multi,Nidhogg is a mythical creature from what mythology?,Hindu,Greek,Egyptian,Norse,Norse,,,,mythology,"opentdb, mythology",hard,1,opentdb,CC BY-SA 4.0,Open Trivia DB (https://opentdb.com/) — CC BY-SA 4.0,OTDB category: Mythology,true
opentdb-mythology-788,fact,multi,"In African mythology, Anansi is a trickster and storyteller who takes the shape of which animal?",Crocodile,Wild dog,Monkey,Spider,Spider,,,,mythology,"opentdb, mythology",medium,1,opentdb,CC BY-SA 4.0,Open Trivia DB (https://opentdb.com/) — CC BY-SA 4.0,OTDB category: Mythology,true
opentdb-mythology-789,fact,multi,Which figure from Greek mythology traveled to the underworld to return his wife Eurydice to the land of the living?,Hercules,Daedalus,Perseus,Orpheus,Orpheus,,,,mythology,"opentdb, mythology",easy,1,opentdb,CC BY-SA 4.0,Open Trivia DB (https://opentdb.com/) — CC BY-SA 4.0,OTDB category: Mythology,true
opentdb-mythology-790,fact,multi,"Which Greek & Roman god was known as the god of music, truth and prophecy, healing, the sun and light, plague, poetry, and more?",Aphrodite,Athena,Artemis,Apollo,Apollo,,,,mythology,"opentdb, mythology",easy,1,opentdb,CC BY-SA 4.0,Open Trivia DB (https://opentdb.com/) — CC BY-SA 4.0,OTDB category: Mythology,true
opentdb-mythology-791,fact,multi,"In Norse Mythology, Baldr was killed by Loki with a magical spear made from what plant?",Wolf's Bane,Hemlock,Buckthorn,Mistletoe,Mistletoe,,,,mythology,"opentdb, mythology",medium,1,opentdb,CC BY-SA 4.0,Open Trivia DB (https://opentdb.com/) — CC BY-SA 4.0,OTDB category: Mythology,true
opentdb-mythology-792,fact,multi,"Which greek god/goddess tossed a golden apple with the words ""for the fairest"" into the middle of the feast of the gods?",Ares,Eris,Artemis,Hades,Eris,,,,mythology,"opentdb, mythology",medium,1,opentdb,CC BY-SA 4.0,Open Trivia DB (https://opentdb.com/) — CC BY-SA 4.0,OTDB category: Mythology,true
opentdb-mythology-793,fact,multi,Which of the following is NOT a god in Norse Mythology.,Tyr,Loki,Snotra,Jens,Jens,,,,mythology,"opentdb, mythology",hard,1,opentdb,CC BY-SA 4.0,Open Trivia DB (https://opentdb.com/) — CC BY-SA 4.0,OTDB category: Mythology,true
opentdb-mythology-794,fact,multi,The ancient Roman god of war was commonly known as which of the following?,Mars,Jupiter,Juno,Ares,Mars,,,,mythology,"opentdb, mythology",easy,1,opentdb,CC BY-SA 4.0,Open Trivia DB (https://opentdb.com/) — CC BY-SA 4.0,OTDB category: Mythology,true
opentdb-mythology-795,fact,multi,"In Norse mythology, what is the name of the serpent which eats the roots of the ash tree Yggdrasil?",Bragi,Nidhogg,Odin,Ymir,Nidhogg,,,,mythology,"opentdb, mythology",hard,1,opentdb,CC BY-SA 4.0,Open Trivia DB (https://opentdb.com/) — CC BY-SA 4.0,OTDB category: Mythology,true
opentdb-mythology-796,fact,multi,What is the name of the Greek god of blacksmiths?,Artagatus,Dyntos,Hephaestus,Vulcan,Hephaestus,,,,mythology,"opentdb, mythology",medium,1,opentdb,CC BY-SA 4.0,Open Trivia DB (https://opentdb.com/) — CC BY-SA 4.0,OTDB category: Mythology,true
opentdb-mythology-797,fact,multi,What is the name of the wildman that Gilgamesh befriends and goes on adventures with?,Inanna,Enkidu,Agga,Ishtar,Enkidu,,,,mythology,"opentdb, mythology",medium,1,opentdb,CC BY-SA 4.0,Open Trivia DB (https://opentdb.com/) — CC BY-SA 4.0,OTDB category: Mythology,true
opentdb-mythology-798,fact,multi,"Who is the father of Icarus, who flew too close to the sun?",Daedalus,Perseus,Minos,Zeus,Daedalus,,,,mythology,"opentdb, mythology",medium,1,opentdb,CC BY-SA 4.0,Open Trivia DB (https://opentdb.com/) — CC BY-SA 4.0,OTDB category: Mythology,true
opentdb-mythology-799,fact,multi,"The Maori hold that which island nation was founded by Kupe, who discovered it under a long white cloud?",New Zealand,Fiji,Hawaii,Vanuatu,New Zealand,,,,mythology,"opentdb, mythology",medium,1,opentdb,CC BY-SA 4.0,Open Trivia DB (https://opentdb.com/) — CC BY-SA 4.0,OTDB category: Mythology,true
opentdb-sports-800,fact,multi,Which of these Russian cities did NOT contain a stadium that was used in the 2018 FIFA World Cup?,Rostov-on-Don,Vladivostok,Kaliningrad,Yekaterinburg,Vladivostok,,,,sports,"opentdb, sports",hard,1,opentdb,CC BY-SA 4.0,Open Trivia DB (https://opentdb.com/) — CC BY-SA 4.0,OTDB category: Sports,true
opentdb-sports-801,fact,multi,"Which of these teams isn't a member of the NHL's ""Original Six"" era?",Boston Bruins,New York Rangers,Philadelphia Flyers,Toronto Maple Leafs,Philadelphia Flyers,,,,sports,"opentdb, sports",medium,1,opentdb,CC BY-SA 4.0,Open Trivia DB (https://opentdb.com/) — CC BY-SA 4.0,OTDB category: Sports,true
opentdb-sports-802,fact,multi,Etihad Stadium is the home stadium for which team?,Manchester United,Manchester City,Blackpool,Arsenal,Manchester City,,,,sports,"opentdb, sports",hard,1,opentdb,CC BY-SA 4.0,Open Trivia DB (https://opentdb.com/) — CC BY-SA 4.0,OTDB category: Sports,true
opentdb-sports-803,fact,multi,A stimpmeter measures the speed of a ball over what surface?,Pinball Table,Football Pitch,Cricket Outfield,Golf Putting Green,Golf Putting Green,,,,sports,"opentdb, sports",medium,1,opentdb,CC BY-SA 4.0,Open Trivia DB (https://opentdb.com/) — CC BY-SA 4.0,OTDB category: Sports,true
opentdb-sports-804,fact,multi,Which city features all of their professional sports teams' jersey's with the same color scheme?,New York,Tampa Bay,Seattle,Pittsburgh,Pittsburgh,,,,sports,"opentdb, sports",hard,1,opentdb,CC BY-SA 4.0,Open Trivia DB (https://opentdb.com/) — CC BY-SA 4.0,OTDB category: Sports,true
opentdb-sports-805,fact,multi,When was the FC Schalke 04 founded?,1909,2008,1904,1999,1904,,,,sports,"opentdb, sports",easy,1,opentdb,CC BY-SA 4.0,Open Trivia DB (https://opentdb.com/) — CC BY-SA 4.0,OTDB category: Sports,true
opentdb-sports-806,fact,multi,Which German sportswear company's logo is the 'Formstripe'?,Reebok,Nike,Puma,Adidas,Puma,,,,sports,"opentdb, sports",medium,1,opentdb,CC BY-SA 4.0,Open Trivia DB (https://opentdb.com/) — CC BY-SA 4.0,OTDB category: Sports,true
opentdb-sports-807,fact,multi,The UEFA Champions League is an annual club football competition featuring clubs from which continent?,Europe,Africa,Asia,South America,Europe,,,,sports,"opentdb, sports",easy,1,opentdb,CC BY-SA 4.0,Open Trivia DB (https://opentdb.com/) — CC BY-SA 4.0,OTDB category: Sports,true
opentdb-sports-808,fact,multi,"Who is often called ""the Maestro"" in the men's tennis circuit?",Bill Tilden,Roger Federer,Pete Sampras,Boris Becker,Roger Federer,,,,sports,"opentdb, sports",easy,1,opentdb,CC BY-SA 4.0,Open Trivia DB (https://opentdb.com/) — CC BY-SA 4.0,OTDB category: Sports,true
opentdb-sports-809,fact,multi,Which English football club has the nickname 'The Foxes'?,West Bromwich Albion,Northampton Town,Bradford City,Leicester City,Leicester City,,,,sports,"opentdb, sports",easy,1,opentdb,CC BY-SA 4.0,Open Trivia DB (https://opentdb.com/) — CC BY-SA 4.0,OTDB category: Sports,true
opentdb-sports-810,fact,multi,"Who won the 1994 San Marino Grand Prix, the race in which Ayrton Senna was killed?",Michael Schumacher,Mika Häkkinen,Nicola Larini,Gerhard Berger,Michael Schumacher,,,,sports,"opentdb, sports",medium,1,opentdb,CC BY-SA 4.0,Open Trivia DB (https://opentdb.com/) — CC BY-SA 4.0,OTDB category: Sports,true
opentdb-sports-811,fact,multi,"Which city did the former NHL team ""The Nordiques"" originiate from?",Houston,Quebec City,New York,Montreal,Quebec City,,,,sports,"opentdb, sports",easy,1,opentdb,CC BY-SA 4.0,Open Trivia DB (https://opentdb.com/) — CC BY-SA 4.0,OTDB category: Sports,true
opentdb-sports-812,fact,multi,Which team was the 2015-2016 NBA Champions?,Oklahoma City Thunders,Toronto Raptors,Cleveland Cavaliers,Golden State Warriors,Cleveland Cavaliers,,,,sports,"opentdb, sports",medium,1,opentdb,CC BY-SA 4.0,Open Trivia DB (https://opentdb.com/) — CC BY-SA 4.0,OTDB category: Sports,true
opentdb-sports-813,fact,multi,Who did Drew Brees pass in all time NFL passing yards in 2018?,Tom Brady,Dan Marino,Peyton Manning,Joe Montana,Peyton Manning,,,,sports,"opentdb, sports",hard,1,opentdb,CC BY-SA 4.0,Open Trivia DB (https://opentdb.com/) — CC BY-SA 4.0,OTDB category: Sports,true
opentdb-sports-814,fact,multi,Why was The Green Monster at Fenway Park was originally built?,To prevent viewing games from outside the park.,To provide extra seating.,To display advertisements.,To make getting home runs harder.,To prevent viewing games from outside the park.,,,,sports,"opentdb, sports",medium,1,opentdb,CC BY-SA 4.0,Open Trivia DB (https://opentdb.com/) — CC BY-SA 4.0,OTDB category: Sports,true
opentdb-sports-815,fact,multi,How many soccer players should be on the field at the same time?,20,22,24,26,22,,,,sports,"opentdb, sports",easy,1,opentdb,CC BY-SA 4.0,Open Trivia DB (https://opentdb.com/) — CC BY-SA 4.0,OTDB category: Sports,true
opentdb-sports-816,fact,multi,Which NBA player has the most games played over the course of their career?,Kobe Bryant,Kevin Garnett,Robert Parish,Kareem Abdul-Jabbar,Robert Parish,,,,sports,"opentdb, sports",medium,1,opentdb,CC BY-SA 4.0,Open Trivia DB (https://opentdb.com/) — CC BY-SA 4.0,OTDB category: Sports,true
opentdb-sports-817,fact,multi,Who is regarded as the best Romanian footballer of all time?,Gheorghe Popescu,Nicolae Dobrin,Gheorghe Hagi,Cristian Chivu,Gheorghe Hagi,,,,sports,"opentdb, sports",medium,1,opentdb,CC BY-SA 4.0,Open Trivia DB (https://opentdb.com/) — CC BY-SA 4.0,OTDB category: Sports,true
opentdb-sports-818,fact,multi,The F1 season of 1994 is remembered for what tragic event?,Death of Ayrton Senna (San Marino),Verstappen on Fire (Germany),The Showdown (Australia),Schumacher's Ban (Britain),Death of Ayrton Senna (San Marino),,,,sports,"opentdb, sports",medium,1,opentdb,CC BY-SA 4.0,Open Trivia DB (https://opentdb.com/) — CC BY-SA 4.0,OTDB category: Sports,true
opentdb-sports-819,fact,multi,Who won the premier league title in the 2015-2016 season following a fairy tale run?,Stoke City,Tottenham Hotspur,Leicester City,Watford,Leicester City,,,,sports,"opentdb, sports",easy,1,opentdb,CC BY-SA 4.0,Open Trivia DB (https://opentdb.com/) — CC BY-SA 4.0,OTDB category: Sports,true
opentdb-sports-820,fact,multi,What was Sir Donald Bradman's batting average in test matches?,44.78,69.51,99.94,100,99.94,,,,sports,"opentdb, sports",medium,1,opentdb,CC BY-SA 4.0,Open Trivia DB (https://opentdb.com/) — CC BY-SA 4.0,OTDB category: Sports,true
opentdb-sports-821,fact,multi,The Mazda 787B won the 24 Hours of Le Mans in what year?,1987,2000,1990,1991,1991,,,,sports,"opentdb, sports",hard,1,opentdb,CC BY-SA 4.0,Open Trivia DB (https://opentdb.com/) — CC BY-SA 4.0,OTDB category: Sports,true
opentdb-sports-822,fact,multi,Who did Steven Gerrard win the Champions League with?,Real Madrid,Liverpool,Man City,Chelsea,Liverpool,,,,sports,"opentdb, sports",easy,1,opentdb,CC BY-SA 4.0,Open Trivia DB (https://opentdb.com/) — CC BY-SA 4.0,OTDB category: Sports,true
opentdb-sports-823,fact,multi,Which soccer team won the Copa América 2015 Championship ?,Chile,Argentina,Brazil,Paraguay,Chile,,,,sports,"opentdb, sports",medium,1,opentdb,CC BY-SA 4.0,Open Trivia DB (https://opentdb.com/) — CC BY-SA 4.0,OTDB category: Sports,true
opentdb-sports-824,fact,multi,"""Stadium of Light"" is the home stadium for which soccer team?",Sunderland FC,Barcelona FC,Paris Saints-Germain,Manchester United,Sunderland FC,,,,sports,"opentdb, sports",easy,1,opentdb,CC BY-SA 4.0,Open Trivia DB (https://opentdb.com/) — CC BY-SA 4.0,OTDB category: Sports,true
opentdb-sports-825,fact,multi,"The song ""Three Lions"" by the Lightning Seeds was made for which major football event in 1996?",World Cup,Confederations Cup,Champions League,European Championships,European Championships,,,,sports,"opentdb, sports",medium,1,opentdb,CC BY-SA 4.0,Open Trivia DB (https://opentdb.com/) — CC BY-SA 4.0,OTDB category: Sports,true
opentdb-sports-826,fact,multi,Josh Mansour is part of what NRL team?,Sydney Roosters,Penrith Panthers,North Queensland Cowboys,Melbourne Storm,Penrith Panthers,,,,sports,"opentdb, sports",medium,1,opentdb,CC BY-SA 4.0,Open Trivia DB (https://opentdb.com/) — CC BY-SA 4.0,OTDB category: Sports,true
opentdb-sports-827,fact,multi,"Which country produced football players such as Cafu, Roberto Carlos and Pelé?",Spain,Argentina,Portugal,Brazil,Brazil,,,,sports,"opentdb, sports",easy,1,opentdb,CC BY-SA 4.0,Open Trivia DB (https://opentdb.com/) — CC BY-SA 4.0,OTDB category: Sports,true
opentdb-sports-828,fact,multi,Which country hosted the 2020 Summer Olympics?,Germany,Japan,Australia,China,Japan,,,,sports,"opentdb, sports",easy,1,opentdb,CC BY-SA 4.0,Open Trivia DB (https://opentdb.com/) — CC BY-SA 4.0,OTDB category: Sports,true
opentdb-sports-829,fact,multi,Which of these teams has Jaromir Jagr not played for?,Dallas Stars,Calgary Flames,New Jersey Devils,New York Islanders,New York Islanders,,,,sports,"opentdb, sports",easy,1,opentdb,CC BY-SA 4.0,Open Trivia DB (https://opentdb.com/) — CC BY-SA 4.0,OTDB category: Sports,true
opentdb-sports-830,fact,multi,Who won the 2017 Formula One World Drivers' Championship?,Max Verstappen,Nico Rosberg,Lewis Hamilton,Sebastian Vettel,Lewis Hamilton,,,,sports,"opentdb, sports",easy,1,opentdb,CC BY-SA 4.0,Open Trivia DB (https://opentdb.com/) — CC BY-SA 4.0,OTDB category: Sports,true
opentdb-sports-831,fact,multi,Who was the British professional wrestler Shirley Crabtree better known as?,Big Daddy,Masambula,Kendo Nagasaki,Giant Haystacks,Big Daddy,,,,sports,"opentdb, sports",medium,1,opentdb,CC BY-SA 4.0,Open Trivia DB (https://opentdb.com/) — CC BY-SA 4.0,OTDB category: Sports,true
opentdb-sports-832,fact,multi,Which team won the 2015-16 English Premier League?,Liverpool,Leicester City,Cheslea,Manchester United,Leicester City,,,,sports,"opentdb, sports",easy,1,opentdb,CC BY-SA 4.0,Open Trivia DB (https://opentdb.com/) — CC BY-SA 4.0,OTDB category: Sports,true
opentdb-sports-833,fact,multi,Who was the top scorer of the 2014 FIFA World Cup?,Lionel Messi,Neymar,Thomas Müller,James Rodríguez,James Rodríguez,,,,sports,"opentdb, sports",medium,1,opentdb,CC BY-SA 4.0,Open Trivia DB (https://opentdb.com/) — CC BY-SA 4.0,OTDB category: Sports,true
opentdb-sports-834,fact,multi,What country hosted the 2014 Winter Olympics?,Canada,Russia,United States,Germany,Russia,,,,sports,"opentdb, sports",medium,1,opentdb,CC BY-SA 4.0,Open Trivia DB (https://opentdb.com/) — CC BY-SA 4.0,OTDB category: Sports,true
opentdb-sports-835,fact,multi,Which two teams played in Super Bowl XLII?,The Green Bay Packers & The Pittsburgh Steelers,The Seattle Seahawks & The Denver Broncos,The New York Giants & The New England Patriots,The Philadelphia Eagles & The New England Patriots,The New York Giants & The New England Patriots,,,,sports,"opentdb, sports",easy,1,opentdb,CC BY-SA 4.0,Open Trivia DB (https://opentdb.com/) — CC BY-SA 4.0,OTDB category: Sports,true
opentdb-sports-836,fact,multi,Which African American is in part responsible for integrating  Major League baseball?,Satchell Paige,Jackie Robinson,Curt Flood,Roy Campanella,Jackie Robinson,,,,sports,"opentdb, sports",easy,1,opentdb,CC BY-SA 4.0,Open Trivia DB (https://opentdb.com/) — CC BY-SA 4.0,OTDB category: Sports,true
opentdb-sports-837,fact,multi,Which of these English football clubs is based in Liverpool?,West Ham United,Everton,Arsenal,Crystal Palace,Everton,,,,sports,"opentdb, sports",medium,1,opentdb,CC BY-SA 4.0,Open Trivia DB (https://opentdb.com/) — CC BY-SA 4.0,OTDB category: Sports,true
opentdb-sports-838,fact,multi,Which NBA player won Most Valuable Player for the 1999-2000 season?,Shaquille O'Neal,Paul Pierce,Kobe Bryant,Allen Iverson,Shaquille O'Neal,,,,sports,"opentdb, sports",medium,1,opentdb,CC BY-SA 4.0,Open Trivia DB (https://opentdb.com/) — CC BY-SA 4.0,OTDB category: Sports,true
opentdb-sports-839,fact,multi,Which boxer was banned for taking a bite out of Evander Holyfield's ear in 1997?,Lennox Lewis,Evander Holyfield,Mike Tyson,Roy Jones Jr.,Mike Tyson,,,,sports,"opentdb, sports",easy,1,opentdb,CC BY-SA 4.0,Open Trivia DB (https://opentdb.com/) — CC BY-SA 4.0,OTDB category: Sports,true
opentdb-sports-840,fact,multi,How many times did Martina Navratilova win the Wimbledon Singles Championship?,Eight,Ten,Nine,Seven,Nine,,,,sports,"opentdb, sports",hard,1,opentdb,CC BY-SA 4.0,Open Trivia DB (https://opentdb.com/) — CC BY-SA 4.0,OTDB category: Sports,true
opentdb-sports-841,fact,multi,Edson Arantes do Nascimento is the full name of which legendary football player?,Ronaldinho,Romário,Pelé,Zico,Pelé,,,,sports,"opentdb, sports",medium,1,opentdb,CC BY-SA 4.0,Open Trivia DB (https://opentdb.com/) — CC BY-SA 4.0,OTDB category: Sports,true
opentdb-sports-842,fact,multi,Who won the UEFA Champions League in 2016?,Manchester City F.C.,Atletico Madrid,FC Bayern Munich,Real Madrid C.F.,Real Madrid C.F.,,,,sports,"opentdb, sports",easy,1,opentdb,CC BY-SA 4.0,Open Trivia DB (https://opentdb.com/) — CC BY-SA 4.0,OTDB category: Sports,true
opentdb-sports-843,fact,multi,Which country hosted the 2018 FIFA World Cup?,Saudi Arabia,United States,Russia,Germany,Russia,,,,sports,"opentdb, sports",easy,1,opentdb,CC BY-SA 4.0,Open Trivia DB (https://opentdb.com/) — CC BY-SA 4.0,OTDB category: Sports,true
opentdb-sports-844,fact,multi,"In golf, what name is given to a hole score of two under par?",Bogey,Birdie,Eagle,Albatross,Eagle,,,,sports,"opentdb, sports",easy,1,opentdb,CC BY-SA 4.0,Open Trivia DB (https://opentdb.com/) — CC BY-SA 4.0,OTDB category: Sports,true
opentdb-sports-845,fact,multi,"In what sport is a ""shuttlecock"" used?",Table Tennis,Badminton,Rugby,Cricket,Badminton,,,,sports,"opentdb, sports",easy,1,opentdb,CC BY-SA 4.0,Open Trivia DB (https://opentdb.com/) — CC BY-SA 4.0,OTDB category: Sports,true
opentdb-sports-846,fact,multi,The AHL affiliate team of the Boston Bruins is named what?,Cambridge Bruins,Providence Bruins,Hartford Bruins,New Haven Bruins,Providence Bruins,,,,sports,"opentdb, sports",hard,1,opentdb,CC BY-SA 4.0,Open Trivia DB (https://opentdb.com/) — CC BY-SA 4.0,OTDB category: Sports,true
opentdb-sports-847,fact,multi,Which driver has been the Formula 1 world champion for a record 7 times?,Michael Schumacher,Jim Clark,Fernando Alonso,Ayrton Senna,Michael Schumacher,,,,sports,"opentdb, sports",easy,1,opentdb,CC BY-SA 4.0,Open Trivia DB (https://opentdb.com/) — CC BY-SA 4.0,OTDB category: Sports,true
opentdb-sports-848,fact,multi,Which team won 2014 FIFA World Cup in Brazil?,Argentina,Netherlands,Germany,Brazil,Germany,,,,sports,"opentdb, sports",easy,1,opentdb,CC BY-SA 4.0,Open Trivia DB (https://opentdb.com/) — CC BY-SA 4.0,OTDB category: Sports,true
opentdb-sports-849,fact,multi,When was the first official international game played?,1865,1880,1863,1872,1872,,,,sports,"opentdb, sports",easy,1,opentdb,CC BY-SA 4.0,Open Trivia DB (https://opentdb.com/) — CC BY-SA 4.0,OTDB category: Sports,true
opentdb-sports-850,fact,multi,Which sport is NOT traditionally played during the Mongolian Naadam festival?,Wrestling,Horse-Racing,American Football,Archery,American Football,,,,sports,"opentdb, sports",medium,1,opentdb,CC BY-SA 4.0,Open Trivia DB (https://opentdb.com/) — CC BY-SA 4.0,OTDB category: Sports,true
opentdb-sports-851,fact,multi,Which car manufacturer won the 2017 24 Hours of Le Mans?,Toyota,Porsche,Chevrolet,Audi,Porsche,,,,sports,"opentdb, sports",medium,1,opentdb,CC BY-SA 4.0,Open Trivia DB (https://opentdb.com/) — CC BY-SA 4.0,OTDB category: Sports,true
opentdb-sports-852,fact,multi,"Which player holds the NHL record of 2,857 points?",Sidney Crosby,Mario Lemieux,Gordie Howe,Wayne Gretzky,Wayne Gretzky,,,,sports,"opentdb, sports",easy,1,opentdb,CC BY-SA 4.0,Open Trivia DB (https://opentdb.com/) — CC BY-SA 4.0,OTDB category: Sports,true
opentdb-sports-853,fact,multi,In what sport does Fanny Chmelar compete for Germany?,Skiing,Swimming,Gymnastics,Showjumping,Skiing,,,,sports,"opentdb, sports",medium,1,opentdb,CC BY-SA 4.0,Open Trivia DB (https://opentdb.com/) — CC BY-SA 4.0,OTDB category: Sports,true
opentdb-sports-854,fact,multi,Which of these European cities was the first to host the modern Summer Olympic Games three times?,London,Athens,Rome,Paris,London,,,,sports,"opentdb, sports",hard,1,opentdb,CC BY-SA 4.0,Open Trivia DB (https://opentdb.com/) — CC BY-SA 4.0,OTDB category: Sports,true
opentdb-sports-855,fact,multi,"In Baseball, how many times does the ball have to be pitched outside of the strike zone before the batter is walked?",2,4,3,1,4,,,,sports,"opentdb, sports",easy,1,opentdb,CC BY-SA 4.0,Open Trivia DB (https://opentdb.com/) — CC BY-SA 4.0,OTDB category: Sports,true
opentdb-sports-856,fact,multi,What is the highest belt you can get in Taekwondo?,Green,White,Red,Black,Black,,,,sports,"opentdb, sports",medium,1,opentdb,CC BY-SA 4.0,Open Trivia DB (https://opentdb.com/) — CC BY-SA 4.0,OTDB category: Sports,true
opentdb-sports-857,fact,multi,Which English football team is nicknamed 'The Tigers'?,Bristol City,Hull City,Manchester City,Cardiff City,Hull City,,,,sports,"opentdb, sports",hard,1,opentdb,CC BY-SA 4.0,Open Trivia DB (https://opentdb.com/) — CC BY-SA 4.0,OTDB category: Sports,true
opentdb-sports-858,fact,multi,"In what year did Steaua București win the European Cup, actual UEFA Champions League, against FC Barcelona?",1982,1989,1990,1986,1986,,,,sports,"opentdb, sports",medium,1,opentdb,CC BY-SA 4.0,Open Trivia DB (https://opentdb.com/) — CC BY-SA 4.0,OTDB category: Sports,true
opentdb-sports-859,fact,multi,Which year was the third Super Bowl held?,1969,1970,1971,1968,1969,,,,sports,"opentdb, sports",hard,1,opentdb,CC BY-SA 4.0,Open Trivia DB (https://opentdb.com/) — CC BY-SA 4.0,OTDB category: Sports,true
opentdb-sports-860,fact,multi,"Who won the ""Champions League"" in 1999?",Liverpool,Bayern Munich,Manchester United,Barcelona,Manchester United,,,,sports,"opentdb, sports",medium,1,opentdb,CC BY-SA 4.0,Open Trivia DB (https://opentdb.com/) — CC BY-SA 4.0,OTDB category: Sports,true
opentdb-sports-861,fact,multi,Hockey player Wayne Gretzky was born in what Canadian province?,Ontario,Alberta,Quebec,British Columbia,Ontario,,,,sports,"opentdb, sports",medium,1,opentdb,CC BY-SA 4.0,Open Trivia DB (https://opentdb.com/) — CC BY-SA 4.0,OTDB category: Sports,true
opentdb-sports-862,fact,multi,Who won the 2015 College Football Playoff (CFP) National Championship?,Wisconsin Badgers,Clemson Tigers,Ohio State Buckeyes,Alabama Crimson Tide,Ohio State Buckeyes,,,,sports,"opentdb, sports",medium,1,opentdb,CC BY-SA 4.0,Open Trivia DB (https://opentdb.com/) — CC BY-SA 4.0,OTDB category: Sports,true
opentdb-sports-863,fact,multi,Who won the UEFA Champions League in 2017?,Juventus F.C.,AS Monaco FC,Real Madrid C.F.,Atletico Madrid,Real Madrid C.F.,,,,sports,"opentdb, sports",easy,1,opentdb,CC BY-SA 4.0,Open Trivia DB (https://opentdb.com/) — CC BY-SA 4.0,OTDB category: Sports,true
opentdb-sports-864,fact,multi,Which NFL team plays for New England?,49ers,Patriots,Chiefs,Dolphins,Patriots,,,,sports,"opentdb, sports",easy,1,opentdb,CC BY-SA 4.0,Open Trivia DB (https://opentdb.com/) — CC BY-SA 4.0,OTDB category: Sports,true
opentdb-sports-865,fact,multi,"In a game of snooker, what colour ball is worth 3 points?",Green,Yellow,Brown,Blue,Green,,,,sports,"opentdb, sports",medium,1,opentdb,CC BY-SA 4.0,Open Trivia DB (https://opentdb.com/) — CC BY-SA 4.0,OTDB category: Sports,true
opentdb-sports-866,fact,multi,What is the most common type of pitch thrown by pitchers in baseball?,Palmball,Fastball,Slowball,Screwball,Fastball,,,,sports,"opentdb, sports",easy,1,opentdb,CC BY-SA 4.0,Open Trivia DB (https://opentdb.com/) — CC BY-SA 4.0,OTDB category: Sports,true
opentdb-sports-867,fact,multi,"What is the name of the ""tool"" used to hit the white ball in snooker or billiards?",Cue,Bat,Racquet,Mallet,Cue,,,,sports,"opentdb, sports",easy,1,opentdb,CC BY-SA 4.0,Open Trivia DB (https://opentdb.com/) — CC BY-SA 4.0,OTDB category: Sports,true
opentdb-sports-868,fact,multi,Which professional wrestler fell from the rafters to his death during a live Pay-Per-View event in 1999?,Al Snow,Owen Hart,Lex Luger,Chris Benoit,Owen Hart,,,,sports,"opentdb, sports",medium,1,opentdb,CC BY-SA 4.0,Open Trivia DB (https://opentdb.com/) — CC BY-SA 4.0,OTDB category: Sports,true
opentdb-sports-869,fact,multi,Which country is hosting the 2022 FIFA World Cup?,Qatar,Bolivia,Vietnam,Uganda,Qatar,,,,sports,"opentdb, sports",medium,1,opentdb,CC BY-SA 4.0,Open Trivia DB (https://opentdb.com/) — CC BY-SA 4.0,OTDB category: Sports,true
opentdb-sports-870,fact,multi,"The 1988 Formula 1 season had McLaren win all but one race, what race did they not win?",Italian Grand Prix,Monaco Grand Prix,Japanese Grand Prix,Brazilian Grand Prix,Italian Grand Prix,,,,sports,"opentdb, sports",medium,1,opentdb,CC BY-SA 4.0,Open Trivia DB (https://opentdb.com/) — CC BY-SA 4.0,OTDB category: Sports,true
opentdb-sports-871,fact,multi,Which player has scored the most goals in the England Premier League (EPL)?,Lionel Messi,Wayne Rooney,Alan Shearer,Didier Drogba,Alan Shearer,,,,sports,"opentdb, sports",medium,1,opentdb,CC BY-SA 4.0,Open Trivia DB (https://opentdb.com/) — CC BY-SA 4.0,OTDB category: Sports,true
opentdb-sports-872,fact,multi,What is the name of Manchester United's home stadium?,Anfield,St James Park,City of Manchester Stadium,Old Trafford,Old Trafford,,,,sports,"opentdb, sports",easy,1,opentdb,CC BY-SA 4.0,Open Trivia DB (https://opentdb.com/) — CC BY-SA 4.0,OTDB category: Sports,true
opentdb-sports-873,fact,multi,In what country were the 2014 Winter Olympics held in the town of Sochi?,South Korea,Russia,Canada,Norway,Russia,,,,sports,"opentdb, sports",medium,1,opentdb,CC BY-SA 4.0,Open Trivia DB (https://opentdb.com/) — CC BY-SA 4.0,OTDB category: Sports,true
opentdb-sports-874,fact,multi,What is the nickname of Northampton town's rugby union club?,Wasps,Saracens,Saints,Harlequins,Saints,,,,sports,"opentdb, sports",medium,1,opentdb,CC BY-SA 4.0,Open Trivia DB (https://opentdb.com/) — CC BY-SA 4.0,OTDB category: Sports,true
opentdb-sports-875,fact,multi,"What sport features the terms love, deuce, match and volley?",Curling,Basketball,Tennis,Cricket,Tennis,,,,sports,"opentdb, sports",easy,1,opentdb,CC BY-SA 4.0,Open Trivia DB (https://opentdb.com/) — CC BY-SA 4.0,OTDB category: Sports,true
opentdb-sports-876,fact,multi,How many French Open's did Björn Borg win?,9,4,6,2,6,,,,sports,"opentdb, sports",medium,1,opentdb,CC BY-SA 4.0,Open Trivia DB (https://opentdb.com/) — CC BY-SA 4.0,OTDB category: Sports,true
opentdb-sports-877,fact,multi,What is the oldest team in the NFL?,Chicago Bears,Arizona Cardinals,Green Bay Packers,New York Giants,Arizona Cardinals,,,,sports,"opentdb, sports",medium,1,opentdb,CC BY-SA 4.0,Open Trivia DB (https://opentdb.com/) — CC BY-SA 4.0,OTDB category: Sports,true
opentdb-sports-878,fact,multi,Who has played the most tournaments in the German national soccer team?,Lothar Matthäus,Oliver Kahn,Philipp Lahm,Miroslav Klose,Lothar Matthäus,,,,sports,"opentdb, sports",medium,1,opentdb,CC BY-SA 4.0,Open Trivia DB (https://opentdb.com/) — CC BY-SA 4.0,OTDB category: Sports,true
opentdb-sports-879,fact,multi,What is “The Sport of Kings”?,Jousting,Horse Racing,Chess,Fencing,Horse Racing,,,,sports,"opentdb, sports",hard,1,opentdb,CC BY-SA 4.0,Open Trivia DB (https://opentdb.com/) — CC BY-SA 4.0,OTDB category: Sports,true
opentdb-sports-880,fact,multi,What cricketing term denotes a batsman being dismissed with a score of zero?,Duck,Beamer,Bye,Carry,Duck,,,,sports,"opentdb, sports",medium,1,opentdb,CC BY-SA 4.0,Open Trivia DB (https://opentdb.com/) — CC BY-SA 4.0,OTDB category: Sports,true
opentdb-sports-881,fact,multi,Which soccer team won the Copa América Centenario 2016?,Colombia,Brazil,Chile,Argentina,Chile,,,,sports,"opentdb, sports",medium,1,opentdb,CC BY-SA 4.0,Open Trivia DB (https://opentdb.com/) — CC BY-SA 4.0,OTDB category: Sports,true
opentdb-sports-882,fact,multi,What was the final score of the Germany vs. Brazil 2014 FIFA World Cup match?,7 - 1,0 - 1,16 - 0,3 - 4,7 - 1,,,,sports,"opentdb, sports",easy,1,opentdb,CC BY-SA 4.0,Open Trivia DB (https://opentdb.com/) — CC BY-SA 4.0,OTDB category: Sports,true
opentdb-sports-883,fact,multi,Which Formula One driver was nicknamed 'The Professor'?,Emerson Fittipaldi,Ayrton Senna,Niki Lauda,Alain Prost,Alain Prost,,,,sports,"opentdb, sports",medium,1,opentdb,CC BY-SA 4.0,Open Trivia DB (https://opentdb.com/) — CC BY-SA 4.0,OTDB category: Sports,true
opentdb-sports-884,fact,multi,How many players are there in an association football/soccer team?,8,11,10,9,11,,,,sports,"opentdb, sports",easy,1,opentdb,CC BY-SA 4.0,Open Trivia DB (https://opentdb.com/) — CC BY-SA 4.0,OTDB category: Sports,true
opentdb-sports-885,fact,multi,"In baseball, how many fouls are an out?",3,5,0,2,0,,,,sports,"opentdb, sports",easy,1,opentdb,CC BY-SA 4.0,Open Trivia DB (https://opentdb.com/) — CC BY-SA 4.0,OTDB category: Sports,true
opentdb-sports-886,fact,multi,How many games did Arsenal FC go unbeaten during the 2003-2004 season of the English Premier League,51,38,22,49,38,,,,sports,"opentdb, sports",medium,1,opentdb,CC BY-SA 4.0,Open Trivia DB (https://opentdb.com/) — CC BY-SA 4.0,OTDB category: Sports,true
opentdb-sports-887,fact,multi,The Rio 2016 Summer Olympics held it's closing ceremony on what date?,August 19,August 21,August 23,August 17,August 21,,,,sports,"opentdb, sports",easy,1,opentdb,CC BY-SA 4.0,Open Trivia DB (https://opentdb.com/) — CC BY-SA 4.0,OTDB category: Sports,true
opentdb-sports-888,fact,multi,What year was hockey legend Wayne Gretzky born?,1959,1963,1961,1965,1961,,,,sports,"opentdb, sports",medium,1,opentdb,CC BY-SA 4.0,Open Trivia DB (https://opentdb.com/) — CC BY-SA 4.0,OTDB category: Sports,true
opentdb-sports-889,fact,multi,Who won NFL Super Bowl LI? (51),Patriots,Broncos,Falcons,Eagles,Patriots,,,,sports,"opentdb, sports",medium,1,opentdb,CC BY-SA 4.0,Open Trivia DB (https://opentdb.com/) — CC BY-SA 4.0,OTDB category: Sports,true
opentdb-sports-890,fact,multi,Who has played the most tournaments on the Brazilian national soccer team?,Kaká,Roberto Carlos,Ronaldo,Cafu,Cafu,,,,sports,"opentdb, sports",medium,1,opentdb,CC BY-SA 4.0,Open Trivia DB (https://opentdb.com/) — CC BY-SA 4.0,OTDB category: Sports,true
opentdb-sports-891,fact,multi,Which is Kenesisa Bekele's personal best at marathon?,2:01:51,2:01:41,2:01:12,2:01:45,2:01:41,,,,sports,"opentdb, sports",hard,1,opentdb,CC BY-SA 4.0,Open Trivia DB (https://opentdb.com/) — CC BY-SA 4.0,OTDB category: Sports,true
opentdb-sports-892,fact,multi,Which basketball team has attended the most NBA grand finals?,Boston Celtics,Golden State Warriors,Philadelphia 76ers,Los Angeles Lakers,Los Angeles Lakers,,,,sports,"opentdb, sports",medium,1,opentdb,CC BY-SA 4.0,Open Trivia DB (https://opentdb.com/) — CC BY-SA 4.0,OTDB category: Sports,true
opentdb-sports-893,fact,multi,Which of these NHL teams have never moved since their inception?,Dallas Stars,New Jersey Devils,Carolina Hurricanes,St. Louis Blues,St. Louis Blues,,,,sports,"opentdb, sports",medium,1,opentdb,CC BY-SA 4.0,Open Trivia DB (https://opentdb.com/) — CC BY-SA 4.0,OTDB category: Sports,true
opentdb-sports-894,fact,multi,With which doubles partner did John McEnroe have most success?,Mary Carillo,Mark Woodforde,Peter Fleming,Michael Stich,Peter Fleming,,,,sports,"opentdb, sports",hard,1,opentdb,CC BY-SA 4.0,Open Trivia DB (https://opentdb.com/) — CC BY-SA 4.0,OTDB category: Sports,true
opentdb-sports-895,fact,multi,"Prior to 2018, which car company is the only Japanese company which won the 24 Hours of Le Mans?",Subaru,Mazda,Toyota,Nissan,Mazda,,,,sports,"opentdb, sports",hard,1,opentdb,CC BY-SA 4.0,Open Trivia DB (https://opentdb.com/) — CC BY-SA 4.0,OTDB category: Sports,true
opentdb-sports-896,fact,multi,Who is Manchester United's leading appearance maker?,Eric Cantona,Wayne Rooney,Ryan Giggs,David Beckham,Ryan Giggs,,,,sports,"opentdb, sports",hard,1,opentdb,CC BY-SA 4.0,Open Trivia DB (https://opentdb.com/) — CC BY-SA 4.0,OTDB category: Sports,true
opentdb-sports-897,fact,multi,Which darts player has won the most World Championship titles?,Michael van Gerwen,Eric Bristow,Phil Taylor,Raymond van Barneveld,Phil Taylor,,,,sports,"opentdb, sports",medium,1,opentdb,CC BY-SA 4.0,Open Trivia DB (https://opentdb.com/) — CC BY-SA 4.0,OTDB category: Sports,true
opentdb-sports-898,fact,multi,Which nation hosted the FIFA World Cup in 2006?,Germany,Brazil,South Africa,United Kingdom,Germany,,,,sports,"opentdb, sports",medium,1,opentdb,CC BY-SA 4.0,Open Trivia DB (https://opentdb.com/) — CC BY-SA 4.0,OTDB category: Sports,true
opentdb-sports-899,fact,multi,"In Canadian football, scoring a rouge is worth how many points?",3,2,4,1,1,,,,sports,"opentdb, sports",hard,1,opentdb,CC BY-SA 4.0,Open Trivia DB (https://opentdb.com/) — CC BY-SA 4.0,OTDB category: Sports,true
opentdb-sports-900,fact,multi,What team did England beat to win in the 1966 World Cup final?,Brazil,Soviet Union,West Germany,Portugal,West Germany,,,,sports,"opentdb, sports",easy,1,opentdb,CC BY-SA 4.0,Open Trivia DB (https://opentdb.com/) — CC BY-SA 4.0,OTDB category: Sports,true
opentdb-sports-901,fact,multi,With which team did Michael Schumacher make his Formula One debut at the 1991 Belgian Grand Prix?,Jordan,Mercedes,Ferrari,Benetton,Jordan,,,,sports,"opentdb, sports",medium,1,opentdb,CC BY-SA 4.0,Open Trivia DB (https://opentdb.com/) — CC BY-SA 4.0,OTDB category: Sports,true
opentdb-sports-902,fact,multi,"Which player ""kung-fu kicked"" a Crystal Palace fan in January 1995?",David Seamen,Mark Hughes,Ashley Cole,Eric Cantona,Eric Cantona,,,,sports,"opentdb, sports",hard,1,opentdb,CC BY-SA 4.0,Open Trivia DB (https://opentdb.com/) — CC BY-SA 4.0,OTDB category: Sports,true
opentdb-sports-903,fact,multi,What tool lends it's name to a last-stone advantage in an end in Curling?,Screwdriver,Hammer,Drill,Wrench,Hammer,,,,sports,"opentdb, sports",hard,1,opentdb,CC BY-SA 4.0,Open Trivia DB (https://opentdb.com/) — CC BY-SA 4.0,OTDB category: Sports,true
opentdb-sports-904,fact,multi,"Which country did Kabaddi, a contact sport involving tackling, originate from?",Turkey,Cambodia,India,Australia,India,,,,sports,"opentdb, sports",medium,1,opentdb,CC BY-SA 4.0,Open Trivia DB (https://opentdb.com/) — CC BY-SA 4.0,OTDB category: Sports,true
opentdb-sports-905,fact,multi,"In bowling, what is the term used for getting three consecutive strikes?",Eagle,Turkey,Flamingo,Birdie,Turkey,,,,sports,"opentdb, sports",easy,1,opentdb,CC BY-SA 4.0,Open Trivia DB (https://opentdb.com/) — CC BY-SA 4.0,OTDB category: Sports,true
opentdb-sports-906,fact,multi,Who won the 2011 Stanley Cup?,New York Rangers,Boston Bruins,Toronto Maple Leafs,Montreal Canadiens,Boston Bruins,,,,sports,"opentdb, sports",medium,1,opentdb,CC BY-SA 4.0,Open Trivia DB (https://opentdb.com/) — CC BY-SA 4.0,OTDB category: Sports,true
opentdb-sports-907,fact,multi,At which race was the 2018 F1 Drivers Championship won?,Mexico,United States,Abu Dhabi,Belgium,Mexico,,,,sports,"opentdb, sports",hard,1,opentdb,CC BY-SA 4.0,Open Trivia DB (https://opentdb.com/) — CC BY-SA 4.0,OTDB category: Sports,true
opentdb-sports-908,fact,multi,What national team won the 2016 edition of UEFA European Championship?,France,Germany,England,Portugal,Portugal,,,,sports,"opentdb, sports",medium,1,opentdb,CC BY-SA 4.0,Open Trivia DB (https://opentdb.com/) — CC BY-SA 4.0,OTDB category: Sports,true
opentdb-sports-909,fact,multi,Which of these jersey numbers has Shaquille O'Neal never worn?,32,33,36,35,35,,,,sports,"opentdb, sports",medium,1,opentdb,CC BY-SA 4.0,Open Trivia DB (https://opentdb.com/) — CC BY-SA 4.0,OTDB category: Sports,true
opentdb-sports-910,fact,multi,Who won the 2016 Formula 1 World Driver's Championship?,Kimi Raikkonen,Max Verstappen,Nico Rosberg,Lewis Hamilton,Nico Rosberg,,,,sports,"opentdb, sports",easy,1,opentdb,CC BY-SA 4.0,Open Trivia DB (https://opentdb.com/) — CC BY-SA 4.0,OTDB category: Sports,true
opentdb-sports-911,fact,multi,What is the oldest team in Major League Baseball?,Atlanta Braves,Cincinnati Reds,St. Louis Cardinals,Chicago Cubs,Atlanta Braves,,,,sports,"opentdb, sports",medium,1,opentdb,CC BY-SA 4.0,Open Trivia DB (https://opentdb.com/) — CC BY-SA 4.0,OTDB category: Sports,true
opentdb-sports-912,fact,multi,"In Formula 1, the Virtual Safety Car was introduced following the fatal crash of which driver?",Jules Bianchi,Ayrton Senna,Gilles Villeneuve,Ronald Ratzenberger,Jules Bianchi,,,,sports,"opentdb, sports",medium,1,opentdb,CC BY-SA 4.0,Open Trivia DB (https://opentdb.com/) — CC BY-SA 4.0,OTDB category: Sports,true
opentdb-sports-913,fact,multi,What team did England beat in the semi-final stage to win in the 1966 World Cup final?,Brazil,Portugal,West Germany,Soviet Union,Portugal,,,,sports,"opentdb, sports",hard,1,opentdb,CC BY-SA 4.0,Open Trivia DB (https://opentdb.com/) — CC BY-SA 4.0,OTDB category: Sports,true
opentdb-sports-914,fact,multi,Which football manager won more trophies than any other during his tenure at English football club Manchester United?,Louis van Gaal,David Moyes,José Mourinho,Sir Alex Ferguson,Sir Alex Ferguson,,,,sports,"opentdb, sports",medium,1,opentdb,CC BY-SA 4.0,Open Trivia DB (https://opentdb.com/) — CC BY-SA 4.0,OTDB category: Sports,true
opentdb-sports-915,fact,multi,What national team won the first UEFA Nations League?,Portugal,Netherlands,Switzerland,England,Portugal,,,,sports,"opentdb, sports",easy,1,opentdb,CC BY-SA 4.0,Open Trivia DB (https://opentdb.com/) — CC BY-SA 4.0,OTDB category: Sports,true
opentdb-sports-916,fact,multi,Who won the 1998 Daytona 500?,John Anderson,Dale Earnhardt,Michael Walltrip,Jeff Gordon,Dale Earnhardt,,,,sports,"opentdb, sports",hard,1,opentdb,CC BY-SA 4.0,Open Trivia DB (https://opentdb.com/) — CC BY-SA 4.0,OTDB category: Sports,true
opentdb-sports-917,fact,multi,Which of these NHL players have never won a Hart Trophy for Regular Season MVP?,Jose Theodore,Steve Yzerman,Chris Pronger,Henrik Sedin,Steve Yzerman,,,,sports,"opentdb, sports",hard,1,opentdb,CC BY-SA 4.0,Open Trivia DB (https://opentdb.com/) — CC BY-SA 4.0,OTDB category: Sports,true
opentdb-sports-918,fact,multi,Which female player won the gold medal of table tennis singles in 2016 Olympics Games?,Song KIM (North Korea),Ai FUKUHARA (Japan),LI Xiaoxia (China),DING Ning (China),DING Ning (China),,,,sports,"opentdb, sports",hard,1,opentdb,CC BY-SA 4.0,Open Trivia DB (https://opentdb.com/) — CC BY-SA 4.0,OTDB category: Sports,true
opentdb-sports-919,fact,multi,How many scoring zones are there on a conventional dart board?,62,102,42,82,82,,,,sports,"opentdb, sports",medium,1,opentdb,CC BY-SA 4.0,Open Trivia DB (https://opentdb.com/) — CC BY-SA 4.0,OTDB category: Sports,true
opentdb-vehicles-920,fact,multi,What engine is in the Lexus SC400?,1UZ-FE,5M-GE,2JZ-GTE,7M-GTE,1UZ-FE,,,,vehicles,"opentdb, vehicles",hard,1,opentdb,CC BY-SA 4.0,Open Trivia DB (https://opentdb.com/) — CC BY-SA 4.0,OTDB category: Vehicles,true
opentdb-vehicles-921,fact,multi,What was the first vehicle that came with air conditioning as a factory standard?,Tucker,Ford,Packard,Hudson,Packard,,,,vehicles,"opentdb, vehicles",medium,1,opentdb,CC BY-SA 4.0,Open Trivia DB (https://opentdb.com/) — CC BY-SA 4.0,OTDB category: Vehicles,true
opentdb-vehicles-922,fact,multi,Which one of the following is not made by Ford?,Model A,Fusion,F-150,Camry,Camry,,,,vehicles,"opentdb, vehicles",medium,1,opentdb,CC BY-SA 4.0,Open Trivia DB (https://opentdb.com/) — CC BY-SA 4.0,OTDB category: Vehicles,true
opentdb-vehicles-923,fact,multi,"Where are the cars of the brand ""Ferrari"" manufactured?",Italy,Russia,Romania,Germany,Italy,,,,vehicles,"opentdb, vehicles",easy,1,opentdb,CC BY-SA 4.0,Open Trivia DB (https://opentdb.com/) — CC BY-SA 4.0,OTDB category: Vehicles,true
opentdb-vehicles-924,fact,multi,The Italian automaker Lamborghini uses what animal as its logo?,Bat,Horse,Snake,Bull,Bull,,,,vehicles,"opentdb, vehicles",easy,1,opentdb,CC BY-SA 4.0,Open Trivia DB (https://opentdb.com/) — CC BY-SA 4.0,OTDB category: Vehicles,true
opentdb-vehicles-925,fact,multi,Which of these cars is NOT considered one of the 5 Modern Supercars by Ferrari?,Enzo Ferrari,Testarossa,288 GTO,F40,Testarossa,,,,vehicles,"opentdb, vehicles",medium,1,opentdb,CC BY-SA 4.0,Open Trivia DB (https://opentdb.com/) — CC BY-SA 4.0,OTDB category: Vehicles,true
opentdb-vehicles-926,fact,multi,When was Tesla founded?,2007,2003,2005,2008,2003,,,,vehicles,"opentdb, vehicles",medium,1,opentdb,CC BY-SA 4.0,Open Trivia DB (https://opentdb.com/) — CC BY-SA 4.0,OTDB category: Vehicles,true
opentdb-vehicles-927,fact,multi,"What country is the Hussarya supercar, made by the car manufacturer ""Arrinera"", assembled in?",Italy,Poland,China,Sweden,Poland,,,,vehicles,"opentdb, vehicles",medium,1,opentdb,CC BY-SA 4.0,Open Trivia DB (https://opentdb.com/) — CC BY-SA 4.0,OTDB category: Vehicles,true
opentdb-vehicles-928,fact,multi,The difference between the lengths of a Boeing 777-300ER and an Airbus A350-1000 is closest to:,100m,10m,1m,0.1m,0.1m,,,,vehicles,"opentdb, vehicles",hard,1,opentdb,CC BY-SA 4.0,Open Trivia DB (https://opentdb.com/) — CC BY-SA 4.0,OTDB category: Vehicles,true
opentdb-vehicles-929,fact,multi,Which Japanese company is the world's largest manufacturer of motorcycles?,Yamaha,Kawasaki,Honda,Suzuki,Honda,,,,vehicles,"opentdb, vehicles",medium,1,opentdb,CC BY-SA 4.0,Open Trivia DB (https://opentdb.com/) — CC BY-SA 4.0,OTDB category: Vehicles,true
opentdb-vehicles-930,fact,multi,"Which animal features on the logo for Abarth, the motorsport division of Fiat?",Bull,Scorpion,Snake,Horse,Scorpion,,,,vehicles,"opentdb, vehicles",medium,1,opentdb,CC BY-SA 4.0,Open Trivia DB (https://opentdb.com/) — CC BY-SA 4.0,OTDB category: Vehicles,true
opentdb-vehicles-931,fact,multi,Which one of the following is NOT a sub-company of the Volkswagen Group?,Opel,Bentley,Bugatti,Porsche,Opel,,,,vehicles,"opentdb, vehicles",hard,1,opentdb,CC BY-SA 4.0,Open Trivia DB (https://opentdb.com/) — CC BY-SA 4.0,OTDB category: Vehicles,true
opentdb-vehicles-932,fact,multi,Which of the following collision avoidance systems helps airplanes avoid colliding with each other?,OCAS,TCAS,TAWS,GPWS,TCAS,,,,vehicles,"opentdb, vehicles",easy,1,opentdb,CC BY-SA 4.0,Open Trivia DB (https://opentdb.com/) — CC BY-SA 4.0,OTDB category: Vehicles,true
opentdb-vehicles-933,fact,multi,Volkswagen's legendary VR6 engine has cylinders positioned at what degree angle?,45 Degree,15 Degree,90 Degree,30 Degree,15 Degree,,,,vehicles,"opentdb, vehicles",hard,1,opentdb,CC BY-SA 4.0,Open Trivia DB (https://opentdb.com/) — CC BY-SA 4.0,OTDB category: Vehicles,true
opentdb-vehicles-934,fact,multi,Which of the following passenger jets is the longest?,Boeing 787-10,Airbus A350-1000,Airbus A330-200,Boeing 747-8,Boeing 747-8,,,,vehicles,"opentdb, vehicles",medium,1,opentdb,CC BY-SA 4.0,Open Trivia DB (https://opentdb.com/) — CC BY-SA 4.0,OTDB category: Vehicles,true
opentdb-vehicles-935,fact,multi,How much horsepower is produced by the SD40-2 Locomotive?,"3,200","3,000","2,190","2,578","3,000",,,,vehicles,"opentdb, vehicles",hard,1,opentdb,CC BY-SA 4.0,Open Trivia DB (https://opentdb.com/) — CC BY-SA 4.0,OTDB category: Vehicles,true
opentdb-vehicles-936,fact,multi,Automobiles produced by Tesla Motors operate on which form of energy?,Diesel,Electricity,Gasoline,Nuclear,Electricity,,,,vehicles,"opentdb, vehicles",easy,1,opentdb,CC BY-SA 4.0,Open Trivia DB (https://opentdb.com/) — CC BY-SA 4.0,OTDB category: Vehicles,true
opentdb-vehicles-937,fact,multi,What model was the sports car gifted to Yuri Gagarin by the French government in 1965?,AC Cobra,Matra Djet,Alpine A110,Porsche 911,Matra Djet,,,,vehicles,"opentdb, vehicles",hard,1,opentdb,CC BY-SA 4.0,Open Trivia DB (https://opentdb.com/) — CC BY-SA 4.0,OTDB category: Vehicles,true
opentdb-vehicles-938,fact,multi,Which of these is NOT a car model produced by Malaysian car manufacturer Proton?,Saga,Perdana,Kelisa,Inspira,Kelisa,,,,vehicles,"opentdb, vehicles",hard,1,opentdb,CC BY-SA 4.0,Open Trivia DB (https://opentdb.com/) — CC BY-SA 4.0,OTDB category: Vehicles,true
opentdb-vehicles-939,fact,multi,Which car brand does NOT belong to General Motors?,Ford,Chevrolet,Buick,Cadillac,Ford,,,,vehicles,"opentdb, vehicles",medium,1,opentdb,CC BY-SA 4.0,Open Trivia DB (https://opentdb.com/) — CC BY-SA 4.0,OTDB category: Vehicles,true
opentdb-vehicles-940,fact,multi,"Which car tire manufacturer is famous for its ""Eagle"" brand of tires, and is the official tire supplier of NASCAR?",Bridgestone,Michelin,Goodyear,Pirelli,Goodyear,,,,vehicles,"opentdb, vehicles",easy,1,opentdb,CC BY-SA 4.0,Open Trivia DB (https://opentdb.com/) — CC BY-SA 4.0,OTDB category: Vehicles,true
opentdb-vehicles-941,fact,multi,Which country has the international vehicle registration letter 'A'?,Afghanistan,Australia,Armenia,Austria,Austria,,,,vehicles,"opentdb, vehicles",medium,1,opentdb,CC BY-SA 4.0,Open Trivia DB (https://opentdb.com/) — CC BY-SA 4.0,OTDB category: Vehicles,true
opentdb-vehicles-942,fact,multi,"Which car tire manufacturer is famous for its ""P Zero"" line?",Pirelli,Michelin,Bridgestone,Goodyear,Pirelli,,,,vehicles,"opentdb, vehicles",easy,1,opentdb,CC BY-SA 4.0,Open Trivia DB (https://opentdb.com/) — CC BY-SA 4.0,OTDB category: Vehicles,true
opentdb-vehicles-943,fact,multi,Enzo Ferrari was originally an auto racer for what manufacturer before founding his own car company?,Bentley,Mercedes Benz,Auto Union,Alfa Romeo,Alfa Romeo,,,,vehicles,"opentdb, vehicles",medium,1,opentdb,CC BY-SA 4.0,Open Trivia DB (https://opentdb.com/) — CC BY-SA 4.0,OTDB category: Vehicles,true
opentdb-vehicles-944,fact,multi,What nickname was given to Air Canada Flight 143 after it ran out of fuel and glided to safety in 1983?,Gimli Glider,Gimli Chaser,Gimli Microlight,Gimli Superb,Gimli Glider,,,,vehicles,"opentdb, vehicles",medium,1,opentdb,CC BY-SA 4.0,Open Trivia DB (https://opentdb.com/) — CC BY-SA 4.0,OTDB category: Vehicles,true
opentdb-vehicles-945,fact,multi,How many wheels does a unicycle have?,4,6,1,3,1,,,,vehicles,"opentdb, vehicles",easy,1,opentdb,CC BY-SA 4.0,Open Trivia DB (https://opentdb.com/) — CC BY-SA 4.0,OTDB category: Vehicles,true
opentdb-vehicles-946,fact,multi,Which of the following countries has officially banned the civilian use of dash cams in cars?,Austria,Czechia,United States,South Korea,Austria,,,,vehicles,"opentdb, vehicles",medium,1,opentdb,CC BY-SA 4.0,Open Trivia DB (https://opentdb.com/) — CC BY-SA 4.0,OTDB category: Vehicles,true
opentdb-vehicles-947,fact,multi,Which of the following vehicles from Ford is named after a WW2 Fighter Plane?,Mustang,Explorer,Ranger,Galaxy,Mustang,,,,vehicles,"opentdb, vehicles",easy,1,opentdb,CC BY-SA 4.0,Open Trivia DB (https://opentdb.com/) — CC BY-SA 4.0,OTDB category: Vehicles,true
opentdb-vehicles-948,fact,multi,"In 2014, over 6 million General Motors vehicles were recalled due to what critical flaw?",Malfunctioning gas pedal,Faulty brake pads,Faulty ignition switch,Breaking fuel lines,Faulty ignition switch,,,,vehicles,"opentdb, vehicles",hard,1,opentdb,CC BY-SA 4.0,Open Trivia DB (https://opentdb.com/) — CC BY-SA 4.0,OTDB category: Vehicles,true
opentdb-vehicles-949,fact,multi,Which Italian city is home of the car manufacturer 'Fiat'?,Maranello,Turin,Modena,Rome,Turin,,,,vehicles,"opentdb, vehicles",easy,1,opentdb,CC BY-SA 4.0,Open Trivia DB (https://opentdb.com/) — CC BY-SA 4.0,OTDB category: Vehicles,true
opentdb-vehicles-950,fact,multi,Which of the following is NOT a Russian car manufacturer?,Dragon,GAZ,BYD,Silant,BYD,,,,vehicles,"opentdb, vehicles",medium,1,opentdb,CC BY-SA 4.0,Open Trivia DB (https://opentdb.com/) — CC BY-SA 4.0,OTDB category: Vehicles,true
opentdb-vehicles-951,fact,multi,Which one is NOT the function of engine oil in car engines?,Reduce corrosion,Combustion,Lubrication,Cooling,Combustion,,,,vehicles,"opentdb, vehicles",medium,1,opentdb,CC BY-SA 4.0,Open Trivia DB (https://opentdb.com/) — CC BY-SA 4.0,OTDB category: Vehicles,true
opentdb-vehicles-952,fact,multi,What are the cylinder-like parts that pump up and down within the engine?,Radiators,Pistons,ABS,Leaf Springs,Pistons,,,,vehicles,"opentdb, vehicles",easy,1,opentdb,CC BY-SA 4.0,Open Trivia DB (https://opentdb.com/) — CC BY-SA 4.0,OTDB category: Vehicles,true
opentdb-vehicles-953,fact,multi,Which of the following FIA Rally cars was approved for use in the Group B class first?,BMW M1,Audi Quattro A2,Porsche 911 Turbo,Lancia Rally 037,Porsche 911 Turbo,,,,vehicles,"opentdb, vehicles",hard,1,opentdb,CC BY-SA 4.0,Open Trivia DB (https://opentdb.com/) — CC BY-SA 4.0,OTDB category: Vehicles,true
opentdb-vehicles-954,fact,multi,"The British Rail Class 700, Class 707 and the Class 717 are part of what train family?",Aventra,Electrostar,Desiro City,Networker,Desiro City,,,,vehicles,"opentdb, vehicles",medium,1,opentdb,CC BY-SA 4.0,Open Trivia DB (https://opentdb.com/) — CC BY-SA 4.0,OTDB category: Vehicles,true
opentdb-vehicles-955,fact,multi,What year did the Chevrolet LUV mini truck make its debut?,1975,1972,1982,1973,1972,,,,vehicles,"opentdb, vehicles",hard,1,opentdb,CC BY-SA 4.0,Open Trivia DB (https://opentdb.com/) — CC BY-SA 4.0,OTDB category: Vehicles,true
opentdb-vehicles-956,fact,multi,"Which car manufacturer created the ""Aventador""?",Pagani,Bugatti,Ferrari,Lamborghini,Lamborghini,,,,vehicles,"opentdb, vehicles",medium,1,opentdb,CC BY-SA 4.0,Open Trivia DB (https://opentdb.com/) — CC BY-SA 4.0,OTDB category: Vehicles,true
opentdb-vehicles-957,fact,multi,Which car is the first mass-produced hybrid vehicle?,Honda Fit,Chevrolet Volt,Peugeot 308 R HYbrid,Toyota Prius,Toyota Prius,,,,vehicles,"opentdb, vehicles",hard,1,opentdb,CC BY-SA 4.0,Open Trivia DB (https://opentdb.com/) — CC BY-SA 4.0,OTDB category: Vehicles,true
opentdb-vehicles-958,fact,multi,Which of the following car manufacturers had a war named after it?,Honda,Toyota,Ford,Volkswagen,Toyota,,,,vehicles,"opentdb, vehicles",easy,1,opentdb,CC BY-SA 4.0,Open Trivia DB (https://opentdb.com/) — CC BY-SA 4.0,OTDB category: Vehicles,true
opentdb-vehicles-959,fact,multi,What country was the Trabant 601 manufactured in?,Soviet Union,France,East Germany,Hungary,East Germany,,,,vehicles,"opentdb, vehicles",easy,1,opentdb,CC BY-SA 4.0,Open Trivia DB (https://opentdb.com/) — CC BY-SA 4.0,OTDB category: Vehicles,true
opentdb-vehicles-960,fact,multi,The LS1 engine is how many cubic inches?,350,355,360,346,346,,,,vehicles,"opentdb, vehicles",easy,1,opentdb,CC BY-SA 4.0,Open Trivia DB (https://opentdb.com/) — CC BY-SA 4.0,OTDB category: Vehicles,true
opentdb-vehicles-961,fact,multi,Which Audi does not use Haldex based all wheel drive system?,Audi S3,Audi TT,Audi A3,Audi A8,Audi A8,,,,vehicles,"opentdb, vehicles",hard,1,opentdb,CC BY-SA 4.0,Open Trivia DB (https://opentdb.com/) — CC BY-SA 4.0,OTDB category: Vehicles,true
opentdb-vehicles-962,fact,multi,What is the name of Nissan's most popular electric car?,Tree,Deer,Roots,Leaf,Leaf,,,,vehicles,"opentdb, vehicles",easy,1,opentdb,CC BY-SA 4.0,Open Trivia DB (https://opentdb.com/) — CC BY-SA 4.0,OTDB category: Vehicles,true
opentdb-vehicles-963,fact,multi,Which Variable Valve Timing technology is used by BMW?,MultiAir,VVT-iw,VANOS,VVEL,VANOS,,,,vehicles,"opentdb, vehicles",hard,1,opentdb,CC BY-SA 4.0,Open Trivia DB (https://opentdb.com/) — CC BY-SA 4.0,OTDB category: Vehicles,true
opentdb-vehicles-964,fact,multi,What was the name of the first front-wheel-drive car produced by Datsun (now Nissan)?,Skyline,Sunny,Cherry,Bluebird,Cherry,,,,vehicles,"opentdb, vehicles",hard,1,opentdb,CC BY-SA 4.0,Open Trivia DB (https://opentdb.com/) — CC BY-SA 4.0,OTDB category: Vehicles,true
opentdb-vehicles-965,fact,multi,What do the 4 Rings in Audi's Logo represent?,Previously independent automobile manufacturers,Main cities vital to Audi,Countries in which Audi makes the most sales,States in which Audi makes the most sales,Previously independent automobile manufacturers,,,,vehicles,"opentdb, vehicles",medium,1,opentdb,CC BY-SA 4.0,Open Trivia DB (https://opentdb.com/) — CC BY-SA 4.0,OTDB category: Vehicles,true
opentdb-vehicles-966,fact,multi,"What kind of train was Stepney, a train on the Bluebell Railway notable for his appearance in ""The Railway Series""?",LB&SCR J1,LB&SCR A1X,LB&SCR D1,LB&SCR E2,LB&SCR A1X,,,,vehicles,"opentdb, vehicles",hard,1,opentdb,CC BY-SA 4.0,Open Trivia DB (https://opentdb.com/) — CC BY-SA 4.0,OTDB category: Vehicles,true
opentdb-vehicles-967,fact,multi,When was Cadillac founded?,1902,1985,1964,1898,1902,,,,vehicles,"opentdb, vehicles",medium,1,opentdb,CC BY-SA 4.0,Open Trivia DB (https://opentdb.com/) — CC BY-SA 4.0,OTDB category: Vehicles,true
opentdb-vehicles-968,fact,multi,Which of the following car models has been badge-engineered (rebadged) the most?,Holden Monaro,Chevy Camaro,Isuzu Trooper,Suzuki Swift,Isuzu Trooper,,,,vehicles,"opentdb, vehicles",medium,1,opentdb,CC BY-SA 4.0,Open Trivia DB (https://opentdb.com/) — CC BY-SA 4.0,OTDB category: Vehicles,true
opentdb-vehicles-969,fact,multi,Jaguar Cars was previously owned by which car manfacturer?,Chrysler,Fiat,Ford,General Motors,Ford,,,,vehicles,"opentdb, vehicles",easy,1,opentdb,CC BY-SA 4.0,Open Trivia DB (https://opentdb.com/) — CC BY-SA 4.0,OTDB category: Vehicles,true
opentdb-books-970,fact,multi,Which of the following is the world's best-selling book?,The Little Prince,The Da Vinci Code,The Lord of the Rings,Harry Potter and the Philosopher's Stone,The Lord of the Rings,,,,books,"opentdb, books",easy,1,opentdb,CC BY-SA 4.0,Open Trivia DB (https://opentdb.com/) — CC BY-SA 4.0,OTDB category: Entertainment: Books,true
opentdb-books-971,fact,multi,In which classic novel is there a character named Homer Simpson?,A Separate Peace,Catch-22,The Day of the Locust,Of Mice and Men,The Day of the Locust,,,,books,"opentdb, books",hard,1,opentdb,CC BY-SA 4.0,Open Trivia DB (https://opentdb.com/) — CC BY-SA 4.0,OTDB category: Entertainment: Books,true
opentdb-books-972,fact,multi,"In Margaret Atwood's ""The Handmaid's Tale"", what is Offred's real name is implied to be?",April,August,May,June,June,,,,books,"opentdb, books",hard,1,opentdb,CC BY-SA 4.0,Open Trivia DB (https://opentdb.com/) — CC BY-SA 4.0,OTDB category: Entertainment: Books,true
opentdb-books-973,fact,multi,Which is NOT a book in the Harry Potter Series?,The House Elf,The Chamber of Secrets,The Deathly Hallows,The Prisoner of Azkaban,The House Elf,,,,books,"opentdb, books",easy,1,opentdb,CC BY-SA 4.0,Open Trivia DB (https://opentdb.com/) — CC BY-SA 4.0,OTDB category: Entertainment: Books,true
opentdb-books-974,fact,multi,What is the fourth book of the Old Testament?,Exodus,Leviticus,Numbers,Genesis,Numbers,,,,books,"opentdb, books",medium,1,opentdb,CC BY-SA 4.0,Open Trivia DB (https://opentdb.com/) — CC BY-SA 4.0,OTDB category: Entertainment: Books,true
opentdb-books-975,fact,multi,What is the name of Sherlock Holmes's brother?,Mycroft Holmes,Martin Holmes,Herbie Hancock Holmes,Mederi Holmes,Mycroft Holmes,,,,books,"opentdb, books",easy,1,opentdb,CC BY-SA 4.0,Open Trivia DB (https://opentdb.com/) — CC BY-SA 4.0,OTDB category: Entertainment: Books,true
opentdb-books-976,fact,multi,"In The Lies Of Locke Lamora, what does ""Lamora"" mean in Throne Therin?",Thievery,Shadow,Chaos,Justice,Shadow,,,,books,"opentdb, books",hard,1,opentdb,CC BY-SA 4.0,Open Trivia DB (https://opentdb.com/) — CC BY-SA 4.0,OTDB category: Entertainment: Books,true
opentdb-books-977,fact,multi,Which novel by John Grisham was conceived on a road trip to Florida while thinking about stolen books with his wife?,The Litigators,Camino Island,Rogue Lawyer,Gray Mountain,Camino Island,,,,books,"opentdb, books",medium,1,opentdb,CC BY-SA 4.0,Open Trivia DB (https://opentdb.com/) — CC BY-SA 4.0,OTDB category: Entertainment: Books,true
opentdb-books-978,fact,multi,"J.K. Rowling completed ""Harry Potter and the Deathly Hallows"" in which hotel in Edinburgh, Scotland?",The Dunstane Hotel,Sheraton Grand Hotel & Spa,Hotel Novotel,The Balmoral,The Balmoral,,,,books,"opentdb, books",medium,1,opentdb,CC BY-SA 4.0,Open Trivia DB (https://opentdb.com/) — CC BY-SA 4.0,OTDB category: Entertainment: Books,true
opentdb-books-979,fact,multi,"Who is the author of the series ""Malazan Book of the Fallen""?",Ian Cameron Esslemont,J. R. R. Tolkien,Steven Erikson,George R. R. Martin,Steven Erikson,,,,books,"opentdb, books",medium,1,opentdb,CC BY-SA 4.0,Open Trivia DB (https://opentdb.com/) — CC BY-SA 4.0,OTDB category: Entertainment: Books,true
opentdb-books-980,fact,multi,Which of these does Charlie NOT read in The Perks of Being a Wallflower?,The Great Gatsby,The Grapes of Wrath,Hamlet,Peter Pan,The Grapes of Wrath,,,,books,"opentdb, books",hard,1,opentdb,CC BY-SA 4.0,Open Trivia DB (https://opentdb.com/) — CC BY-SA 4.0,OTDB category: Entertainment: Books,true
opentdb-books-981,fact,multi,What's the second book in George R. R. Martin's 'A Song of Ice and Fire' series?,A Clash of Kings,A Storm of Swords,A Dance with Dragons,A Feast for Crows,A Clash of Kings,,,,books,"opentdb, books",easy,1,opentdb,CC BY-SA 4.0,Open Trivia DB (https://opentdb.com/) — CC BY-SA 4.0,OTDB category: Entertainment: Books,true
opentdb-books-982,fact,multi,"In the ""Harry Potter"" series, what is Headmaster Dumbledore's full name?",Albus Percival Wulfric Brian Dumbledore,Albus Valum Jetta Mobius Dumbledore,Albus Valencium Horatio Kul Dumbledore,Albus James Lunae Otto Dumbledore,Albus Percival Wulfric Brian Dumbledore,,,,books,"opentdb, books",hard,1,opentdb,CC BY-SA 4.0,Open Trivia DB (https://opentdb.com/) — CC BY-SA 4.0,OTDB category: Entertainment: Books,true
opentdb-books-983,fact,multi,What was the first ever entry written for the SCP Foundation collaborative writing project?,SCP-173,SCP-1459,SCP-999,SCP-001,SCP-173,,,,books,"opentdb, books",easy,1,opentdb,CC BY-SA 4.0,Open Trivia DB (https://opentdb.com/) — CC BY-SA 4.0,OTDB category: Entertainment: Books,true
opentdb-books-984,fact,multi,"The title of Adolf Hitler's autobiography ""Mein Kampf"" is what when translated to English?",My Sadness,My Struggle,My Desire,My Hatred,My Struggle,,,,books,"opentdb, books",medium,1,opentdb,CC BY-SA 4.0,Open Trivia DB (https://opentdb.com/) — CC BY-SA 4.0,OTDB category: Entertainment: Books,true
opentdb-books-985,fact,multi,Under what pseudonym did Stephen King publish five novels between 1977 and 1984?,Mark Twain,Richard Bachman,Lewis Carroll,J. D. Robb,Richard Bachman,,,,books,"opentdb, books",easy,1,opentdb,CC BY-SA 4.0,Open Trivia DB (https://opentdb.com/) — CC BY-SA 4.0,OTDB category: Entertainment: Books,true
opentdb-books-986,fact,multi,"Where does Stephen King's ""IT"" take place?","Rockford, Illinois","Kingsland, Texas","Derry, Maine","Innsmouth, Massachusetts","Derry, Maine",,,,books,"opentdb, books",medium,1,opentdb,CC BY-SA 4.0,Open Trivia DB (https://opentdb.com/) — CC BY-SA 4.0,OTDB category: Entertainment: Books,true
opentdb-books-987,fact,multi,"In the Magic: The Gathering universe,  the Antiquities, Ice Age, and Alliances expansions take place on which continent?",Shiv,Jamuraa,Terisiare,Aerona,Terisiare,,,,books,"opentdb, books",hard,1,opentdb,CC BY-SA 4.0,Open Trivia DB (https://opentdb.com/) — CC BY-SA 4.0,OTDB category: Entertainment: Books,true
opentdb-books-988,fact,multi,"According to The Hitchhiker's Guide to the Galaxy book, the answer to life, the universe and everything else is...",Chocolate,42,Death,Loving everyone around you,42,,,,books,"opentdb, books",medium,1,opentdb,CC BY-SA 4.0,Open Trivia DB (https://opentdb.com/) — CC BY-SA 4.0,OTDB category: Entertainment: Books,true
opentdb-books-989,fact,multi,Who was the original author of Frankenstein?,Mary Shelley,Edgar Allan Poe,Bram Stoker,H. P. Lovecraft,Mary Shelley,,,,books,"opentdb, books",easy,1,opentdb,CC BY-SA 4.0,Open Trivia DB (https://opentdb.com/) — CC BY-SA 4.0,OTDB category: Entertainment: Books,true
opentdb-books-990,fact,multi,"Which of the following was the author of ""Username Evie""?",Alfie Deyes,Joe Sugg,Joe Weller,Zoe Sugg,Joe Sugg,,,,books,"opentdb, books",medium,1,opentdb,CC BY-SA 4.0,Open Trivia DB (https://opentdb.com/) — CC BY-SA 4.0,OTDB category: Entertainment: Books,true
opentdb-books-991,fact,multi,"Who wrote the children's story ""The Little Match Girl""?",Hans Christian Andersen,Oscar Wilde,Charles Dickens,Lewis Carroll,Hans Christian Andersen,,,,books,"opentdb, books",medium,1,opentdb,CC BY-SA 4.0,Open Trivia DB (https://opentdb.com/) — CC BY-SA 4.0,OTDB category: Entertainment: Books,true
opentdb-books-992,fact,multi,"George Orwell's novel ""Animal Farm"" was inspired by which historical event?",The rise of communism and Stalin's policies.,The rise of fascism and Hitler's influences.,The rise of Imperial Japan and Pacific control.,Franklin D. Roosevelt's New Deal and its effects on The Great Depression.,The rise of communism and Stalin's policies.,,,,books,"opentdb, books",medium,1,opentdb,CC BY-SA 4.0,Open Trivia DB (https://opentdb.com/) — CC BY-SA 4.0,OTDB category: Entertainment: Books,true
opentdb-books-993,fact,multi,American illustrator and writer Maurice Sendak is most well-known for writing which children's book?,The Neverending Story,Charlie and the Chocolate Factory,The Cat in the Hat,Where The Wild Things Are,Where The Wild Things Are,,,,books,"opentdb, books",easy,1,opentdb,CC BY-SA 4.0,Open Trivia DB (https://opentdb.com/) — CC BY-SA 4.0,OTDB category: Entertainment: Books,true
opentdb-books-994,fact,multi,What book series published by Jim Butcher follows a wizard in modern day Chicago?,My Life as a Teenage Wizard,The Dresden Files,A Hat in Time,The Cinder Spires,The Dresden Files,,,,books,"opentdb, books",medium,1,opentdb,CC BY-SA 4.0,Open Trivia DB (https://opentdb.com/) — CC BY-SA 4.0,OTDB category: Entertainment: Books,true
opentdb-books-995,fact,multi,"Which poet wrote ""The Ballad of Reading Gaol"" whilst imprisoned for being gay?",Oscar Wilde,William Blake,Wilfred Owen,Lord Byron,Oscar Wilde,,,,books,"opentdb, books",medium,1,opentdb,CC BY-SA 4.0,Open Trivia DB (https://opentdb.com/) — CC BY-SA 4.0,OTDB category: Entertainment: Books,true
opentdb-books-996,fact,multi,Which classic horror character killed Elizabeth Lavenza?,Frankenstein's Monster,The Creature from the Black Lagoon,Count Dracula,Werewolf,Frankenstein's Monster,,,,books,"opentdb, books",hard,1,opentdb,CC BY-SA 4.0,Open Trivia DB (https://opentdb.com/) — CC BY-SA 4.0,OTDB category: Entertainment: Books,true
opentdb-books-997,fact,multi,"The novel ""Of Mice And Men"" was written by what author?",John Steinbeck,Mark Twain,George Orwell,Harper Lee,John Steinbeck,,,,books,"opentdb, books",medium,1,opentdb,CC BY-SA 4.0,Open Trivia DB (https://opentdb.com/) — CC BY-SA 4.0,OTDB category: Entertainment: Books,true
opentdb-books-998,fact,multi,"Which author and poet famously wrote the line, ""The female of the species is more deadly than the male""?",Edgar Allan Poe,Rudyard Kipling,William Wordsworth,William Shakespeare,Rudyard Kipling,,,,books,"opentdb, books",hard,1,opentdb,CC BY-SA 4.0,Open Trivia DB (https://opentdb.com/) — CC BY-SA 4.0,OTDB category: Entertainment: Books,true
opentdb-books-999,fact,multi,"Who was the author of the 1954 novel, ""Lord of the Flies""?",F. Scott Fitzgerald,Hunter Fox,Stephen King,William Golding,William Golding,,,,books,"opentdb, books",easy,1,opentdb,CC BY-SA 4.0,Open Trivia DB (https://opentdb.com/) — CC BY-SA 4.0,OTDB category: Entertainment: Books,true
opentdb-books-1000,fact,multi,What is the name of the fourth book in Stephen King's The Dark Tower series?,Wolves of the Calla,The Dark Half,Wizard and Glass,Hearts in Atlantis,Wizard and Glass,,,,books,"opentdb, books",easy,1,opentdb,CC BY-SA 4.0,Open Trivia DB (https://opentdb.com/) — CC BY-SA 4.0,OTDB category: Entertainment: Books,true
opentdb-books-1001,fact,multi,What is Hermione Granger's middle name?,Jo,Jean,Jane,Emma,Jean,,,,books,"opentdb, books",hard,1,opentdb,CC BY-SA 4.0,Open Trivia DB (https://opentdb.com/) — CC BY-SA 4.0,OTDB category: Entertainment: Books,true
opentdb-books-1002,fact,multi,"In Romance of the Three Kingdoms, who was not a member of the Peach Garden Oath?",Zhao Yun,Guan Yu,Liu Bei,Zhang Fei,Zhao Yun,,,,books,"opentdb, books",medium,1,opentdb,CC BY-SA 4.0,Open Trivia DB (https://opentdb.com/) — CC BY-SA 4.0,OTDB category: Entertainment: Books,true
opentdb-books-1003,fact,multi,"In the Magic: The Gathering universe, which plane does the Homelands expansion take place in?",Bant,Ulgrotha,Llanowar,Tazeem,Ulgrotha,,,,books,"opentdb, books",hard,1,opentdb,CC BY-SA 4.0,Open Trivia DB (https://opentdb.com/) — CC BY-SA 4.0,OTDB category: Entertainment: Books,true
opentdb-books-1004,fact,multi,"The novel ""Jane Eyre"" was written by what author?",Louisa May Alcott,Charlotte Brontë,Jane Austen,Emily Brontë,Charlotte Brontë,,,,books,"opentdb, books",hard,1,opentdb,CC BY-SA 4.0,Open Trivia DB (https://opentdb.com/) — CC BY-SA 4.0,OTDB category: Entertainment: Books,true
opentdb-books-1005,fact,multi,How many books are in the Chronicles of Narnia series?,8,6,7,5,7,,,,books,"opentdb, books",medium,1,opentdb,CC BY-SA 4.0,Open Trivia DB (https://opentdb.com/) — CC BY-SA 4.0,OTDB category: Entertainment: Books,true
opentdb-books-1006,fact,multi,Which of these books was NOT written by the Czech author Karel Čapek?,The War with the Newts,"Dashenka, or the Life of a Puppy",Journey to the Center of the Earth,R.U.R. (Rossum's Universal Robots),Journey to the Center of the Earth,,,,books,"opentdb, books",medium,1,opentdb,CC BY-SA 4.0,Open Trivia DB (https://opentdb.com/) — CC BY-SA 4.0,OTDB category: Entertainment: Books,true
opentdb-books-1007,fact,multi,What is the name of the three headed dog in Harry Potter and the Sorcerer's Stone?,Poofy,Spot,Spike,Fluffy,Fluffy,,,,books,"opentdb, books",easy,1,opentdb,CC BY-SA 4.0,Open Trivia DB (https://opentdb.com/) — CC BY-SA 4.0,OTDB category: Entertainment: Books,true
opentdb-books-1008,fact,multi,"What was the name of the Mysterious Island, in Jules Verne's ""The Mysterious Island""?",Vulcania Island,Neptune Island,Prometheus Island,Lincoln Island,Lincoln Island,,,,books,"opentdb, books",medium,1,opentdb,CC BY-SA 4.0,Open Trivia DB (https://opentdb.com/) — CC BY-SA 4.0,OTDB category: Entertainment: Books,true
opentdb-books-1009,fact,multi,"Who wrote the young adult novel ""The Fault in Our Stars""?",Stephenie Meyer,John Green,Suzanne Collins,Stephen Chbosky,John Green,,,,books,"opentdb, books",easy,1,opentdb,CC BY-SA 4.0,Open Trivia DB (https://opentdb.com/) — CC BY-SA 4.0,OTDB category: Entertainment: Books,true
opentdb-books-1010,fact,multi,"What is the make and model of the tour vehicles in ""Jurassic Park"" (1990)?",1989 Ford Explorer XLT,1989 Jeep Wrangler YJ Sahar,Mercedes M-Class,1989 Toyota Land Cruiser,1989 Toyota Land Cruiser,,,,books,"opentdb, books",medium,1,opentdb,CC BY-SA 4.0,Open Trivia DB (https://opentdb.com/) — CC BY-SA 4.0,OTDB category: Entertainment: Books,true
opentdb-books-1011,fact,multi,"What is the name of the gang that Ponyboy is a part of in the book, The Outsiders?",The Outsiders,The Mafia,The Socs,The Greasers,The Greasers,,,,books,"opentdb, books",medium,1,opentdb,CC BY-SA 4.0,Open Trivia DB (https://opentdb.com/) — CC BY-SA 4.0,OTDB category: Entertainment: Books,true
opentdb-books-1012,fact,multi,Which American author was also a budding travel writer and wrote of his adventures with his dog Charley?,F. Scott Fitzgerald,John Steinbeck,William Faulkner,Ernest Hemingway,John Steinbeck,,,,books,"opentdb, books",medium,1,opentdb,CC BY-SA 4.0,Open Trivia DB (https://opentdb.com/) — CC BY-SA 4.0,OTDB category: Entertainment: Books,true
opentdb-books-1013,fact,multi,Abel Magwitch is a character from which Charles Dickens novel?,Nicholas Nickleby,The Pickwick Papers,Great Expectations,Oliver Twist,Great Expectations,,,,books,"opentdb, books",hard,1,opentdb,CC BY-SA 4.0,Open Trivia DB (https://opentdb.com/) — CC BY-SA 4.0,OTDB category: Entertainment: Books,true
opentdb-books-1014,fact,multi,"In the Harry Potter universe, what is Cornelius Fudge's middle name?",James,Christopher,Oswald,Harold,Oswald,,,,books,"opentdb, books",hard,1,opentdb,CC BY-SA 4.0,Open Trivia DB (https://opentdb.com/) — CC BY-SA 4.0,OTDB category: Entertainment: Books,true
opentdb-books-1015,fact,multi,"Which classic book opens with the line ""Call me Ishmael""?",A Tale of Two Cities,Wuthering Heights,Moby Dick,Kidnapped,Moby Dick,,,,books,"opentdb, books",easy,1,opentdb,CC BY-SA 4.0,Open Trivia DB (https://opentdb.com/) — CC BY-SA 4.0,OTDB category: Entertainment: Books,true
opentdb-books-1016,fact,multi,What position does Harry Potter play in Quidditch?,Keeper,Seeker,Beater,Chaser,Seeker,,,,books,"opentdb, books",medium,1,opentdb,CC BY-SA 4.0,Open Trivia DB (https://opentdb.com/) — CC BY-SA 4.0,OTDB category: Entertainment: Books,true
opentdb-books-1017,fact,multi,"By what nickname is Jack Dawkins known in the Charles Dickens novel, 'Oliver Twist'?",Fagin,Bull’s-eye,Mr. Fang,The Artful Dodger,The Artful Dodger,,,,books,"opentdb, books",medium,1,opentdb,CC BY-SA 4.0,Open Trivia DB (https://opentdb.com/) — CC BY-SA 4.0,OTDB category: Entertainment: Books,true
opentdb-books-1018,fact,multi,"In The Lies of Locke Lamora, what title is Locke known by in the criminal world?",The Rose of the Marrows,The Thorn of Camorr,The Thorn of Emberlain,The Thorn of the Marrows,The Thorn of Camorr,,,,books,"opentdb, books",medium,1,opentdb,CC BY-SA 4.0,Open Trivia DB (https://opentdb.com/) — CC BY-SA 4.0,OTDB category: Entertainment: Books,true
opentdb-books-1019,fact,multi,"The book ""The Little Prince"" was written by...",F. Scott Fitzgerald,Jane Austen,Antoine de Saint-Exupéry,Miguel de Cervantes Saavedra,Antoine de Saint-Exupéry,,,,books,"opentdb, books",medium,1,opentdb,CC BY-SA 4.0,Open Trivia DB (https://opentdb.com/) — CC BY-SA 4.0,OTDB category: Entertainment: Books,true
opentdb-books-1020,fact,multi,"What was the pen name of novelist, Mary Ann Evans?",George Saunders,George Orwell,George Eliot,George Bernard Shaw,George Eliot,,,,books,"opentdb, books",medium,1,opentdb,CC BY-SA 4.0,Open Trivia DB (https://opentdb.com/) — CC BY-SA 4.0,OTDB category: Entertainment: Books,true
opentdb-books-1021,fact,multi,Mary Shelley is the author of what classic horror story?,Frankenstein,The Legend of Sleepy Hollow,Strange Case of Dr Jekyll and Mr Hyde,Dracula,Frankenstein,,,,books,"opentdb, books",medium,1,opentdb,CC BY-SA 4.0,Open Trivia DB (https://opentdb.com/) — CC BY-SA 4.0,OTDB category: Entertainment: Books,true
opentdb-books-1022,fact,multi,"The book ""Fahrenheit 451"" was written by whom?",R. L. Stine,Wolfgang Amadeus Mozart,Stephen King,Ray Bradbury,Ray Bradbury,,,,books,"opentdb, books",medium,1,opentdb,CC BY-SA 4.0,Open Trivia DB (https://opentdb.com/) — CC BY-SA 4.0,OTDB category: Entertainment: Books,true
opentdb-books-1023,fact,multi,Which of the following authors was not born in England?,H G Wells,Arthur Conan Doyle,Arthur C Clarke,Graham Greene,Arthur Conan Doyle,,,,books,"opentdb, books",medium,1,opentdb,CC BY-SA 4.0,Open Trivia DB (https://opentdb.com/) — CC BY-SA 4.0,OTDB category: Entertainment: Books,true
opentdb-books-1024,fact,multi,What is the name of the author of book series 'Percy Jackson'?,Sandra Bullock,Rick Riordan,J.K. Rowling,Roald Dahl,Rick Riordan,,,,books,"opentdb, books",medium,1,opentdb,CC BY-SA 4.0,Open Trivia DB (https://opentdb.com/) — CC BY-SA 4.0,OTDB category: Entertainment: Books,true
opentdb-books-1025,fact,multi,"In ""The Lord of the Rings,"" who is the owner of Asfaloth, the horse which brings Frodo to Rivendell?",Haldir,Glorfindel,Arwen,Aragorn,Glorfindel,,,,books,"opentdb, books",medium,1,opentdb,CC BY-SA 4.0,Open Trivia DB (https://opentdb.com/) — CC BY-SA 4.0,OTDB category: Entertainment: Books,true
opentdb-books-1026,fact,multi,"Which author co-wrote ""The Communist Manifesto"" alongside Karl Marx?",Alexander Kerensky,Robert Owen,Friedrich Engels,Paul Lafargue,Friedrich Engels,,,,books,"opentdb, books",hard,1,opentdb,CC BY-SA 4.0,Open Trivia DB (https://opentdb.com/) — CC BY-SA 4.0,OTDB category: Entertainment: Books,true
opentdb-books-1027,fact,multi,What is the name of the protagonist of J.D. Salinger's novel Catcher in the Rye?,Holden Caulfield,Jay Gatsby,Randall Flagg,Fletcher Christian,Holden Caulfield,,,,books,"opentdb, books",easy,1,opentdb,CC BY-SA 4.0,Open Trivia DB (https://opentdb.com/) — CC BY-SA 4.0,OTDB category: Entertainment: Books,true
opentdb-books-1028,fact,multi,By what name was the author Eric Blair better known?,Ray Bradbury,Ernest Hemingway,Aldous Huxley,George Orwell,George Orwell,,,,books,"opentdb, books",medium,1,opentdb,CC BY-SA 4.0,Open Trivia DB (https://opentdb.com/) — CC BY-SA 4.0,OTDB category: Entertainment: Books,true
opentdb-books-1029,fact,multi,"According to Bram Stoker's novel, in which British coastal town did Dracula come ashore?",Portsmouth,Whitby,Scarborough,Brighton,Whitby,,,,books,"opentdb, books",hard,1,opentdb,CC BY-SA 4.0,Open Trivia DB (https://opentdb.com/) — CC BY-SA 4.0,OTDB category: Entertainment: Books,true
opentdb-books-1030,fact,multi,"Who is the author of the ""A Song of Ice and Fire"" book series, starting with ""A Game of Thrones""?",George R. R. Martin,J. R. R. Tolkien,Brandon Sanderson,Steven Erikson,George R. R. Martin,,,,books,"opentdb, books",easy,1,opentdb,CC BY-SA 4.0,Open Trivia DB (https://opentdb.com/) — CC BY-SA 4.0,OTDB category: Entertainment: Books,true
opentdb-books-1031,fact,multi,Which of these book series is by James Patterson?,The Legend of Xanth,Harry Potter,Maximum Ride,The Bartemaeus Trilogy,Maximum Ride,,,,books,"opentdb, books",medium,1,opentdb,CC BY-SA 4.0,Open Trivia DB (https://opentdb.com/) — CC BY-SA 4.0,OTDB category: Entertainment: Books,true
opentdb-books-1032,fact,multi,"In the Beatrix Potter books, what type of animal is Tommy Brock?",Frog,Fox,Badger,Rabbit,Badger,,,,books,"opentdb, books",hard,1,opentdb,CC BY-SA 4.0,Open Trivia DB (https://opentdb.com/) — CC BY-SA 4.0,OTDB category: Entertainment: Books,true
opentdb-books-1033,fact,multi,"In the ""Harry Potter"" novels, what must a Hogwarts student do to enter the Ravenclaw Common Room?",Answer a riddle,Knock in sequence,Speak a password,Rhythmically tap barrels with a wand,Answer a riddle,,,,books,"opentdb, books",medium,1,opentdb,CC BY-SA 4.0,Open Trivia DB (https://opentdb.com/) — CC BY-SA 4.0,OTDB category: Entertainment: Books,true
opentdb-books-1034,fact,multi,"Which famous spy novelist wrote the childrens' story ""Chitty-Chitty-Bang-Bang""?",Graham Greene,Joseph Conrad,Ian Fleming,John Buchan,Ian Fleming,,,,books,"opentdb, books",easy,1,opentdb,CC BY-SA 4.0,Open Trivia DB (https://opentdb.com/) — CC BY-SA 4.0,OTDB category: Entertainment: Books,true
opentdb-books-1035,fact,multi,What's Harry Potter's dad's name?,James Potter,Frank Potter,Hairy Potter Sr.,Joey Potter,James Potter,,,,books,"opentdb, books",easy,1,opentdb,CC BY-SA 4.0,Open Trivia DB (https://opentdb.com/) — CC BY-SA 4.0,OTDB category: Entertainment: Books,true
opentdb-books-1036,fact,multi,"Who wrote ""A Tale of Two Cities""?",Charles Darwin,Charles Dickens,Mark Twain,Roald Dahl,Charles Dickens,,,,books,"opentdb, books",easy,1,opentdb,CC BY-SA 4.0,Open Trivia DB (https://opentdb.com/) — CC BY-SA 4.0,OTDB category: Entertainment: Books,true
opentdb-books-1037,fact,multi,"In the book series ""Odd Thomas"", Danny Jessup has what genetic disease?",Adrenoleukodystrophy,Cystic Fibrosis,Spinocerebellar ataxia,Osteogenesis Imperfecta,Osteogenesis Imperfecta,,,,books,"opentdb, books",hard,1,opentdb,CC BY-SA 4.0,Open Trivia DB (https://opentdb.com/) — CC BY-SA 4.0,OTDB category: Entertainment: Books,true
opentdb-books-1038,fact,multi,What is Ron Weasley's middle name?,Bilius,John,Dominic,Arthur,Bilius,,,,books,"opentdb, books",hard,1,opentdb,CC BY-SA 4.0,Open Trivia DB (https://opentdb.com/) — CC BY-SA 4.0,OTDB category: Entertainment: Books,true
opentdb-books-1039,fact,multi,"Who wrote ""Harry Potter""?",Terry Pratchett,J.R.R. Tolkien,Daniel Radcliffe,J.K. Rowling,J.K. Rowling,,,,books,"opentdb, books",easy,1,opentdb,CC BY-SA 4.0,Open Trivia DB (https://opentdb.com/) — CC BY-SA 4.0,OTDB category: Entertainment: Books,true
opentdb-books-1040,fact,multi,How many Harry Potter books are there?,6,5,8,7,7,,,,books,"opentdb, books",easy,1,opentdb,CC BY-SA 4.0,Open Trivia DB (https://opentdb.com/) — CC BY-SA 4.0,OTDB category: Entertainment: Books,true
opentdb-books-1041,fact,multi,Which of the following is not a work authored by Fyodor Dostoevsky?,Notes from the Underground,Anna Karenina,Crime and Punishment,The Brothers Karamazov,Anna Karenina,,,,books,"opentdb, books",medium,1,opentdb,CC BY-SA 4.0,Open Trivia DB (https://opentdb.com/) — CC BY-SA 4.0,OTDB category: Entertainment: Books,true
opentdb-books-1042,fact,multi,"What was the name of Captain Nemo's submarine in ""20,000 Leagues Under the Sea""?",The Poseidon,The Neptune,The Atlantis,The Nautilus,The Nautilus,,,,books,"opentdb, books",easy,1,opentdb,CC BY-SA 4.0,Open Trivia DB (https://opentdb.com/) — CC BY-SA 4.0,OTDB category: Entertainment: Books,true
opentdb-books-1043,fact,multi,Which Russian author wrote the epic novel War and Peace?,Fyodor Dostoyevsky,Leo Tolstoy,Vladimir Nabokov,Alexander Pushkin,Leo Tolstoy,,,,books,"opentdb, books",medium,1,opentdb,CC BY-SA 4.0,Open Trivia DB (https://opentdb.com/) — CC BY-SA 4.0,OTDB category: Entertainment: Books,true
opentdb-books-1044,fact,multi,"In Michael Crichton's novel ""Jurassic Park"", John Hammond meets his demise at the claws of which dinosaur?",Velociraptor,Tyrannosaurus Rex,Dilophosaurus,Procompsognathus,Procompsognathus,,,,books,"opentdb, books",medium,1,opentdb,CC BY-SA 4.0,Open Trivia DB (https://opentdb.com/) — CC BY-SA 4.0,OTDB category: Entertainment: Books,true
opentdb-books-1045,fact,multi,"""Green Eggs And Ham"" is a book by which author?",A.A. Milne,Beatrix Potter,Dr. Seuss,Roald Dahl,Dr. Seuss,,,,books,"opentdb, books",easy,1,opentdb,CC BY-SA 4.0,Open Trivia DB (https://opentdb.com/) — CC BY-SA 4.0,OTDB category: Entertainment: Books,true
opentdb-books-1046,fact,multi,"In the novel 1984, written by George Orwell, what is the name of the totalitarian regime that controls Oceania?",INGSOC,Neo-Bolshevism,Earth Alliance,Obliteration of the Self,INGSOC,,,,books,"opentdb, books",easy,1,opentdb,CC BY-SA 4.0,Open Trivia DB (https://opentdb.com/) — CC BY-SA 4.0,OTDB category: Entertainment: Books,true
opentdb-books-1047,fact,multi,"Who wrote ""The Scarlet Letter"", published in 1850?",Nathaniel Hawthorne,Catherine Maria Sedgwick,Washington Irving,James Fenimore Cooper,Nathaniel Hawthorne,,,,books,"opentdb, books",easy,1,opentdb,CC BY-SA 4.0,Open Trivia DB (https://opentdb.com/) — CC BY-SA 4.0,OTDB category: Entertainment: Books,true
opentdb-books-1048,fact,multi,"In the year 1818, novelist Mary Shelly is credited with writing a fiction novel and creating this infamous character.",The Thing,The Invisible Man,Frankenstein's monster,Dracula,Frankenstein's monster,,,,books,"opentdb, books",medium,1,opentdb,CC BY-SA 4.0,Open Trivia DB (https://opentdb.com/) — CC BY-SA 4.0,OTDB category: Entertainment: Books,true
opentdb-books-1049,fact,multi,"Where does the book ""The Silence of the Lambs"" get its title from?",The relation it has with killing the innocents,The main character's trauma in childhood,The villain's favourite meal,The voice of innocent people being shut by the powerful,The main character's trauma in childhood,,,,books,"opentdb, books",hard,1,opentdb,CC BY-SA 4.0,Open Trivia DB (https://opentdb.com/) — CC BY-SA 4.0,OTDB category: Entertainment: Books,true
opentdb-books-1050,fact,multi,"In the book ""The Martian"", how long was Mark Watney trapped on Mars (in Sols)?",401 Days,549 Days,765 Days,324 Days,549 Days,,,,books,"opentdb, books",hard,1,opentdb,CC BY-SA 4.0,Open Trivia DB (https://opentdb.com/) — CC BY-SA 4.0,OTDB category: Entertainment: Books,true
opentdb-books-1051,fact,multi,"In Terry Pratchett's Discworld novel 'Wyrd Sisters', which of these are not one of the three main witches?",Nanny Ogg,Granny Weatherwax,Winny Hathersham,Magrat Garlick,Winny Hathersham,,,,books,"opentdb, books",medium,1,opentdb,CC BY-SA 4.0,Open Trivia DB (https://opentdb.com/) — CC BY-SA 4.0,OTDB category: Entertainment: Books,true
opentdb-books-1052,fact,multi,"This play is generally considered to be the most adaptable of Shakespeare’s works, and follows two “star-crossed lovers”.",The Tempest,Hamlet,King Lear,Romeo and Juliet,Romeo and Juliet,,,,books,"opentdb, books",easy,1,opentdb,CC BY-SA 4.0,Open Trivia DB (https://opentdb.com/) — CC BY-SA 4.0,OTDB category: Entertainment: Books,true
opentdb-books-1053,fact,multi,"In Rudyard Kipling's ""The Jungle Book"", what type of snake was Kaa?",Anaconda,Viper,Python,Cobra,Python,,,,books,"opentdb, books",medium,1,opentdb,CC BY-SA 4.0,Open Trivia DB (https://opentdb.com/) — CC BY-SA 4.0,OTDB category: Entertainment: Books,true
opentdb-books-1054,fact,multi,In what Harry Potter book was a Horcrux first encountered?,The Half-Blood Prince,The Deathly Hallows,The Chamber of Secrets,The Goblet of Fire,The Chamber of Secrets,,,,books,"opentdb, books",easy,1,opentdb,CC BY-SA 4.0,Open Trivia DB (https://opentdb.com/) — CC BY-SA 4.0,OTDB category: Entertainment: Books,true
opentdb-books-1055,fact,multi,Who wrote the novel 'Fear And Loathing In Las Vegas'?,William S. Burroughs,Hunter S. Thompson,Henry Miller,F. Scott Fitzgerald,Hunter S. Thompson,,,,books,"opentdb, books",easy,1,opentdb,CC BY-SA 4.0,Open Trivia DB (https://opentdb.com/) — CC BY-SA 4.0,OTDB category: Entertainment: Books,true
opentdb-books-1056,fact,multi,"What was the last message of the Dolphins in ""The Hitchhiker's Guide to the Galaxy""?","""So long, and thanks for all the fish.""","""Land of the brave.""","""The answer is 42.""","""Goodbye cruel world!""","""So long, and thanks for all the fish.""",,,,books,"opentdb, books",medium,1,opentdb,CC BY-SA 4.0,Open Trivia DB (https://opentdb.com/) — CC BY-SA 4.0,OTDB category: Entertainment: Books,true
opentdb-books-1057,fact,multi,What is the title of the first Sherlock Holmes book by Arthur Conan Doyle?,A Case of Identity,The Doings of Raffles Haw,The Sign of the Four,A Study in Scarlet,A Study in Scarlet,,,,books,"opentdb, books",easy,1,opentdb,CC BY-SA 4.0,Open Trivia DB (https://opentdb.com/) — CC BY-SA 4.0,OTDB category: Entertainment: Books,true
opentdb-books-1058,fact,multi,"In the Magic: The Gathering universe, the Fallen Empires expansion takes place on which continent?",Otaria,Terisiare,Sarpadia,Shiv,Sarpadia,,,,books,"opentdb, books",hard,1,opentdb,CC BY-SA 4.0,Open Trivia DB (https://opentdb.com/) — CC BY-SA 4.0,OTDB category: Entertainment: Books,true
opentdb-books-1059,fact,multi,"Of the following, which Stephen King novel was published earliest?","""Christine""","""IT""","""Cujo""","""Misery""","""Cujo""",,,,books,"opentdb, books",medium,1,opentdb,CC BY-SA 4.0,Open Trivia DB (https://opentdb.com/) — CC BY-SA 4.0,OTDB category: Entertainment: Books,true
opentdb-books-1060,fact,multi,"In the Lord of the Rings, who is the father of the dwarf Gimli?",Thorin Oakenshield,Dwalin,Bombur,Gloin,Gloin,,,,books,"opentdb, books",medium,1,opentdb,CC BY-SA 4.0,Open Trivia DB (https://opentdb.com/) — CC BY-SA 4.0,OTDB category: Entertainment: Books,true
opentdb-books-1061,fact,multi,Which fictional English county was the setting for Thomas Hardy's novels?,Ambridge,Barsetshire,Wessex,Fulchester,Wessex,,,,books,"opentdb, books",hard,1,opentdb,CC BY-SA 4.0,Open Trivia DB (https://opentdb.com/) — CC BY-SA 4.0,OTDB category: Entertainment: Books,true
opentdb-books-1062,fact,multi,"In ""Little Women"", which of the March sisters married Laurie?",Jo,Amy,Beth,Meg,Amy,,,,books,"opentdb, books",medium,1,opentdb,CC BY-SA 4.0,Open Trivia DB (https://opentdb.com/) — CC BY-SA 4.0,OTDB category: Entertainment: Books,true
opentdb-books-1063,fact,multi,"In the ""The Hobbit"", who kills Smaug?",Bilbo Baggins,Gandalf the Grey,Frodo,Bard,Bard,,,,books,"opentdb, books",medium,1,opentdb,CC BY-SA 4.0,Open Trivia DB (https://opentdb.com/) — CC BY-SA 4.0,OTDB category: Entertainment: Books,true
opentdb-books-1064,fact,multi,"In the children's book series, where is Paddington Bear originally from?",Peru,Canada,Iceland,India,Peru,,,,books,"opentdb, books",medium,1,opentdb,CC BY-SA 4.0,Open Trivia DB (https://opentdb.com/) — CC BY-SA 4.0,OTDB category: Entertainment: Books,true
opentdb-books-1065,fact,multi,"What was Sir Handel's original name in ""The Railway Series"" and it's animated counterpart ""Thomas and Friends?""",Falcon,Kyte,Eagle,Swallow,Falcon,,,,books,"opentdb, books",easy,1,opentdb,CC BY-SA 4.0,Open Trivia DB (https://opentdb.com/) — CC BY-SA 4.0,OTDB category: Entertainment: Books,true
opentdb-books-1066,fact,multi,Which of the following is NOT a work done by Shakespeare?,Cymbeline,Trial of Temperance,Measure For Measure,Titus Andronicus,Trial of Temperance,,,,books,"opentdb, books",hard,1,opentdb,CC BY-SA 4.0,Open Trivia DB (https://opentdb.com/) — CC BY-SA 4.0,OTDB category: Entertainment: Books,true
opentdb-books-1067,fact,multi,"In the novel ""Lord of the Rings"", how many rings of power were given to the race of man?",11,9,5,13,9,,,,books,"opentdb, books",medium,1,opentdb,CC BY-SA 4.0,Open Trivia DB (https://opentdb.com/) — CC BY-SA 4.0,OTDB category: Entertainment: Books,true
opentdb-books-1068,fact,multi,"What is the name of Eragon's dragon in ""Eragon""?",Thorn,Arya,Saphira,Glaedr,Saphira,,,,books,"opentdb, books",medium,1,opentdb,CC BY-SA 4.0,Open Trivia DB (https://opentdb.com/) — CC BY-SA 4.0,OTDB category: Entertainment: Books,true
opentdb-books-1069,fact,multi,What is the name of the town in which Lily and James Potter are buried?,Little Hangleton,Godric's Hollow,Ottery St. Catchpole,Hogsmeade,Godric's Hollow,,,,books,"opentdb, books",hard,1,opentdb,CC BY-SA 4.0,Open Trivia DB (https://opentdb.com/) — CC BY-SA 4.0,OTDB category: Entertainment: Books,true
opentdb-film-1070,fact,multi,Velma Kelly and Roxie Hart are the protagonists of which Oscar winning movie?,Cabaret,Dreamgirls,Chicago,All That Jazz,Chicago,,,,film,"opentdb, film",medium,1,opentdb,CC BY-SA 4.0,Open Trivia DB (https://opentdb.com/) — CC BY-SA 4.0,OTDB category: Entertainment: Film,true
opentdb-film-1071,fact,multi,What did the first moving picture depict?,A crackling fire,A man walking,A galloping horse,A woman in a dress,A galloping horse,,,,film,"opentdb, film",hard,1,opentdb,CC BY-SA 4.0,Open Trivia DB (https://opentdb.com/) — CC BY-SA 4.0,OTDB category: Entertainment: Film,true
opentdb-film-1072,fact,multi,"What breed of dog was Marley in the film ""Marley & Me"" (2008)?",Shiba Inu,Labrador Retriever,Dalmatian,Golden Retriever,Labrador Retriever,,,,film,"opentdb, film",easy,1,opentdb,CC BY-SA 4.0,Open Trivia DB (https://opentdb.com/) — CC BY-SA 4.0,OTDB category: Entertainment: Film,true
opentdb-film-1073,fact,multi,In what year was the first Indian movie submitted for an Oscar?,1954,1962,1938,1957,1957,,,,film,"opentdb, film",hard,1,opentdb,CC BY-SA 4.0,Open Trivia DB (https://opentdb.com/) — CC BY-SA 4.0,OTDB category: Entertainment: Film,true
opentdb-film-1074,fact,multi,"What does TIE stand for in reference to the TIE Fighter in ""Star Wars""?",Twin Inception Engine,Twin Iron Engine,Twin Intercepter Engine,Twin Ion Engine,Twin Ion Engine,,,,film,"opentdb, film",medium,1,opentdb,CC BY-SA 4.0,Open Trivia DB (https://opentdb.com/) — CC BY-SA 4.0,OTDB category: Entertainment: Film,true
opentdb-film-1075,fact,multi,"In 2012, which movie won every category in the 32nd ""Golden Raspberry Awards""?",The King's Speech,Thor,Jack and Jill,The Girl with the Dragon Tattoo,Jack and Jill,,,,film,"opentdb, film",hard,1,opentdb,CC BY-SA 4.0,Open Trivia DB (https://opentdb.com/) — CC BY-SA 4.0,OTDB category: Entertainment: Film,true
opentdb-film-1076,fact,multi,The 2016 Disney animated film 'Moana' is based on which culture?,Nordic,Japanese,Native American,Polynesian,Polynesian,,,,film,"opentdb, film",easy,1,opentdb,CC BY-SA 4.0,Open Trivia DB (https://opentdb.com/) — CC BY-SA 4.0,OTDB category: Entertainment: Film,true
opentdb-film-1077,fact,multi,"In the 1995 film ""Balto"", who are Steele's accomplices?","Kaltag, Nikki, and Star","Jenna, Sylvie, and Dixie","Dusty, Kirby, and Ralph","Nuk, Yak, and Sumac","Kaltag, Nikki, and Star",,,,film,"opentdb, film",easy,1,opentdb,CC BY-SA 4.0,Open Trivia DB (https://opentdb.com/) — CC BY-SA 4.0,OTDB category: Entertainment: Film,true
opentdb-film-1078,fact,multi,"In Big Hero 6, what fictional city is the Big Hero 6 from?",Tokysisco,Sankyo,San Tokyo,San Fransokyo,San Fransokyo,,,,film,"opentdb, film",easy,1,opentdb,CC BY-SA 4.0,Open Trivia DB (https://opentdb.com/) — CC BY-SA 4.0,OTDB category: Entertainment: Film,true
opentdb-film-1079,fact,multi,Which of these movies did Jeff Bridges not star in?,Tron: Legacy,The Hateful Eight,The Giver,True Grit,The Hateful Eight,,,,film,"opentdb, film",easy,1,opentdb,CC BY-SA 4.0,Open Trivia DB (https://opentdb.com/) — CC BY-SA 4.0,OTDB category: Entertainment: Film,true
opentdb-film-1080,fact,multi,"In the 1984 movie ""The Terminator"", what model number is the Terminator portrayed by Arnold Schwarzenegger?",T-1000,T-888,I-950,T-800,T-800,,,,film,"opentdb, film",medium,1,opentdb,CC BY-SA 4.0,Open Trivia DB (https://opentdb.com/) — CC BY-SA 4.0,OTDB category: Entertainment: Film,true
opentdb-film-1081,fact,multi,"In what year did Clint Eastwood star as Inspector Harry Callahan in the film ""Dirty Harry""?",1975,1983,1969,1971,1971,,,,film,"opentdb, film",hard,1,opentdb,CC BY-SA 4.0,Open Trivia DB (https://opentdb.com/) — CC BY-SA 4.0,OTDB category: Entertainment: Film,true
opentdb-film-1082,fact,multi,"What is the name of the villian in the 2015 Russian-American Sci-Fi Movie ""Hardcore Henry""?",Estelle,Jimmy,Akan,Henry,Akan,,,,film,"opentdb, film",medium,1,opentdb,CC BY-SA 4.0,Open Trivia DB (https://opentdb.com/) — CC BY-SA 4.0,OTDB category: Entertainment: Film,true
opentdb-film-1083,fact,multi,"Who performed the opening theme song for the James Bond 007 movie ""Goldfinger""?",Tom Jones,Sheena Easton,John Barry,Shirley Basey,Shirley Basey,,,,film,"opentdb, film",medium,1,opentdb,CC BY-SA 4.0,Open Trivia DB (https://opentdb.com/) — CC BY-SA 4.0,OTDB category: Entertainment: Film,true
opentdb-film-1084,fact,multi,"Which actors made up the trio in ""The Good, the Bad, and the Ugly""?","Sergio Leone, Ennio Morricone, and Tonino Delli Colli","Yul Brynner, Steve McQueen, and Charles Bronson","Aldo Giuffrè, Mario Brega, and Luigi Pistilli","Clint Eastwood, Eli Wallach, and Lee Van Cleef","Clint Eastwood, Eli Wallach, and Lee Van Cleef",,,,film,"opentdb, film",hard,1,opentdb,CC BY-SA 4.0,Open Trivia DB (https://opentdb.com/) — CC BY-SA 4.0,OTDB category: Entertainment: Film,true
opentdb-film-1085,fact,multi,"Which director directed the movie ""Pan's Labyrinth""?",Guillermo Del Toro,Alejandro Jodorowsky,Alejandro González Iñárritu,Alfonso Cuarón,Guillermo Del Toro,,,,film,"opentdb, film",medium,1,opentdb,CC BY-SA 4.0,Open Trivia DB (https://opentdb.com/) — CC BY-SA 4.0,OTDB category: Entertainment: Film,true
opentdb-film-1086,fact,multi,"In the Mad Max franchise, what type of car is the Pursuit Special driven by Max?",Ford Falcon,Chrysler Valiant Charger,Pontiac Firebird,Holden Monaro,Ford Falcon,,,,film,"opentdb, film",medium,1,opentdb,CC BY-SA 4.0,Open Trivia DB (https://opentdb.com/) — CC BY-SA 4.0,OTDB category: Entertainment: Film,true
opentdb-film-1087,fact,multi,Daniel Radcliffe became a global star in the film industry due to his performance in which film franchise?,Ted,Spy Kids,Pirates of the Caribbean,Harry Potter,Harry Potter,,,,film,"opentdb, film",easy,1,opentdb,CC BY-SA 4.0,Open Trivia DB (https://opentdb.com/) — CC BY-SA 4.0,OTDB category: Entertainment: Film,true
opentdb-film-1088,fact,multi,"In the movie “The Iron Giant,” this character is the protagonist.",Annie Hughes,Hogarth Hughes,Kent Mansley,Dean McCoppin,Hogarth Hughes,,,,film,"opentdb, film",medium,1,opentdb,CC BY-SA 4.0,Open Trivia DB (https://opentdb.com/) — CC BY-SA 4.0,OTDB category: Entertainment: Film,true
opentdb-film-1089,fact,multi,"In the ""Jurassic Park"" universe, what was the first dinosaur cloned by InGen in 1986?",Brachiosaurus,Velociraptor,Triceratops,Troodon,Velociraptor,,,,film,"opentdb, film",hard,1,opentdb,CC BY-SA 4.0,Open Trivia DB (https://opentdb.com/) — CC BY-SA 4.0,OTDB category: Entertainment: Film,true
opentdb-film-1090,fact,multi,Which actor and martial artist starred as Colonel Guile in the 1994 action film adaptation of Street Fighter?,Scott Adkins,Chuck Norris,Steven Seagal,Jean-Claude Van Damme,Jean-Claude Van Damme,,,,film,"opentdb, film",medium,1,opentdb,CC BY-SA 4.0,Open Trivia DB (https://opentdb.com/) — CC BY-SA 4.0,OTDB category: Entertainment: Film,true
opentdb-film-1091,fact,multi,"Who is the director of the 1991 film ""Silence of the Lambs""?",Frank Darabont,Jonathan Demme,Michael Bay,Stanley Kubrick,Jonathan Demme,,,,film,"opentdb, film",medium,1,opentdb,CC BY-SA 4.0,Open Trivia DB (https://opentdb.com/) — CC BY-SA 4.0,OTDB category: Entertainment: Film,true
opentdb-film-1092,fact,multi,"Who is the main antagonist of Christopher Nolan's 2012 film ""The Dark Knight Rises""?",The Riddler,The Joker,CIA,Bane,Bane,,,,film,"opentdb, film",easy,1,opentdb,CC BY-SA 4.0,Open Trivia DB (https://opentdb.com/) — CC BY-SA 4.0,OTDB category: Entertainment: Film,true
opentdb-film-1093,fact,multi,"Who plays protagonist Ethan Hunt in the ""Mission: Impossible"" film-series?",Tom Cruise,Pierce Brosnan,Johnny Depp,Sean Connery,Tom Cruise,,,,film,"opentdb, film",easy,1,opentdb,CC BY-SA 4.0,Open Trivia DB (https://opentdb.com/) — CC BY-SA 4.0,OTDB category: Entertainment: Film,true
opentdb-film-1094,fact,multi,Who plays the Nemesis in the Resident Evil movies?,Jimmy Matts,Eric Mabius,Jason Dip,Matthew Taylor,Matthew Taylor,,,,film,"opentdb, film",medium,1,opentdb,CC BY-SA 4.0,Open Trivia DB (https://opentdb.com/) — CC BY-SA 4.0,OTDB category: Entertainment: Film,true
opentdb-film-1095,fact,multi,"What type of cheese, loved by Wallace and Gromit, had it's sale prices rise after their successful short films?",Wensleydale,Cheddar,Edam,Moon Cheese,Wensleydale,,,,film,"opentdb, film",medium,1,opentdb,CC BY-SA 4.0,Open Trivia DB (https://opentdb.com/) — CC BY-SA 4.0,OTDB category: Entertainment: Film,true
opentdb-film-1096,fact,multi,"What was Marilyn Monroe`s character's first name in the film ""Some Like It Hot""?",Sugar,Honey,Caramel,Candy,Sugar,,,,film,"opentdb, film",medium,1,opentdb,CC BY-SA 4.0,Open Trivia DB (https://opentdb.com/) — CC BY-SA 4.0,OTDB category: Entertainment: Film,true
opentdb-film-1097,fact,multi,"In The Lord of the Rings: The Fellowship of the Ring, which one of the following characters from the book was left out of the film?",Strider,Tom Bombadil,Celeborn,Barliman Butterbur,Tom Bombadil,,,,film,"opentdb, film",medium,1,opentdb,CC BY-SA 4.0,Open Trivia DB (https://opentdb.com/) — CC BY-SA 4.0,OTDB category: Entertainment: Film,true
opentdb-film-1098,fact,multi,"Who played Deputy Marshal Samuel Gerard in the 1993 film ""The Fugitive""?",Martin Landau,Harrison Ford,Tommy Lee Jones,Harvey Keitel,Tommy Lee Jones,,,,film,"opentdb, film",easy,1,opentdb,CC BY-SA 4.0,Open Trivia DB (https://opentdb.com/) — CC BY-SA 4.0,OTDB category: Entertainment: Film,true
opentdb-film-1099,fact,multi,Johnny Depp made his big-screen acting debut in which film?,Halloween,My Bloody Valentine,A Nightmare on Elm Street,Friday the 13th,A Nightmare on Elm Street,,,,film,"opentdb, film",medium,1,opentdb,CC BY-SA 4.0,Open Trivia DB (https://opentdb.com/) — CC BY-SA 4.0,OTDB category: Entertainment: Film,true
opentdb-film-1100,fact,multi,Bela Lugosi was a Hungarian-American actor best known for his starring role of what 1931 horror film?,Count Dracula,Dr Frankenstein,The Creature from the Black Lagoon,Werewolf,Count Dracula,,,,film,"opentdb, film",medium,1,opentdb,CC BY-SA 4.0,Open Trivia DB (https://opentdb.com/) — CC BY-SA 4.0,OTDB category: Entertainment: Film,true
opentdb-film-1101,fact,multi,What was the wifi password given to Stephen Strange in Doctor Strange?,Shambala,Ancient,Peace,Chakra,Shambala,,,,film,"opentdb, film",hard,1,opentdb,CC BY-SA 4.0,Open Trivia DB (https://opentdb.com/) — CC BY-SA 4.0,OTDB category: Entertainment: Film,true
opentdb-film-1102,fact,multi,"In the 1992 film ""Army of Darkness"", what name does Ash give to his double-barreled shotgun?",Blastbranch,2-Pump Chump,Bloomstick,Boomstick,Boomstick,,,,film,"opentdb, film",easy,1,opentdb,CC BY-SA 4.0,Open Trivia DB (https://opentdb.com/) — CC BY-SA 4.0,OTDB category: Entertainment: Film,true
opentdb-film-1103,fact,multi,What was the first James Bond film?,Thunderball,From Russia With Love,Dr. No,Goldfinger,Dr. No,,,,film,"opentdb, film",easy,1,opentdb,CC BY-SA 4.0,Open Trivia DB (https://opentdb.com/) — CC BY-SA 4.0,OTDB category: Entertainment: Film,true
opentdb-film-1104,fact,multi,Which of these Disney classics was released in 1970?,The Aristocats,One Hundred and One Dalmatians,The Fox and the Hound,The Little Mermaid,The Aristocats,,,,film,"opentdb, film",medium,1,opentdb,CC BY-SA 4.0,Open Trivia DB (https://opentdb.com/) — CC BY-SA 4.0,OTDB category: Entertainment: Film,true
opentdb-film-1105,fact,multi,Leonardo Di Caprio won his first Best Actor Oscar for his performance in which film?,Shutter Island,The Wolf Of Wall Street,Inception,The Revenant,The Revenant,,,,film,"opentdb, film",medium,1,opentdb,CC BY-SA 4.0,Open Trivia DB (https://opentdb.com/) — CC BY-SA 4.0,OTDB category: Entertainment: Film,true
opentdb-film-1106,fact,multi,What were the Chilled Monkey Brains made from during Indiana Jones and the Temple of Doom?,Custard and Raspberry Sauce,Raspberry Sorbet,Cherry Yogurt,Strawberry Ice Cream,Custard and Raspberry Sauce,,,,film,"opentdb, film",medium,1,opentdb,CC BY-SA 4.0,Open Trivia DB (https://opentdb.com/) — CC BY-SA 4.0,OTDB category: Entertainment: Film,true
opentdb-film-1107,fact,multi,"Which iconic character is featured in movies such as ""The Enforcer"", ""Sudden Impact"", and ""The Dead Pool""?",Indiana Jones,Harry Potter,Dirty Harry,James Bond,Dirty Harry,,,,film,"opentdb, film",medium,1,opentdb,CC BY-SA 4.0,Open Trivia DB (https://opentdb.com/) — CC BY-SA 4.0,OTDB category: Entertainment: Film,true
opentdb-film-1108,fact,multi,"Who starred in the film 1973 movie ""Enter The Dragon""?",Jackie Chan,Yun-Fat Chow,Bruce Lee,Jet Li,Bruce Lee,,,,film,"opentdb, film",easy,1,opentdb,CC BY-SA 4.0,Open Trivia DB (https://opentdb.com/) — CC BY-SA 4.0,OTDB category: Entertainment: Film,true
opentdb-film-1109,fact,multi,"Which DC superhero was NOT included in the 2017 movie ""Justice League""?",Wonder Woman,Cyborg,Green Arrow,Batman,Green Arrow,,,,film,"opentdb, film",medium,1,opentdb,CC BY-SA 4.0,Open Trivia DB (https://opentdb.com/) — CC BY-SA 4.0,OTDB category: Entertainment: Film,true
opentdb-film-1110,fact,multi,"Who provided a majority of the songs and lyrics for ""Spirit: Stallion of the Cimarron""?",Oasis,Bryan Adams,Smash Mouth,Air Supply,Bryan Adams,,,,film,"opentdb, film",medium,1,opentdb,CC BY-SA 4.0,Open Trivia DB (https://opentdb.com/) — CC BY-SA 4.0,OTDB category: Entertainment: Film,true
opentdb-film-1111,fact,multi,"Which actor played the main character in the 1990 film ""Edward Scissorhands""?",Ben Stiller,Johnny Depp,Clint Eastwood,Leonardo DiCaprio,Johnny Depp,,,,film,"opentdb, film",medium,1,opentdb,CC BY-SA 4.0,Open Trivia DB (https://opentdb.com/) — CC BY-SA 4.0,OTDB category: Entertainment: Film,true
opentdb-film-1112,fact,multi,"According to ""Star Wars"" lore, which planet does Obi-Wan Kenobi come from?",Alderaan,Stewjon,Tatooine,Naboo,Stewjon,,,,film,"opentdb, film",hard,1,opentdb,CC BY-SA 4.0,Open Trivia DB (https://opentdb.com/) — CC BY-SA 4.0,OTDB category: Entertainment: Film,true
opentdb-film-1113,fact,multi,Who is revealed to be the villain at the end of the first live action Scooby Doo movie?,Scrappy Doo,Old Man Mason,Fred,The Local News Team,Scrappy Doo,,,,film,"opentdb, film",medium,1,opentdb,CC BY-SA 4.0,Open Trivia DB (https://opentdb.com/) — CC BY-SA 4.0,OTDB category: Entertainment: Film,true
opentdb-film-1114,fact,multi,Who directed the Kill Bill movies?,David Lean,Arnold Schwarzenegger,Quentin Tarantino,Stanley Kubrick,Quentin Tarantino,,,,film,"opentdb, film",easy,1,opentdb,CC BY-SA 4.0,Open Trivia DB (https://opentdb.com/) — CC BY-SA 4.0,OTDB category: Entertainment: Film,true
opentdb-film-1115,fact,multi,"Which of the following was not one of ""The Magnificent Seven""?",Robert Vaughn,Charles Bronson,Steve McQueen,Clint Eastwood,Clint Eastwood,,,,film,"opentdb, film",easy,1,opentdb,CC BY-SA 4.0,Open Trivia DB (https://opentdb.com/) — CC BY-SA 4.0,OTDB category: Entertainment: Film,true
opentdb-film-1116,fact,multi,What is the birth name of Michael Caine?,Maurice Micklewhite,Carl Myers,Morris Coleman,Martin Michaels,Maurice Micklewhite,,,,film,"opentdb, film",medium,1,opentdb,CC BY-SA 4.0,Open Trivia DB (https://opentdb.com/) — CC BY-SA 4.0,OTDB category: Entertainment: Film,true
opentdb-film-1117,fact,multi,What historical time period was the center of the Assassin’s Creed movie (2016)?,Victorian England,French Revolution,Colonial America,Spanish Inquisition,Spanish Inquisition,,,,film,"opentdb, film",easy,1,opentdb,CC BY-SA 4.0,Open Trivia DB (https://opentdb.com/) — CC BY-SA 4.0,OTDB category: Entertainment: Film,true
opentdb-film-1118,fact,multi,"In the 1999 movie Fight Club, which of these is not a rule of the ""fight club""?",You do not talk about FIGHT CLUB,Only two guys to a fight,Always wear a shirt,Fights will go on as long as they have to,Always wear a shirt,,,,film,"opentdb, film",medium,1,opentdb,CC BY-SA 4.0,Open Trivia DB (https://opentdb.com/) — CC BY-SA 4.0,OTDB category: Entertainment: Film,true
opentdb-film-1119,fact,multi,Which was the first of Alfred Hitchcock's movies to be filmed in colour?,Rebecca,Vertigo,Psycho,Rope,Rope,,,,film,"opentdb, film",hard,1,opentdb,CC BY-SA 4.0,Open Trivia DB (https://opentdb.com/) — CC BY-SA 4.0,OTDB category: Entertainment: Film,true
opentdb-film-1120,fact,multi,The killer in the 1981 film 'My Bloody Valentine' wears what sort of outfit?,Mining gear,Police uniform,Clown costume,Santa suit,Mining gear,,,,film,"opentdb, film",medium,1,opentdb,CC BY-SA 4.0,Open Trivia DB (https://opentdb.com/) — CC BY-SA 4.0,OTDB category: Entertainment: Film,true
opentdb-film-1121,fact,multi,"What is the name of the supercomputer located in the control room in ""Jurassic Park"" (1993)?",Thinking Machines CM-5,Cray X-MP,IBM Blue Gene/Q,Cray XK7,Thinking Machines CM-5,,,,film,"opentdb, film",hard,1,opentdb,CC BY-SA 4.0,Open Trivia DB (https://opentdb.com/) — CC BY-SA 4.0,OTDB category: Entertainment: Film,true
opentdb-film-1122,fact,multi,"At the end of the 2001 film ""Rat Race"", whose concert do the contestants crash?",Linkin Park,Bowling for Soup,Sum 41,Smash Mouth,Smash Mouth,,,,film,"opentdb, film",easy,1,opentdb,CC BY-SA 4.0,Open Trivia DB (https://opentdb.com/) — CC BY-SA 4.0,OTDB category: Entertainment: Film,true
opentdb-film-1123,fact,multi,"In the ""Jurassic Park"" universe, when did ""Jurassic Park: San Diego"" begin construction?",1988,1993,1986,1985,1985,,,,film,"opentdb, film",hard,1,opentdb,CC BY-SA 4.0,Open Trivia DB (https://opentdb.com/) — CC BY-SA 4.0,OTDB category: Entertainment: Film,true
opentdb-film-1124,fact,multi,"In ""Mean Girls"", who has breasts that tell when it's raining?",Gretchen Weiners,Cady Heron,Janice Ian,Karen Smith,Karen Smith,,,,film,"opentdb, film",easy,1,opentdb,CC BY-SA 4.0,Open Trivia DB (https://opentdb.com/) — CC BY-SA 4.0,OTDB category: Entertainment: Film,true
opentdb-film-1125,fact,multi,Which actor auditioned for the role of Luke Skywalker?,Laurence Fishburne,Christopher Lambert,James Remar,Kurt Russell,Kurt Russell,,,,film,"opentdb, film",medium,1,opentdb,CC BY-SA 4.0,Open Trivia DB (https://opentdb.com/) — CC BY-SA 4.0,OTDB category: Entertainment: Film,true
opentdb-film-1126,fact,multi,What was the first movie to ever use a Wilhelm Scream?,Indiana Jones,Distant Drums,The Charge at Feather River,Treasure of the Sierra Madre,Distant Drums,,,,film,"opentdb, film",hard,1,opentdb,CC BY-SA 4.0,Open Trivia DB (https://opentdb.com/) — CC BY-SA 4.0,OTDB category: Entertainment: Film,true
opentdb-film-1127,fact,multi,"Which 90's comedy cult classic features cameos appearances from Meat Loaf, Alice Cooper and Chris Farley?",Bill & Ted's Excellent Adventure,Dumb and Dumber,Wayne's World,Austin Powers: International Man of Mystery,Wayne's World,,,,film,"opentdb, film",medium,1,opentdb,CC BY-SA 4.0,Open Trivia DB (https://opentdb.com/) — CC BY-SA 4.0,OTDB category: Entertainment: Film,true
opentdb-film-1128,fact,multi,Who played Thanos in Avengers: Infinity War and Avengers: End Game?,Sean Gunn,Tom Hiddleston,Adam Sandler,Josh Brolin,Josh Brolin,,,,film,"opentdb, film",easy,1,opentdb,CC BY-SA 4.0,Open Trivia DB (https://opentdb.com/) — CC BY-SA 4.0,OTDB category: Entertainment: Film,true
opentdb-film-1129,fact,multi,Which one of these films are shot entirely in one-take?,Good Will Hunting,Birdman,Schindler's List,Russian Ark,Russian Ark,,,,film,"opentdb, film",medium,1,opentdb,CC BY-SA 4.0,Open Trivia DB (https://opentdb.com/) — CC BY-SA 4.0,OTDB category: Entertainment: Film,true
opentdb-film-1130,fact,multi,Who directed Marvel's Avengers Endgame?,Kevin Feige,Josh Whedon,Zack Synder,The Russo Brothers,The Russo Brothers,,,,film,"opentdb, film",easy,1,opentdb,CC BY-SA 4.0,Open Trivia DB (https://opentdb.com/) — CC BY-SA 4.0,OTDB category: Entertainment: Film,true
opentdb-film-1131,fact,multi,"Which musical artist had a prominent role in the 2017 film ""Kingsman: The Golden Circle""?",Justin Bieber,Elton John,Rihanna,Lady Gaga,Elton John,,,,film,"opentdb, film",medium,1,opentdb,CC BY-SA 4.0,Open Trivia DB (https://opentdb.com/) — CC BY-SA 4.0,OTDB category: Entertainment: Film,true
opentdb-film-1132,fact,multi,"In Star Wars, what's the name of the new Government created after the defeat of the Galactic Empire?",The First Order,The New Republic,The Rebel Alliance,The Crimson Dawn,The New Republic,,,,film,"opentdb, film",medium,1,opentdb,CC BY-SA 4.0,Open Trivia DB (https://opentdb.com/) — CC BY-SA 4.0,OTDB category: Entertainment: Film,true
opentdb-film-1133,fact,multi,Which actress danced the twist with John Travolta in 'Pulp Fiction'?,Bridget Fonda,Pam Grier,Uma Thurman,Kathy Griffin,Uma Thurman,,,,film,"opentdb, film",easy,1,opentdb,CC BY-SA 4.0,Open Trivia DB (https://opentdb.com/) — CC BY-SA 4.0,OTDB category: Entertainment: Film,true
opentdb-film-1134,fact,multi,"After India, which country produces the second most movies per year?",China,France,United States,Nigeria,Nigeria,,,,film,"opentdb, film",medium,1,opentdb,CC BY-SA 4.0,Open Trivia DB (https://opentdb.com/) — CC BY-SA 4.0,OTDB category: Entertainment: Film,true
opentdb-film-1135,fact,multi,"Which of the following actors does not play a role in the movie ""The Usual Suspects?""",Benicio Del Toro,Gabriel Byrne,Steve Buscemi,Kevin Spacey,Steve Buscemi,,,,film,"opentdb, film",medium,1,opentdb,CC BY-SA 4.0,Open Trivia DB (https://opentdb.com/) — CC BY-SA 4.0,OTDB category: Entertainment: Film,true
opentdb-film-1136,fact,multi,"The 2002 film ""28 Days Later"" is mainly set in which European country?",France,Germany,Italy,United Kingdom,United Kingdom,,,,film,"opentdb, film",easy,1,opentdb,CC BY-SA 4.0,Open Trivia DB (https://opentdb.com/) — CC BY-SA 4.0,OTDB category: Entertainment: Film,true
opentdb-film-1137,fact,multi,"What was the title of the first Bond movie, released in 1962?",Goldfinger,Thunderball,Dr. No,From Russia with Love,Dr. No,,,,film,"opentdb, film",easy,1,opentdb,CC BY-SA 4.0,Open Trivia DB (https://opentdb.com/) — CC BY-SA 4.0,OTDB category: Entertainment: Film,true
opentdb-film-1138,fact,multi,What was the first monster to appear alongside Godzilla?,King Ghidora,Mothra,Anguirus,King Kong,Anguirus,,,,film,"opentdb, film",easy,1,opentdb,CC BY-SA 4.0,Open Trivia DB (https://opentdb.com/) — CC BY-SA 4.0,OTDB category: Entertainment: Film,true
opentdb-film-1139,fact,multi,"What is the name of the first ""Star Wars"" film by release order?",Revenge of the Sith,A New Hope,The Phantom Menace,The Force Awakens,A New Hope,,,,film,"opentdb, film",medium,1,opentdb,CC BY-SA 4.0,Open Trivia DB (https://opentdb.com/) — CC BY-SA 4.0,OTDB category: Entertainment: Film,true
opentdb-film-1140,fact,multi,Who portrayed Han Solo in the Star Wars main film series?,Mark Hamill,Harrison Ford,Alec Guinness,Peter Cushing,Harrison Ford,,,,film,"opentdb, film",easy,1,opentdb,CC BY-SA 4.0,Open Trivia DB (https://opentdb.com/) — CC BY-SA 4.0,OTDB category: Entertainment: Film,true
opentdb-film-1141,fact,multi,"In Youtuber Jerma985's 2014 film ""Rat Movie: Mystery of the Mayan Treasure,"" who is the man who tries to steal the Mayan Treasure?",Demon Lord Zeraxos,Bootleg Duck Dynasty Byeah Batman,"Gabe ""The Glue Man"" Degrossi",Dick Dastardly Richards,Dick Dastardly Richards,,,,film,"opentdb, film",hard,1,opentdb,CC BY-SA 4.0,Open Trivia DB (https://opentdb.com/) — CC BY-SA 4.0,OTDB category: Entertainment: Film,true
opentdb-film-1142,fact,multi,"Who voices the main character Blu in the 2011 animated film ""Rio""?",Jesse Eisenberg,Zach Galifianakis,Jonah Hill,Michael Cera,Jesse Eisenberg,,,,film,"opentdb, film",medium,1,opentdb,CC BY-SA 4.0,Open Trivia DB (https://opentdb.com/) — CC BY-SA 4.0,OTDB category: Entertainment: Film,true
opentdb-film-1143,fact,multi,"In the movie ""Spaceballs"", what are the Spaceballs attempting to steal from Planet Druidia?",Air,Princess Lonestar,The Schwartz,Meatballs,Air,,,,film,"opentdb, film",easy,1,opentdb,CC BY-SA 4.0,Open Trivia DB (https://opentdb.com/) — CC BY-SA 4.0,OTDB category: Entertainment: Film,true
opentdb-film-1144,fact,multi,What film did James Cameron's Avatar dethrone as the highest-grossing film ever?,Jaws,Titanic,Gone with the Wind,Star Wars,Titanic,,,,film,"opentdb, film",medium,1,opentdb,CC BY-SA 4.0,Open Trivia DB (https://opentdb.com/) — CC BY-SA 4.0,OTDB category: Entertainment: Film,true
opentdb-film-1145,fact,multi,"Who directed the 2017 movie ""The Shape of Water""?",Guillermo del Toro,Martin Scorsese,Steven Spielberg,James Cameron,Guillermo del Toro,,,,film,"opentdb, film",easy,1,opentdb,CC BY-SA 4.0,Open Trivia DB (https://opentdb.com/) — CC BY-SA 4.0,OTDB category: Entertainment: Film,true
opentdb-film-1146,fact,multi,"Who directed the movies ""Pulp Fiction"", ""Reservoir Dogs"" and ""Django Unchained""?",Steven Spielberg,Quentin Tarantino,Martin Scorcese,James Cameron,Quentin Tarantino,,,,film,"opentdb, film",easy,1,opentdb,CC BY-SA 4.0,Open Trivia DB (https://opentdb.com/) — CC BY-SA 4.0,OTDB category: Entertainment: Film,true
opentdb-film-1147,fact,multi,"Which of these actors/actresses is NOT a part of the cast for the 2016 movie ""Suicide Squad""?",Will Smith,Margot Robbie,Jared Leto,Scarlett Johansson,Scarlett Johansson,,,,film,"opentdb, film",easy,1,opentdb,CC BY-SA 4.0,Open Trivia DB (https://opentdb.com/) — CC BY-SA 4.0,OTDB category: Entertainment: Film,true
opentdb-film-1148,fact,multi,"In Avengers: Infinity War, the Reality Stone (aka the Aether) was kept under safe possession by who?",The Collector,Scarlet Witch,Doctor Strange,The Grandmaster,The Collector,,,,film,"opentdb, film",easy,1,opentdb,CC BY-SA 4.0,Open Trivia DB (https://opentdb.com/) — CC BY-SA 4.0,OTDB category: Entertainment: Film,true
opentdb-film-1149,fact,multi,"In the film ""Interstellar"", how long did they spend on Miller's planet?","23 years, 4 months, and 8 days","15 years, 2 months, and 15 days","26 years, 4 months, and 10 days",10 months and 6 days,"23 years, 4 months, and 8 days",,,,film,"opentdb, film",hard,1,opentdb,CC BY-SA 4.0,Open Trivia DB (https://opentdb.com/) — CC BY-SA 4.0,OTDB category: Entertainment: Film,true
opentdb-film-1150,fact,multi,"In the movie ""V for Vendetta,"" what is the date that masked vigilante ""V"" urges people to remember?",November 6th,September 5th,November 5th,November 4th,November 5th,,,,film,"opentdb, film",easy,1,opentdb,CC BY-SA 4.0,Open Trivia DB (https://opentdb.com/) — CC BY-SA 4.0,OTDB category: Entertainment: Film,true
opentdb-film-1151,fact,multi,"In the movie ""Blade Runner"", what is the term used for human-like androids ?",Synthetics,Cylons,Skinjobs,Replicants,Replicants,,,,film,"opentdb, film",easy,1,opentdb,CC BY-SA 4.0,Open Trivia DB (https://opentdb.com/) — CC BY-SA 4.0,OTDB category: Entertainment: Film,true
opentdb-film-1152,fact,multi,"Which one of these films did David Lynch direct, but not write?",Lost Highway,Twin Peaks Fire Walk With Me,Inland Empire,The Straight Story,The Straight Story,,,,film,"opentdb, film",hard,1,opentdb,CC BY-SA 4.0,Open Trivia DB (https://opentdb.com/) — CC BY-SA 4.0,OTDB category: Entertainment: Film,true
opentdb-film-1153,fact,multi,7-Eleven stores were temporarily converted into Kwik E-marts to promote the release of what movie?,Ratatouille,Spider-Man 3,Shrek the Third,The Simpsons Movie,The Simpsons Movie,,,,film,"opentdb, film",easy,1,opentdb,CC BY-SA 4.0,Open Trivia DB (https://opentdb.com/) — CC BY-SA 4.0,OTDB category: Entertainment: Film,true
opentdb-film-1154,fact,multi,Which sci-fi cult films plot concerns aliens attempting to prevent humans from creating a doomsday weapon?,Plan 9 from Outer Space,The Man from Planet X,The Day The Earth Stood Still,It Came from Outer Space,Plan 9 from Outer Space,,,,film,"opentdb, film",hard,1,opentdb,CC BY-SA 4.0,Open Trivia DB (https://opentdb.com/) — CC BY-SA 4.0,OTDB category: Entertainment: Film,true
opentdb-film-1155,fact,multi,"In the film ""John Wick"" why does John Wick get out of retirement?",He needed money,He was punched in the face,He got mugged,His puppy is killed and his car was stolen,His puppy is killed and his car was stolen,,,,film,"opentdb, film",medium,1,opentdb,CC BY-SA 4.0,Open Trivia DB (https://opentdb.com/) — CC BY-SA 4.0,OTDB category: Entertainment: Film,true
opentdb-film-1156,fact,multi,Which of the following is NOT a quote from the 1942 film Casablanca?,"""Frankly, my dear, I don't give a damn.""","""Here's lookin' at you, kid.""","“Of all the gin joints, in all the towns, in all the world, she walks into mine…”","""Round up the usual suspects.""","""Frankly, my dear, I don't give a damn.""",,,,film,"opentdb, film",medium,1,opentdb,CC BY-SA 4.0,Open Trivia DB (https://opentdb.com/) — CC BY-SA 4.0,OTDB category: Entertainment: Film,true
opentdb-film-1157,fact,multi,"Which star actor was in ""Top Gun"", ""Jerry Maguire"" and ""Born on the Fourth of July""?",George Clooney,John Travolta,Kelly McGillis,Tom Cruise,Tom Cruise,,,,film,"opentdb, film",medium,1,opentdb,CC BY-SA 4.0,Open Trivia DB (https://opentdb.com/) — CC BY-SA 4.0,OTDB category: Entertainment: Film,true
opentdb-film-1158,fact,multi,"What is the name of James Dean's character in the 1955 movie ""Rebel Without a Cause""?",Frank Stark,Jim Kane,Ned Stark,Jim Stark,Jim Stark,,,,film,"opentdb, film",medium,1,opentdb,CC BY-SA 4.0,Open Trivia DB (https://opentdb.com/) — CC BY-SA 4.0,OTDB category: Entertainment: Film,true
opentdb-film-1159,fact,multi,"What is the make and model of the tour vehicles in ""Jurassic Park"" (1993)?",1992 Jeep Wrangler YJ Sahar,1992 Toyota Land Cruiser,Mercedes M-Class,1992 Ford Explorer XLT,1992 Ford Explorer XLT,,,,film,"opentdb, film",medium,1,opentdb,CC BY-SA 4.0,Open Trivia DB (https://opentdb.com/) — CC BY-SA 4.0,OTDB category: Entertainment: Film,true
opentdb-film-1160,fact,multi,"In ""Jurassic World"", what is the name of the dinosaur that is a genetic hybrid?",Mosasaurus,Indominus Rex,Pteranodon,Tyrannosaurus Rex,Indominus Rex,,,,film,"opentdb, film",easy,1,opentdb,CC BY-SA 4.0,Open Trivia DB (https://opentdb.com/) — CC BY-SA 4.0,OTDB category: Entertainment: Film,true
opentdb-film-1161,fact,multi,In what year was the first Transformers movie released?,1986,1984,2009,2007,1986,,,,film,"opentdb, film",medium,1,opentdb,CC BY-SA 4.0,Open Trivia DB (https://opentdb.com/) — CC BY-SA 4.0,OTDB category: Entertainment: Film,true
opentdb-film-1162,fact,multi,"In the movie ""Cast Away"" the main protagonist's best friend while on the island is named",Jackson,Wilson,Carson,Willy,Wilson,,,,film,"opentdb, film",easy,1,opentdb,CC BY-SA 4.0,Open Trivia DB (https://opentdb.com/) — CC BY-SA 4.0,OTDB category: Entertainment: Film,true
opentdb-film-1163,fact,multi,Which former Star Trek actor directed Three Men and a Baby (1987)?,George Takei,James Doohan,Leonard Nimoy,William Shatner,Leonard Nimoy,,,,film,"opentdb, film",medium,1,opentdb,CC BY-SA 4.0,Open Trivia DB (https://opentdb.com/) — CC BY-SA 4.0,OTDB category: Entertainment: Film,true
opentdb-film-1164,fact,multi,"In the movie ""Back to the Future,"" what speed does Doc Brown's DeLorean need to reach in order to travel through time?",88 mph,70 mph,77 mph,100 mph,88 mph,,,,film,"opentdb, film",medium,1,opentdb,CC BY-SA 4.0,Open Trivia DB (https://opentdb.com/) — CC BY-SA 4.0,OTDB category: Entertainment: Film,true
opentdb-film-1165,fact,multi,"What three movies, in order from release date, make up the ""Dollars Trilogy""?","""The Good, the Bad, and the Ugly"", ""For A Few Dollars More"", ""A Fistful of Dollars""","""For a Few Dollars More"", ""The Good, the Bad, and the Ugly"", ""A Fistful of Dollars""","""A Fistful of Dollars"", ""For a Few Dollars More"", ""The Good, the Bad, and the Ugly""","""For a Few Dollars More"", ""A Fistful of Dollars"", ""The Good, the Bad, and the Ugly""","""A Fistful of Dollars"", ""For a Few Dollars More"", ""The Good, the Bad, and the Ugly""",,,,film,"opentdb, film",hard,1,opentdb,CC BY-SA 4.0,Open Trivia DB (https://opentdb.com/) — CC BY-SA 4.0,OTDB category: Entertainment: Film,true
opentdb-film-1166,fact,multi,"In Tron: Legacy, Kevin Flynn wrote a program to create the perfect system. What was the program's name?",Clu,Tron,Quorra,MCP,Clu,,,,film,"opentdb, film",medium,1,opentdb,CC BY-SA 4.0,Open Trivia DB (https://opentdb.com/) — CC BY-SA 4.0,OTDB category: Entertainment: Film,true
opentdb-film-1167,fact,multi,"This movie contains the quote, ""I love the smell of napalm in the morning!""",The Deer Hunter,Platoon,Apocalypse Now,Full Metal Jacket,Apocalypse Now,,,,film,"opentdb, film",medium,1,opentdb,CC BY-SA 4.0,Open Trivia DB (https://opentdb.com/) — CC BY-SA 4.0,OTDB category: Entertainment: Film,true
opentdb-film-1168,fact,multi,In which 1955 film does Frank Sinatra play Nathan Detroit?,Anchors Aweigh,Guys and Dolls,From Here to Eternity,High Society,Guys and Dolls,,,,film,"opentdb, film",medium,1,opentdb,CC BY-SA 4.0,Open Trivia DB (https://opentdb.com/) — CC BY-SA 4.0,OTDB category: Entertainment: Film,true
opentdb-film-1169,fact,multi,"What is the species of the ""Predator"" in the 1987 movie ""Predator""?",Praetorian,Xenomorph,Phocrex,Yautja,Yautja,,,,film,"opentdb, film",hard,1,opentdb,CC BY-SA 4.0,Open Trivia DB (https://opentdb.com/) — CC BY-SA 4.0,OTDB category: Entertainment: Film,true
opentdb-film-1170,fact,multi,"In ""Star Trek Nemesis"", why was Praetor Shinzon created?",To become Picard's friend,To replace Picard as a Romulan Agent,To steal the Enterprise,To destroy the Enterprise,To replace Picard as a Romulan Agent,,,,film,"opentdb, film",hard,1,opentdb,CC BY-SA 4.0,Open Trivia DB (https://opentdb.com/) — CC BY-SA 4.0,OTDB category: Entertainment: Film,true
opentdb-film-1171,fact,multi,"In which film does Humphrey Bogart say the famous line, ""Here's looking at you, kid""?",Citizen Kane,Casablanca,The Treasure of the Sierra Madre,The Maltese Falcon,Casablanca,,,,film,"opentdb, film",easy,1,opentdb,CC BY-SA 4.0,Open Trivia DB (https://opentdb.com/) — CC BY-SA 4.0,OTDB category: Entertainment: Film,true
opentdb-film-1172,fact,multi,"Who in Pulp Fiction says ""No, they got the metric system there, they wouldn't know what the f*** a Quarter Pounder is.""",Vincent Vega,Jules Winnfield,Butch Coolidge,Jimmie Dimmick,Vincent Vega,,,,film,"opentdb, film",easy,1,opentdb,CC BY-SA 4.0,Open Trivia DB (https://opentdb.com/) — CC BY-SA 4.0,OTDB category: Entertainment: Film,true
opentdb-film-1173,fact,multi,What was the last Marx Brothers film to feature Zeppo?,A Day at the Races,Monkey Business,A Night at the Opera,Duck Soup,Duck Soup,,,,film,"opentdb, film",hard,1,opentdb,CC BY-SA 4.0,Open Trivia DB (https://opentdb.com/) — CC BY-SA 4.0,OTDB category: Entertainment: Film,true
opentdb-film-1174,fact,multi,Which one of these action movies are shot entirely in one take?,The Bourne Legacy,Léon: The Professional,Ip Man 2,Victoria,Victoria,,,,film,"opentdb, film",medium,1,opentdb,CC BY-SA 4.0,Open Trivia DB (https://opentdb.com/) — CC BY-SA 4.0,OTDB category: Entertainment: Film,true
opentdb-film-1175,fact,multi,"In the 2002 film ""Kung Pow! Enter the Fist"", why was Wimp Lo purposely trained wrong?",For cheating,To test him,As a joke,Revenge,As a joke,,,,film,"opentdb, film",medium,1,opentdb,CC BY-SA 4.0,Open Trivia DB (https://opentdb.com/) — CC BY-SA 4.0,OTDB category: Entertainment: Film,true
opentdb-film-1176,fact,multi,What is the correct spelling of the protagonist of the book in The NeverEnding Story (1984)?,Atraiyu,Atreyu,Atraeyu,Atrayu,Atreyu,,,,film,"opentdb, film",medium,1,opentdb,CC BY-SA 4.0,Open Trivia DB (https://opentdb.com/) — CC BY-SA 4.0,OTDB category: Entertainment: Film,true
opentdb-film-1177,fact,multi,What is the name of the fictional retro-mod band starring Austin Powers as the lead vocalist?,Mister E,Cough Fi,Spear Mint,Ming Tea,Ming Tea,,,,film,"opentdb, film",easy,1,opentdb,CC BY-SA 4.0,Open Trivia DB (https://opentdb.com/) — CC BY-SA 4.0,OTDB category: Entertainment: Film,true
opentdb-film-1178,fact,multi,What was the name of the protagonist in the movie Commando (1985)?,John Matrix,Harry Tasker,Douglas Quaid,Ben Richards,John Matrix,,,,film,"opentdb, film",medium,1,opentdb,CC BY-SA 4.0,Open Trivia DB (https://opentdb.com/) — CC BY-SA 4.0,OTDB category: Entertainment: Film,true
opentdb-film-1179,fact,multi,"In ""The Hobbit,"" who was head of the White Council?",Gandalf,Saruman,Elrond,Lady Galadriel,Saruman,,,,film,"opentdb, film",medium,1,opentdb,CC BY-SA 4.0,Open Trivia DB (https://opentdb.com/) — CC BY-SA 4.0,OTDB category: Entertainment: Film,true
opentdb-film-1180,fact,multi,"What superhero has been played in film by actors Michael Keaton, Val Kilmer, George Clooney and Christian Bale?",Batman,Superman,Iron Man,Spiderman,Batman,,,,film,"opentdb, film",easy,1,opentdb,CC BY-SA 4.0,Open Trivia DB (https://opentdb.com/) — CC BY-SA 4.0,OTDB category: Entertainment: Film,true
opentdb-film-1181,fact,multi,"Peter Jackson's film series ""The Lord of the Rings"" was shot entirely in which country?",New Zealand,Scotland,Canada,Iceland,New Zealand,,,,film,"opentdb, film",medium,1,opentdb,CC BY-SA 4.0,Open Trivia DB (https://opentdb.com/) — CC BY-SA 4.0,OTDB category: Entertainment: Film,true
opentdb-film-1182,fact,multi,In what movie does Eddie Murphy swap identities with Dan Aykroyd?,Coming to America,Ghostbusters,Trading Places,The Blues Brothers,Trading Places,,,,film,"opentdb, film",medium,1,opentdb,CC BY-SA 4.0,Open Trivia DB (https://opentdb.com/) — CC BY-SA 4.0,OTDB category: Entertainment: Film,true
opentdb-film-1183,fact,multi,"In the 1971 film ""Willy Wonka & the Chocolate Factory"", who played Willy Wonka?",Johnny Depp,Peter Ostrum,Gene Wilder,Shia LeBouf,Gene Wilder,,,,film,"opentdb, film",medium,1,opentdb,CC BY-SA 4.0,Open Trivia DB (https://opentdb.com/) — CC BY-SA 4.0,OTDB category: Entertainment: Film,true
opentdb-film-1184,fact,multi,Darth Vader's famous reveal to Luke is iconic. But which of these is the right one?,"""Luke, I am your father.""","""The truth is that I am your father.""","""No. I am your father.""","""You're wrong. I am your father.""","""No. I am your father.""",,,,film,"opentdb, film",medium,1,opentdb,CC BY-SA 4.0,Open Trivia DB (https://opentdb.com/) — CC BY-SA 4.0,OTDB category: Entertainment: Film,true
opentdb-film-1185,fact,multi,"About how much money did it cost for Tommy Wiseau to make his masterpiece ""The Room"" (2003)?",$6 Million,$1 Million,"$20,000",$10 Million,$6 Million,,,,film,"opentdb, film",medium,1,opentdb,CC BY-SA 4.0,Open Trivia DB (https://opentdb.com/) — CC BY-SA 4.0,OTDB category: Entertainment: Film,true
opentdb-film-1186,fact,multi,"Who was the director of ""Scott Pilgrim vs. the World (2010)""?",Seth Rogan,Phil Lord,Edgar Wright,Chris Miller,Edgar Wright,,,,film,"opentdb, film",medium,1,opentdb,CC BY-SA 4.0,Open Trivia DB (https://opentdb.com/) — CC BY-SA 4.0,OTDB category: Entertainment: Film,true
opentdb-film-1187,fact,multi,"In the 2014 film ""Birdman"", what is the primary instrument in the score?",Actual Live Birds Singing,Violin,Saxophone,Drums,Drums,,,,film,"opentdb, film",medium,1,opentdb,CC BY-SA 4.0,Open Trivia DB (https://opentdb.com/) — CC BY-SA 4.0,OTDB category: Entertainment: Film,true
opentdb-film-1188,fact,multi,"This movie contains the quote, ""Houston, we have a problem.""",Marooned,Apollo 13,The Right Stuff,Capricorn One,Apollo 13,,,,film,"opentdb, film",easy,1,opentdb,CC BY-SA 4.0,Open Trivia DB (https://opentdb.com/) — CC BY-SA 4.0,OTDB category: Entertainment: Film,true
opentdb-film-1189,fact,multi,Who plays Alice in the Resident Evil movies?,Madison Derpe,Milla Jovovich,Milla Johnson,Kim Demp,Milla Jovovich,,,,film,"opentdb, film",easy,1,opentdb,CC BY-SA 4.0,Open Trivia DB (https://opentdb.com/) — CC BY-SA 4.0,OTDB category: Entertainment: Film,true
opentdb-music-1190,fact,multi,"Who designed the album cover for True Romance, an album by Estelle?",Ian Jones Quartey,Matt Burnett,Ben Leven,Rebecca Sugar,Rebecca Sugar,,,,music,"opentdb, music",hard,1,opentdb,CC BY-SA 4.0,Open Trivia DB (https://opentdb.com/) — CC BY-SA 4.0,OTDB category: Entertainment: Music,true
opentdb-music-1191,fact,multi,"Who is the vocalist and frontman of rock band ""Guns N' Roses""?",Slash,Kurt Cobain,Bono,Axl Rose,Axl Rose,,,,music,"opentdb, music",medium,1,opentdb,CC BY-SA 4.0,Open Trivia DB (https://opentdb.com/) — CC BY-SA 4.0,OTDB category: Entertainment: Music,true
opentdb-music-1192,fact,multi,A Caixa Malacacheta is what kind of musical instrument which is commonly used in Latin American music?,Cow Bell,Snare Drum,Bass Drum,Maraca,Snare Drum,,,,music,"opentdb, music",hard,1,opentdb,CC BY-SA 4.0,Open Trivia DB (https://opentdb.com/) — CC BY-SA 4.0,OTDB category: Entertainment: Music,true
opentdb-music-1193,fact,multi,What is the real name of Canadian electronic music producer deadmau5?,Thomas Wesley Pentz,Joel Zimmerman,Sonny Moore,Adam Richard Wiles,Joel Zimmerman,,,,music,"opentdb, music",medium,1,opentdb,CC BY-SA 4.0,Open Trivia DB (https://opentdb.com/) — CC BY-SA 4.0,OTDB category: Entertainment: Music,true
opentdb-music-1194,fact,multi,"Which Aerosmith album featured ""Walk This Way""?",Get Your Wings,Rocks,Draw the Line,Toys in the Attic,Toys in the Attic,,,,music,"opentdb, music",medium,1,opentdb,CC BY-SA 4.0,Open Trivia DB (https://opentdb.com/) — CC BY-SA 4.0,OTDB category: Entertainment: Music,true
opentdb-music-1195,fact,multi,Who is the artist of the recent new album the Uncanny Valley?,Dan Terminus,Carpenter Brut,GOST,Perturbator,Perturbator,,,,music,"opentdb, music",medium,1,opentdb,CC BY-SA 4.0,Open Trivia DB (https://opentdb.com/) — CC BY-SA 4.0,OTDB category: Entertainment: Music,true
opentdb-music-1196,fact,multi,"The ""K"" in ""K-Pop"" stands for which word?",Kuwaiti,Kazakhstan,Korean,Kenyan,Korean,,,,music,"opentdb, music",easy,1,opentdb,CC BY-SA 4.0,Open Trivia DB (https://opentdb.com/) — CC BY-SA 4.0,OTDB category: Entertainment: Music,true
opentdb-music-1197,fact,multi,"Who wrote the song ""You Know You Like It""?",DJ Snake,Major Lazer,Steve Aoki,AlunaGeorge,AlunaGeorge,,,,music,"opentdb, music",hard,1,opentdb,CC BY-SA 4.0,Open Trivia DB (https://opentdb.com/) — CC BY-SA 4.0,OTDB category: Entertainment: Music,true
opentdb-music-1198,fact,multi,"Which of these songs is NOT in The Beatles' album ""Sgt. Pepper's Lonely Hearts Club Band""?",Strawberry Fields Forever,Getting Better,Lucy in the Sky with Diamonds,Fixing a Hole,Strawberry Fields Forever,,,,music,"opentdb, music",medium,1,opentdb,CC BY-SA 4.0,Open Trivia DB (https://opentdb.com/) — CC BY-SA 4.0,OTDB category: Entertainment: Music,true
opentdb-music-1199,fact,multi,Brian May was the guitarist for which band?,Queen,Pink Floyd,The Doors,Rolling Stones,Queen,,,,music,"opentdb, music",easy,1,opentdb,CC BY-SA 4.0,Open Trivia DB (https://opentdb.com/) — CC BY-SA 4.0,OTDB category: Entertainment: Music,true
opentdb-music-1200,fact,multi,"Which year was the album ""Floral Shoppe"" by Macintosh Plus released?",2014,2013,2012,2011,2011,,,,music,"opentdb, music",hard,1,opentdb,CC BY-SA 4.0,Open Trivia DB (https://opentdb.com/) — CC BY-SA 4.0,OTDB category: Entertainment: Music,true
opentdb-music-1201,fact,multi,Which of these is NOT the name of an album released by American rapper Viper?,Kill Urself My Man,The Life of Pablo,You'll Cowards Don't Even Smoke Crack,Yo Wife Handcuffin' Me,The Life of Pablo,,,,music,"opentdb, music",medium,1,opentdb,CC BY-SA 4.0,Open Trivia DB (https://opentdb.com/) — CC BY-SA 4.0,OTDB category: Entertainment: Music,true
opentdb-music-1202,fact,multi,Which of these songs was released in 1996?,"Prince - ""1999""","David Bowie - ""1984""","The Smashing Pumpkins - ""1979""","James Blunt - ""1973""","The Smashing Pumpkins - ""1979""",,,,music,"opentdb, music",hard,1,opentdb,CC BY-SA 4.0,Open Trivia DB (https://opentdb.com/) — CC BY-SA 4.0,OTDB category: Entertainment: Music,true
opentdb-music-1203,fact,multi,Who recorded the 1975 album 'Captain Fantastic and the Brown Dirt Cowboy'?,Elton John,John Denver,Billy Joel,Joe Cocker,Elton John,,,,music,"opentdb, music",hard,1,opentdb,CC BY-SA 4.0,Open Trivia DB (https://opentdb.com/) — CC BY-SA 4.0,OTDB category: Entertainment: Music,true
opentdb-music-1204,fact,multi,"The co-creator of Gorillaz, Damon Albarn, is also the lead singer of what band?",Blur,Queens of the Stone Age,Radiohead,Oasis,Blur,,,,music,"opentdb, music",medium,1,opentdb,CC BY-SA 4.0,Open Trivia DB (https://opentdb.com/) — CC BY-SA 4.0,OTDB category: Entertainment: Music,true
opentdb-music-1205,fact,multi,Liam Howlett founded which electronic music group in 1990?,The Chemical Brothers,Infected Mushroom,The Prodigy,The Crystal Method,The Prodigy,,,,music,"opentdb, music",medium,1,opentdb,CC BY-SA 4.0,Open Trivia DB (https://opentdb.com/) — CC BY-SA 4.0,OTDB category: Entertainment: Music,true
opentdb-music-1206,fact,multi,"The Who's eponymous line, ""Teenage Wasteland"", appears in which of their songs?",Baba O' Riley,The Seeker,Won't Get Fooled Again,Pinball Wizard,Baba O' Riley,,,,music,"opentdb, music",medium,1,opentdb,CC BY-SA 4.0,Open Trivia DB (https://opentdb.com/) — CC BY-SA 4.0,OTDB category: Entertainment: Music,true
opentdb-music-1207,fact,multi,"Who is the founder and leader of industrial rock band, 'Nine Inch Nails'?",Robin Finck,Josh Homme,Marilyn Manson,Trent Reznor,Trent Reznor,,,,music,"opentdb, music",medium,1,opentdb,CC BY-SA 4.0,Open Trivia DB (https://opentdb.com/) — CC BY-SA 4.0,OTDB category: Entertainment: Music,true
opentdb-music-1208,fact,multi,"What animal is featured on the cover of English electronic music group The Prodigy's album, ""The Fat of the Land""?",Elephant,Crab,Fox,Tiger,Crab,,,,music,"opentdb, music",medium,1,opentdb,CC BY-SA 4.0,Open Trivia DB (https://opentdb.com/) — CC BY-SA 4.0,OTDB category: Entertainment: Music,true
opentdb-music-1209,fact,multi,What is the name of French electronic music producer Madeon's 2015 debut studio album?,Icarus,Pop Culture,Adventure,The City,Adventure,,,,music,"opentdb, music",medium,1,opentdb,CC BY-SA 4.0,Open Trivia DB (https://opentdb.com/) — CC BY-SA 4.0,OTDB category: Entertainment: Music,true
opentdb-music-1210,fact,multi,"Who performed the guitar solo on Michael Jackson's hit ""Beat It""?",Zakk Wylde,Kirk Hammett,Steve Vai,Eddie Van Halen,Eddie Van Halen,,,,music,"opentdb, music",medium,1,opentdb,CC BY-SA 4.0,Open Trivia DB (https://opentdb.com/) — CC BY-SA 4.0,OTDB category: Entertainment: Music,true
opentdb-music-1211,fact,multi,"What is the name of Metallica's debut album, released in 1983?",Kill 'Em All,Countdown to Extinction,...And Justice for All,Master of Puppets,Kill 'Em All,,,,music,"opentdb, music",easy,1,opentdb,CC BY-SA 4.0,Open Trivia DB (https://opentdb.com/) — CC BY-SA 4.0,OTDB category: Entertainment: Music,true
opentdb-music-1212,fact,multi,The tuba is a part of which musical family?,Strings,Percussion,Woodwind,Brass,Brass,,,,music,"opentdb, music",easy,1,opentdb,CC BY-SA 4.0,Open Trivia DB (https://opentdb.com/) — CC BY-SA 4.0,OTDB category: Entertainment: Music,true
opentdb-music-1213,fact,multi,What country did Shirley Bassey originate from?,America,England,Canada,Wales,Wales,,,,music,"opentdb, music",medium,1,opentdb,CC BY-SA 4.0,Open Trivia DB (https://opentdb.com/) — CC BY-SA 4.0,OTDB category: Entertainment: Music,true
opentdb-music-1214,fact,multi,What year was Huun Huur Tu's album Altai Sayan Tandy-Uula released?,2004,2010,1993,2006,2004,,,,music,"opentdb, music",hard,1,opentdb,CC BY-SA 4.0,Open Trivia DB (https://opentdb.com/) — CC BY-SA 4.0,OTDB category: Entertainment: Music,true
opentdb-music-1215,fact,multi,"Which band released the album ""Sonic Highways"" in 2014?",Nickelback,Coldplay,Foo Fighters,The Flaming Lips,Foo Fighters,,,,music,"opentdb, music",medium,1,opentdb,CC BY-SA 4.0,Open Trivia DB (https://opentdb.com/) — CC BY-SA 4.0,OTDB category: Entertainment: Music,true
opentdb-music-1216,fact,multi,"Which chain restaurant increased sales after it was mentioned in the 2016 Beyoncé song: ""Formation""?",Outback Steakhouse,Red Lobster,TGI Fridays,Applebee's,Red Lobster,,,,music,"opentdb, music",medium,1,opentdb,CC BY-SA 4.0,Open Trivia DB (https://opentdb.com/) — CC BY-SA 4.0,OTDB category: Entertainment: Music,true
opentdb-music-1217,fact,multi,"What date is referenced in the 1971 song ""September"" by Earth, Wind & Fire?",26th of September,23rd of September,24th of September,21st of September,21st of September,,,,music,"opentdb, music",medium,1,opentdb,CC BY-SA 4.0,Open Trivia DB (https://opentdb.com/) — CC BY-SA 4.0,OTDB category: Entertainment: Music,true
opentdb-music-1218,fact,multi,Who is the lead singer of Arctic Monkeys?,Jamie Cook,Alex Turner,Nick O'Malley,Matt Helders,Alex Turner,,,,music,"opentdb, music",easy,1,opentdb,CC BY-SA 4.0,Open Trivia DB (https://opentdb.com/) — CC BY-SA 4.0,OTDB category: Entertainment: Music,true
opentdb-music-1219,fact,multi,"Which album by American rapper Kanye West contained songs such as ""Love Lockdown"", ""Paranoid"" and ""Heartless""?",The Life of Pablo,Late Registration,Graduation,808s & Heartbreak,808s & Heartbreak,,,,music,"opentdb, music",medium,1,opentdb,CC BY-SA 4.0,Open Trivia DB (https://opentdb.com/) — CC BY-SA 4.0,OTDB category: Entertainment: Music,true
opentdb-music-1220,fact,multi,Which of these Johns was murdered by gunshots outside the Dakota in New York in 1980?,Johnny Thunders,John Cascella,John Lennon,John Denver,John Lennon,,,,music,"opentdb, music",medium,1,opentdb,CC BY-SA 4.0,Open Trivia DB (https://opentdb.com/) — CC BY-SA 4.0,OTDB category: Entertainment: Music,true
opentdb-music-1221,fact,multi,Which Twitch streamer is the vocalist for Red Vox?,Sodapoppin,Vinesauce,The8BitDrummer,LIRIK,Vinesauce,,,,music,"opentdb, music",easy,1,opentdb,CC BY-SA 4.0,Open Trivia DB (https://opentdb.com/) — CC BY-SA 4.0,OTDB category: Entertainment: Music,true
opentdb-music-1222,fact,multi,"In 2015, David Hasselhof released a single called...",Real Kung-Fury,True Fighter,True Survivor,Real Warrior,True Survivor,,,,music,"opentdb, music",medium,1,opentdb,CC BY-SA 4.0,Open Trivia DB (https://opentdb.com/) — CC BY-SA 4.0,OTDB category: Entertainment: Music,true
opentdb-music-1223,fact,multi,"When did Radiohead release their album ""OK Computer""?",2000,1997,1995,1993,1997,,,,music,"opentdb, music",medium,1,opentdb,CC BY-SA 4.0,Open Trivia DB (https://opentdb.com/) — CC BY-SA 4.0,OTDB category: Entertainment: Music,true
opentdb-music-1224,fact,multi,"Which one of these songs did the group ""Men At Work"" NOT make?",Safety Dance,It's a Mistake,Down Under,Who Can It Be Now?,Safety Dance,,,,music,"opentdb, music",easy,1,opentdb,CC BY-SA 4.0,Open Trivia DB (https://opentdb.com/) — CC BY-SA 4.0,OTDB category: Entertainment: Music,true
opentdb-music-1225,fact,multi,Which of the following is not a studio album by the band Pink Floyd?,Wish You Were Here,The Dark Side of the Moon,Animals,Moving Pictures,Moving Pictures,,,,music,"opentdb, music",easy,1,opentdb,CC BY-SA 4.0,Open Trivia DB (https://opentdb.com/) — CC BY-SA 4.0,OTDB category: Entertainment: Music,true
opentdb-music-1226,fact,multi,What M83 was featured in Grand Theft Auto V's radio?,Wait,Midnight City,Outro,Reunion,Midnight City,,,,music,"opentdb, music",medium,1,opentdb,CC BY-SA 4.0,Open Trivia DB (https://opentdb.com/) — CC BY-SA 4.0,OTDB category: Entertainment: Music,true
opentdb-music-1227,fact,multi,Which of these artists do NOT originate from France?,Daft Punk,Justice,Air,The Chemical Brothers,The Chemical Brothers,,,,music,"opentdb, music",medium,1,opentdb,CC BY-SA 4.0,Open Trivia DB (https://opentdb.com/) — CC BY-SA 4.0,OTDB category: Entertainment: Music,true
opentdb-music-1228,fact,multi,"The 2023 Beatles song ""Now and Then"" originated from an unfinished demo recorded by which Beatle?",John Lennon,Paul McCartney,Ringo Starr,George Harrison,John Lennon,,,,music,"opentdb, music",medium,1,opentdb,CC BY-SA 4.0,Open Trivia DB (https://opentdb.com/) — CC BY-SA 4.0,OTDB category: Entertainment: Music,true
opentdb-music-1229,fact,multi,What is the name of the 2016 mixtape released by Venezuelan electronic producer Arca?,Xen,&&&&&&,Entrañas,Sheep,Entrañas,,,,music,"opentdb, music",hard,1,opentdb,CC BY-SA 4.0,Open Trivia DB (https://opentdb.com/) — CC BY-SA 4.0,OTDB category: Entertainment: Music,true
opentdb-music-1230,fact,multi,Who is the lead singer of Pearl Jam?,Eddie Vedder,Stone Gossard,Ozzy Osbourne,Kurt Cobain,Eddie Vedder,,,,music,"opentdb, music",easy,1,opentdb,CC BY-SA 4.0,Open Trivia DB (https://opentdb.com/) — CC BY-SA 4.0,OTDB category: Entertainment: Music,true
opentdb-music-1231,fact,multi,In which city did American rap producer DJ Khaled originate from?,Detroit,Atlanta,New York,Miami,Miami,,,,music,"opentdb, music",medium,1,opentdb,CC BY-SA 4.0,Open Trivia DB (https://opentdb.com/) — CC BY-SA 4.0,OTDB category: Entertainment: Music,true
opentdb-music-1232,fact,multi,What is the first track on Kanye West's 808s & Heartbreak?,Welcome to Heartbreak,Say You Will,Heartless,Street Lights,Say You Will,,,,music,"opentdb, music",medium,1,opentdb,CC BY-SA 4.0,Open Trivia DB (https://opentdb.com/) — CC BY-SA 4.0,OTDB category: Entertainment: Music,true
opentdb-music-1233,fact,multi,"Which artist curated the official soundtrack for ""The Hunger Games: Mockingjay - Part 1""?",Charli XCX,Kanye West,Lorde,Tove Lo,Lorde,,,,music,"opentdb, music",medium,1,opentdb,CC BY-SA 4.0,Open Trivia DB (https://opentdb.com/) — CC BY-SA 4.0,OTDB category: Entertainment: Music,true
opentdb-music-1234,fact,multi,"The song ""Old Town Road"" by American rapper Lil Nas X samples the song ""34 Ghosts IV"" by which band?",Animal Collective,Iron Maiden,Nine Inch Nails,Death Grips,Nine Inch Nails,,,,music,"opentdb, music",hard,1,opentdb,CC BY-SA 4.0,Open Trivia DB (https://opentdb.com/) — CC BY-SA 4.0,OTDB category: Entertainment: Music,true
opentdb-music-1235,fact,multi,Which of these artists has NOT been a member of dancehall group Major Lazer?,Diplo,Walshy Fire,Jillionaire,Skrillex,Skrillex,,,,music,"opentdb, music",medium,1,opentdb,CC BY-SA 4.0,Open Trivia DB (https://opentdb.com/) — CC BY-SA 4.0,OTDB category: Entertainment: Music,true
opentdb-music-1236,fact,multi,"How many members are there in the idol group ""µ's""?",3,9,6,48,9,,,,music,"opentdb, music",hard,1,opentdb,CC BY-SA 4.0,Open Trivia DB (https://opentdb.com/) — CC BY-SA 4.0,OTDB category: Entertainment: Music,true
opentdb-music-1237,fact,multi,"Which English guitarist has the nickname ""Slowhand""?",Jeff Beck,Eric Clapton,Mark Knopfler,Jimmy Page,Eric Clapton,,,,music,"opentdb, music",easy,1,opentdb,CC BY-SA 4.0,Open Trivia DB (https://opentdb.com/) — CC BY-SA 4.0,OTDB category: Entertainment: Music,true
opentdb-music-1238,fact,multi,"Who was featured in the song ""Words"" by Feint?",Danyka Nadeau,Anna Yvette,Laura Brehm,Veela,Laura Brehm,,,,music,"opentdb, music",easy,1,opentdb,CC BY-SA 4.0,Open Trivia DB (https://opentdb.com/) — CC BY-SA 4.0,OTDB category: Entertainment: Music,true
opentdb-music-1239,fact,multi,Which of these songs is NOT included in the Suicide Squad OST?,Heathens - Twenty One Pilots,Fortunate Son - Creedence Clearwater Revival,Without Me - Eminem,Skies on Fire - AC/DC,Skies on Fire - AC/DC,,,,music,"opentdb, music",hard,1,opentdb,CC BY-SA 4.0,Open Trivia DB (https://opentdb.com/) — CC BY-SA 4.0,OTDB category: Entertainment: Music,true
opentdb-music-1240,fact,multi,"Which Elton John hit starts with the line ""When are you gonna come down""?",Rocket Man,Crocodile Rock,Bennie and the Jets,Goodbye Yellow Brick Road,Goodbye Yellow Brick Road,,,,music,"opentdb, music",hard,1,opentdb,CC BY-SA 4.0,Open Trivia DB (https://opentdb.com/) — CC BY-SA 4.0,OTDB category: Entertainment: Music,true
opentdb-music-1241,fact,multi,What is rapper Drake's real name?,Andre Young,Aubrey Graham,Shaun Carter,Dwayne Carter,Aubrey Graham,,,,music,"opentdb, music",medium,1,opentdb,CC BY-SA 4.0,Open Trivia DB (https://opentdb.com/) — CC BY-SA 4.0,OTDB category: Entertainment: Music,true
opentdb-music-1242,fact,multi,"The ""British Invasion"" was a cultural phenomenon in music where British boy bands became popular in the USA in what decade?",60's,30's,40's,50's,60's,,,,music,"opentdb, music",easy,1,opentdb,CC BY-SA 4.0,Open Trivia DB (https://opentdb.com/) — CC BY-SA 4.0,OTDB category: Entertainment: Music,true
opentdb-music-1243,fact,multi,Who is the lead singer of the band Coldplay?,Chris Connelly,Chris Wallace,Chris Isaak,Chris Martin,Chris Martin,,,,music,"opentdb, music",easy,1,opentdb,CC BY-SA 4.0,Open Trivia DB (https://opentdb.com/) — CC BY-SA 4.0,OTDB category: Entertainment: Music,true
opentdb-music-1244,fact,multi,Who was the youngest member of The Beatles?,John Lennon,George Harrison,Ringo Starr,Paul McCartney,George Harrison,,,,music,"opentdb, music",medium,1,opentdb,CC BY-SA 4.0,Open Trivia DB (https://opentdb.com/) — CC BY-SA 4.0,OTDB category: Entertainment: Music,true
opentdb-music-1245,fact,multi,"""Lift Your Spirit"" is an album by which artist?",Taylor Swift,Stevie Wonder,Lena Meyer-Landrut,Aloe Blacc,Aloe Blacc,,,,music,"opentdb, music",medium,1,opentdb,CC BY-SA 4.0,Open Trivia DB (https://opentdb.com/) — CC BY-SA 4.0,OTDB category: Entertainment: Music,true
opentdb-music-1246,fact,multi,Which of these is NOT a name of an album released by American rapper Pitbull?,Global Warming,Armando,Dale,Welcome to Miami,Welcome to Miami,,,,music,"opentdb, music",medium,1,opentdb,CC BY-SA 4.0,Open Trivia DB (https://opentdb.com/) — CC BY-SA 4.0,OTDB category: Entertainment: Music,true
opentdb-music-1247,fact,multi,"Which novelty band was best known for their UK chart hits ""Combine Harvester"" and ""I Am a Cider Drinker"" in 1976?",The Wurzels,Bonzo Dog Doo-Dah Band,Goldie Lookin Chain,The Firm,The Wurzels,,,,music,"opentdb, music",medium,1,opentdb,CC BY-SA 4.0,Open Trivia DB (https://opentdb.com/) — CC BY-SA 4.0,OTDB category: Entertainment: Music,true
opentdb-music-1248,fact,multi,A classic 1976 song by Blue Oyster Cult features the advice “Don’t Fear The” what?,Clowns,Dark,Reaper,Silence,Reaper,,,,music,"opentdb, music",easy,1,opentdb,CC BY-SA 4.0,Open Trivia DB (https://opentdb.com/) — CC BY-SA 4.0,OTDB category: Entertainment: Music,true
opentdb-music-1249,fact,multi,Iconic cartoon character Mickey Mouse made his onscreen debut in what year?,1922,1932,1928,1929,1928,,,,music,"opentdb, music",medium,1,opentdb,CC BY-SA 4.0,Open Trivia DB (https://opentdb.com/) — CC BY-SA 4.0,OTDB category: Entertainment: Music,true
opentdb-music-1250,fact,multi,Who is the frontman of Muse?,Jonny Greenwood,Dominic Howard,Matt Bellamy,Thom Yorke,Matt Bellamy,,,,music,"opentdb, music",medium,1,opentdb,CC BY-SA 4.0,Open Trivia DB (https://opentdb.com/) — CC BY-SA 4.0,OTDB category: Entertainment: Music,true
opentdb-music-1251,fact,multi,"In The Bangles' 'Manic Monday', what time is it already?",Five o'clock,Six o'clock,Seven o'clock,Four o'clock,Six o'clock,,,,music,"opentdb, music",medium,1,opentdb,CC BY-SA 4.0,Open Trivia DB (https://opentdb.com/) — CC BY-SA 4.0,OTDB category: Entertainment: Music,true
opentdb-music-1252,fact,multi,What is the relationship between the band members of American rock band King of Leon?,Brothers & cousins,Fraternity house members,Childhood friends,Former classmates,Brothers & cousins,,,,music,"opentdb, music",medium,1,opentdb,CC BY-SA 4.0,Open Trivia DB (https://opentdb.com/) — CC BY-SA 4.0,OTDB category: Entertainment: Music,true
opentdb-music-1253,fact,multi,When did the rapper Eazy-E die?,"March 26, 1995","July 11, 1992","October 21, 1994","February 14, 1993","March 26, 1995",,,,music,"opentdb, music",hard,1,opentdb,CC BY-SA 4.0,Open Trivia DB (https://opentdb.com/) — CC BY-SA 4.0,OTDB category: Entertainment: Music,true
opentdb-music-1254,fact,multi,"Which country does the power metal band ""Sabaton"" originate from?",Germany,Finland,United States,Sweden,Sweden,,,,music,"opentdb, music",medium,1,opentdb,CC BY-SA 4.0,Open Trivia DB (https://opentdb.com/) — CC BY-SA 4.0,OTDB category: Entertainment: Music,true
opentdb-music-1255,fact,multi,Which song previously recorded by Elvis Presley was covered by UB40 with a reggae beat?,Jailhouse Rock,In the Ghetto,Wooden Heart,Can't Help Falling in Love,Can't Help Falling in Love,,,,music,"opentdb, music",medium,1,opentdb,CC BY-SA 4.0,Open Trivia DB (https://opentdb.com/) — CC BY-SA 4.0,OTDB category: Entertainment: Music,true
opentdb-music-1256,fact,multi,"Which of these languages was NOT included in the 2016 song ""Don't Mind"" by Kent Jones?",Spanish,Japanese,Portuguese,French,Portuguese,,,,music,"opentdb, music",medium,1,opentdb,CC BY-SA 4.0,Open Trivia DB (https://opentdb.com/) — CC BY-SA 4.0,OTDB category: Entertainment: Music,true
opentdb-music-1257,fact,multi,In what year did US band Weezer release Weezer (The White Album)?,2016,2001,2008,2019,2016,,,,music,"opentdb, music",medium,1,opentdb,CC BY-SA 4.0,Open Trivia DB (https://opentdb.com/) — CC BY-SA 4.0,OTDB category: Entertainment: Music,true
opentdb-music-1258,fact,multi,Which of the following is NOT a real song from the band Thousand Foot Krutch?,Let The Sparks Fly,Down,Give Up The Ghost,Limitless Fury,Limitless Fury,,,,music,"opentdb, music",hard,1,opentdb,CC BY-SA 4.0,Open Trivia DB (https://opentdb.com/) — CC BY-SA 4.0,OTDB category: Entertainment: Music,true
opentdb-music-1259,fact,multi,"Which member of the English band ""The xx"" released their solo album ""In Colour"" in 2015?",Romy Madley Croft,Jamie xx,Oliver Sim,Baria Qureshi,Jamie xx,,,,music,"opentdb, music",hard,1,opentdb,CC BY-SA 4.0,Open Trivia DB (https://opentdb.com/) — CC BY-SA 4.0,OTDB category: Entertainment: Music,true
opentdb-music-1260,fact,multi,'74–'75 is a 1993 single from the album Ring by what American band?,The Ocean Blue,R.E.M.,The Connells,The Bangles,The Connells,,,,music,"opentdb, music",medium,1,opentdb,CC BY-SA 4.0,Open Trivia DB (https://opentdb.com/) — CC BY-SA 4.0,OTDB category: Entertainment: Music,true
opentdb-music-1261,fact,multi,Which of these is not an Ed Sheeran album?,+,-,X,÷,-,,,,music,"opentdb, music",medium,1,opentdb,CC BY-SA 4.0,Open Trivia DB (https://opentdb.com/) — CC BY-SA 4.0,OTDB category: Entertainment: Music,true
opentdb-music-1262,fact,multi,Which of these women is not a member of the Korean girl group TWICE?,Myoui Mina,Kang Seulgi,Kim Dahyun,Hirai Momo,Kang Seulgi,,,,music,"opentdb, music",medium,1,opentdb,CC BY-SA 4.0,Open Trivia DB (https://opentdb.com/) — CC BY-SA 4.0,OTDB category: Entertainment: Music,true
opentdb-music-1263,fact,multi,"The letters in the name of the band ""TWRP"" stand for what?",Tupperware Remix Party,Taiwan Roleplay,Totally Wicked Robot Performers,Team Wild and the Radio Pirates,Tupperware Remix Party,,,,music,"opentdb, music",medium,1,opentdb,CC BY-SA 4.0,Open Trivia DB (https://opentdb.com/) — CC BY-SA 4.0,OTDB category: Entertainment: Music,true
opentdb-music-1264,fact,multi,Saul Hudson (Slash) of the band Guns N' Roses is known for playing what type of guitar?,Les Paul Standard,Gretsch Falcon,Fender Stratocaster,LsL Mongrel,Les Paul Standard,,,,music,"opentdb, music",medium,1,opentdb,CC BY-SA 4.0,Open Trivia DB (https://opentdb.com/) — CC BY-SA 4.0,OTDB category: Entertainment: Music,true
opentdb-music-1265,fact,multi,Which artist released his third and final studio album 'Electric Ladyland' before his death in 1970?,Prince,Jimi Hendrix,Captain Sensible,Eric Clapton,Jimi Hendrix,,,,music,"opentdb, music",medium,1,opentdb,CC BY-SA 4.0,Open Trivia DB (https://opentdb.com/) — CC BY-SA 4.0,OTDB category: Entertainment: Music,true
opentdb-music-1266,fact,multi,What album is the song 'New Slang' by The Shins found on?,Port Of Morrow,"Oh, Inverted World",Chutes Too Narrow,Wincing The Night Away,"Oh, Inverted World",,,,music,"opentdb, music",hard,1,opentdb,CC BY-SA 4.0,Open Trivia DB (https://opentdb.com/) — CC BY-SA 4.0,OTDB category: Entertainment: Music,true
opentdb-music-1267,fact,multi,EDM record label Monstercat is based in which country?,Australia,United States,United Kingdom,Canada,Canada,,,,music,"opentdb, music",medium,1,opentdb,CC BY-SA 4.0,Open Trivia DB (https://opentdb.com/) — CC BY-SA 4.0,OTDB category: Entertainment: Music,true
opentdb-music-1268,fact,multi,"Who sings the rap song ""Secret Wars Part 1""?",MC Frontalot,Masta Killa,Busdriver,The Last Emperor,The Last Emperor,,,,music,"opentdb, music",hard,1,opentdb,CC BY-SA 4.0,Open Trivia DB (https://opentdb.com/) — CC BY-SA 4.0,OTDB category: Entertainment: Music,true
opentdb-music-1269,fact,multi,"Which of these artists did NOT feature in the fitfh studio album ""Humanz"" by British virtual band Gorillaz?",Vince Staples,Danny Brown,Snoop Dogg,Pusha T,Snoop Dogg,,,,music,"opentdb, music",hard,1,opentdb,CC BY-SA 4.0,Open Trivia DB (https://opentdb.com/) — CC BY-SA 4.0,OTDB category: Entertainment: Music,true
opentdb-music-1270,fact,multi,What is Fergie's debut album called?,Loose,The Dutchess,Fergalicious,The Sweet Escape,The Dutchess,,,,music,"opentdb, music",medium,1,opentdb,CC BY-SA 4.0,Open Trivia DB (https://opentdb.com/) — CC BY-SA 4.0,OTDB category: Entertainment: Music,true
opentdb-music-1271,fact,multi,What was the last Aphex Twin album released before his decade-long hiatus?,Syro,Windowlicker,Collected Ambient Works 85-92,Drukqs,Drukqs,,,,music,"opentdb, music",hard,1,opentdb,CC BY-SA 4.0,Open Trivia DB (https://opentdb.com/) — CC BY-SA 4.0,OTDB category: Entertainment: Music,true
opentdb-music-1272,fact,multi,"The Red Hot Chili Pepper song ""Give It Away"" is from what album?",One Hot Minute,Blood Sugar Sex Magik,By the Way,Stadium Arcadium,Blood Sugar Sex Magik,,,,music,"opentdb, music",easy,1,opentdb,CC BY-SA 4.0,Open Trivia DB (https://opentdb.com/) — CC BY-SA 4.0,OTDB category: Entertainment: Music,true
opentdb-music-1273,fact,multi,Which Manchester nightclub was considered central to the 'Madchester' music scene in the late 80's?,The Liar's Club,LIV,The Haçienda,The Warehouse Project,The Haçienda,,,,music,"opentdb, music",hard,1,opentdb,CC BY-SA 4.0,Open Trivia DB (https://opentdb.com/) — CC BY-SA 4.0,OTDB category: Entertainment: Music,true
opentdb-music-1274,fact,multi,Which popular rock band has a one-armed drummer?,The Beatles,Foreigner,Lynyrd Skynyrd,Def Leppard,Def Leppard,,,,music,"opentdb, music",medium,1,opentdb,CC BY-SA 4.0,Open Trivia DB (https://opentdb.com/) — CC BY-SA 4.0,OTDB category: Entertainment: Music,true
opentdb-music-1275,fact,multi,Which musical instrument is nicknamed 'the clown of the orchestra'?,Bassoon,Flute,Tuba,Piccolo,Bassoon,,,,music,"opentdb, music",medium,1,opentdb,CC BY-SA 4.0,Open Trivia DB (https://opentdb.com/) — CC BY-SA 4.0,OTDB category: Entertainment: Music,true
opentdb-music-1276,fact,multi,"Whose albums included ""Back in Black"" and ""Ballbreaker""?",Black Sabbath,Iron Maiden,AC/DC,Metallica,AC/DC,,,,music,"opentdb, music",easy,1,opentdb,CC BY-SA 4.0,Open Trivia DB (https://opentdb.com/) — CC BY-SA 4.0,OTDB category: Entertainment: Music,true
opentdb-music-1277,fact,multi,"Whose signature guitar technique is called the ""windmill""?",Eddie Van Halen,Jimmy Page,Jimi Hendrix,Pete Townshend,Pete Townshend,,,,music,"opentdb, music",easy,1,opentdb,CC BY-SA 4.0,Open Trivia DB (https://opentdb.com/) — CC BY-SA 4.0,OTDB category: Entertainment: Music,true
opentdb-music-1278,fact,multi,When was Gangnam Style uploaded to YouTube?,2013,2011,2012,2014,2012,,,,music,"opentdb, music",easy,1,opentdb,CC BY-SA 4.0,Open Trivia DB (https://opentdb.com/) — CC BY-SA 4.0,OTDB category: Entertainment: Music,true
opentdb-music-1279,fact,multi,"Which classical composer wrote the ""Moonlight Sonata""?",Wolfgang Amadeus Mozart,Ludvig Van Beethoven,Johannes Brahms,Chief Keef,Ludvig Van Beethoven,,,,music,"opentdb, music",easy,1,opentdb,CC BY-SA 4.0,Open Trivia DB (https://opentdb.com/) — CC BY-SA 4.0,OTDB category: Entertainment: Music,true
opentdb-music-1280,fact,multi,What is Justin Bieber's debut Album?,Baby,Purpose,U Smile,My World 2.0,My World 2.0,,,,music,"opentdb, music",hard,1,opentdb,CC BY-SA 4.0,Open Trivia DB (https://opentdb.com/) — CC BY-SA 4.0,OTDB category: Entertainment: Music,true
opentdb-music-1281,fact,multi,Which country does the band Rammstein hail from?,Germany,Belgium,Austria,Armenia,Germany,,,,music,"opentdb, music",easy,1,opentdb,CC BY-SA 4.0,Open Trivia DB (https://opentdb.com/) — CC BY-SA 4.0,OTDB category: Entertainment: Music,true
opentdb-music-1282,fact,multi,"Which band had hits in 1972 with the songs ""Baby I'm A Want You"", ""Everything I Own"" and ""The Guitar Man""",Chicago,America,Bread,Smokie,Bread,,,,music,"opentdb, music",medium,1,opentdb,CC BY-SA 4.0,Open Trivia DB (https://opentdb.com/) — CC BY-SA 4.0,OTDB category: Entertainment: Music,true
opentdb-music-1283,fact,multi,"In which year was the Megadeth album ""Peace Sells... but Who's Buying?"" released?",1983,1986,1987,1979,1986,,,,music,"opentdb, music",medium,1,opentdb,CC BY-SA 4.0,Open Trivia DB (https://opentdb.com/) — CC BY-SA 4.0,OTDB category: Entertainment: Music,true
opentdb-music-1284,fact,multi,Which of these is NOT the name of an album released by Miami-based producer DJ Khaled?,I Changed A Lot,Don't Ever Play Yourself,Suffering From Success,Major Key,Don't Ever Play Yourself,,,,music,"opentdb, music",medium,1,opentdb,CC BY-SA 4.0,Open Trivia DB (https://opentdb.com/) — CC BY-SA 4.0,OTDB category: Entertainment: Music,true
opentdb-music-1285,fact,multi,"In the Panic! At the Disco's song ""Nothern Downpour"", which lyric follows 'I know the world's a broken bone'.","""So start a fire in their cold stone""","""So sing your song until you're home""","""So melt your headaches call it home""","""So let them know they're on their own""","""So melt your headaches call it home""",,,,music,"opentdb, music",hard,1,opentdb,CC BY-SA 4.0,Open Trivia DB (https://opentdb.com/) — CC BY-SA 4.0,OTDB category: Entertainment: Music,true
opentdb-music-1286,fact,multi,"""Doctor Jones"", ""Turn Back Time"" and ""Barbie Girl"" were UK number ones for which Eurodance group?",Eiffel 65,Aqua,Vengaboys,Sash!,Aqua,,,,music,"opentdb, music",easy,1,opentdb,CC BY-SA 4.0,Open Trivia DB (https://opentdb.com/) — CC BY-SA 4.0,OTDB category: Entertainment: Music,true
opentdb-music-1287,fact,multi,What is Pink Floyd's first album?,Meddle,The Dark Side of the Moon,The Piper at the Gates of Dawn,Wish You Were Here,The Piper at the Gates of Dawn,,,,music,"opentdb, music",hard,1,opentdb,CC BY-SA 4.0,Open Trivia DB (https://opentdb.com/) — CC BY-SA 4.0,OTDB category: Entertainment: Music,true
opentdb-music-1288,fact,multi,Which of these albums is a Wu-Tang Clan album?,Iron Flag,The Low End Theory,Perfect Hair,Licensed to Ill,Iron Flag,,,,music,"opentdb, music",medium,1,opentdb,CC BY-SA 4.0,Open Trivia DB (https://opentdb.com/) — CC BY-SA 4.0,OTDB category: Entertainment: Music,true
opentdb-music-1289,fact,multi,What is the name of the album released in 2014 by American band Maroon 5?,X,III,IV,V,V,,,,music,"opentdb, music",easy,1,opentdb,CC BY-SA 4.0,Open Trivia DB (https://opentdb.com/) — CC BY-SA 4.0,OTDB category: Entertainment: Music,true
opentdb-music-1290,fact,multi,"Who was ""Kung Fu Fighting"" in 1974?",Kool & the Gang,Heatwave,Carl Douglas,The Bee Gees,Carl Douglas,,,,music,"opentdb, music",easy,1,opentdb,CC BY-SA 4.0,Open Trivia DB (https://opentdb.com/) — CC BY-SA 4.0,OTDB category: Entertainment: Music,true
opentdb-music-1291,fact,multi,Which one of the following musical instruments is NOT a part of the Woodwind section?,Oboe,Trumpet,Alto Saxophone,Clarinet,Trumpet,,,,music,"opentdb, music",easy,1,opentdb,CC BY-SA 4.0,Open Trivia DB (https://opentdb.com/) — CC BY-SA 4.0,OTDB category: Entertainment: Music,true
opentdb-music-1292,fact,multi,What is the British term for a 64th note?,Semiquaver,Semihemidemisemiquaver,Hemidemisemiquaver,Demisemiquaver,Hemidemisemiquaver,,,,music,"opentdb, music",hard,1,opentdb,CC BY-SA 4.0,Open Trivia DB (https://opentdb.com/) — CC BY-SA 4.0,OTDB category: Entertainment: Music,true
opentdb-music-1293,fact,multi,Which Nirvana album had a naked baby on the cover?,Nevermind,Incesticide,In Utero,Bleach,Nevermind,,,,music,"opentdb, music",easy,1,opentdb,CC BY-SA 4.0,Open Trivia DB (https://opentdb.com/) — CC BY-SA 4.0,OTDB category: Entertainment: Music,true
opentdb-music-1294,fact,multi,Who sang backup vocals on Rockwell's hit 1984 single 'Somebody's Watching Me'?,Elton John,Michael Jackson,Prince,Paul McCartney,Michael Jackson,,,,music,"opentdb, music",medium,1,opentdb,CC BY-SA 4.0,Open Trivia DB (https://opentdb.com/) — CC BY-SA 4.0,OTDB category: Entertainment: Music,true
opentdb-music-1295,fact,multi,"What is the name of Death Grips Front Man, MC Ride?",Stanley Burrell,Stefan Burnett,Zach Hill,Andy Morin,Stefan Burnett,,,,music,"opentdb, music",easy,1,opentdb,CC BY-SA 4.0,Open Trivia DB (https://opentdb.com/) — CC BY-SA 4.0,OTDB category: Entertainment: Music,true
opentdb-music-1296,fact,multi,Who was the most streamed artist on Spotify in 2019?,Post Malone,Drake,Billie Eilish,Ariana Grande,Post Malone,,,,music,"opentdb, music",easy,1,opentdb,CC BY-SA 4.0,Open Trivia DB (https://opentdb.com/) — CC BY-SA 4.0,OTDB category: Entertainment: Music,true
opentdb-music-1297,fact,multi,"Moby, an American DJ, singer, and musician, achieved worldwide success for the 1999 release of which of the following albums?",18,Play,Everything Is Wrong,Moby,Play,,,,music,"opentdb, music",medium,1,opentdb,CC BY-SA 4.0,Open Trivia DB (https://opentdb.com/) — CC BY-SA 4.0,OTDB category: Entertainment: Music,true
opentdb-music-1298,fact,multi,Which of these is NOT the name of an album released by English singer-songwriter Adele?,12,21,25,19,12,,,,music,"opentdb, music",easy,1,opentdb,CC BY-SA 4.0,Open Trivia DB (https://opentdb.com/) — CC BY-SA 4.0,OTDB category: Entertainment: Music,true
opentdb-music-1299,fact,multi,Which of these is Daft Punk's debut single?,Around the World,Da Funk,The New Wave,Discovery,The New Wave,,,,music,"opentdb, music",hard,1,opentdb,CC BY-SA 4.0,Open Trivia DB (https://opentdb.com/) — CC BY-SA 4.0,OTDB category: Entertainment: Music,true
opentdb-music-1300,fact,multi,Ringo Starr of The Beatles mainly played what instrument?,Drums,Guitar,Piano,Bass,Drums,,,,music,"opentdb, music",easy,1,opentdb,CC BY-SA 4.0,Open Trivia DB (https://opentdb.com/) — CC BY-SA 4.0,OTDB category: Entertainment: Music,true
opentdb-music-1301,fact,multi,"""The Day the Music Died"" was a tragic plane crash that killed three musicians in which decade?",60's,40's,70's,50's,50's,,,,music,"opentdb, music",medium,1,opentdb,CC BY-SA 4.0,Open Trivia DB (https://opentdb.com/) — CC BY-SA 4.0,OTDB category: Entertainment: Music,true
opentdb-music-1302,fact,multi,Pink Floyd made this song for their previous lead singer Syd Barrett.,Have A Cigar,Wish You Were Here,Shine On You Crazy Diamond,Welcome to the Machine,Shine On You Crazy Diamond,,,,music,"opentdb, music",medium,1,opentdb,CC BY-SA 4.0,Open Trivia DB (https://opentdb.com/) — CC BY-SA 4.0,OTDB category: Entertainment: Music,true
opentdb-music-1303,fact,multi,"Which former boy-band star released hit solo single ""Angels"" in 1997?",Gary Barlow,Harry Styles,Robbie Williams,Justin Timberlake,Robbie Williams,,,,music,"opentdb, music",easy,1,opentdb,CC BY-SA 4.0,Open Trivia DB (https://opentdb.com/) — CC BY-SA 4.0,OTDB category: Entertainment: Music,true
opentdb-music-1304,fact,multi,"Which M83 album is the song ""Midnight City"" featured in?","Hurry Up, We're Dreaming",Before the Dawn Heals Us,Saturdays = Youth,Junk,"Hurry Up, We're Dreaming",,,,music,"opentdb, music",hard,1,opentdb,CC BY-SA 4.0,Open Trivia DB (https://opentdb.com/) — CC BY-SA 4.0,OTDB category: Entertainment: Music,true
opentdb-music-1305,fact,multi,"When was the 3rd album ""Notes from the Underground"" of the band ""Hollywood Undead"" released?",2013,2011,2014,2009,2013,,,,music,"opentdb, music",medium,1,opentdb,CC BY-SA 4.0,Open Trivia DB (https://opentdb.com/) — CC BY-SA 4.0,OTDB category: Entertainment: Music,true
opentdb-music-1306,fact,multi,Which of these is NOT an album released by The Beatles?,Revolver,The Wall,Abbey Road,Magical Mystery Tour,The Wall,,,,music,"opentdb, music",medium,1,opentdb,CC BY-SA 4.0,Open Trivia DB (https://opentdb.com/) — CC BY-SA 4.0,OTDB category: Entertainment: Music,true
opentdb-music-1307,fact,multi,"Which popular jazz standard begins with the line ""Someday, when I'm awfully low""?",All the Things You Are,Autumn Leaves,Dream a Little Dream of Me,The Way You Look Tonight,The Way You Look Tonight,,,,music,"opentdb, music",medium,1,opentdb,CC BY-SA 4.0,Open Trivia DB (https://opentdb.com/) — CC BY-SA 4.0,OTDB category: Entertainment: Music,true
opentdb-music-1308,fact,multi,"When was the Prince album ""Purple Rain"" released?",1983,1981,1984,1979,1984,,,,music,"opentdb, music",medium,1,opentdb,CC BY-SA 4.0,Open Trivia DB (https://opentdb.com/) — CC BY-SA 4.0,OTDB category: Entertainment: Music,true
opentdb-music-1309,fact,multi,Electronic artists Boys Noize and Skrillex have collaborated and released tracks under what name?,Dog Blood,Jack Ü,What So Not,Noisia,Dog Blood,,,,music,"opentdb, music",hard,1,opentdb,CC BY-SA 4.0,Open Trivia DB (https://opentdb.com/) — CC BY-SA 4.0,OTDB category: Entertainment: Music,true
opentdb-television-1310,fact,multi,"In season one of the US Kitchen Nightmares, Gordan Ramsay tried to save 10 different restaurants. How many ended up closing afterwards?",0,6,3,9,9,,,,television,"opentdb, television",hard,1,opentdb,CC BY-SA 4.0,Open Trivia DB (https://opentdb.com/) — CC BY-SA 4.0,OTDB category: Entertainment: Television,true
opentdb-television-1311,fact,multi,"On the show ""Rick and Morty"", in episode ""Total Rickall"", who was a parasite?",Mr. Poopy Butthole,Summer Smith,Beth Smith,Pencilvester,Pencilvester,,,,television,"opentdb, television",easy,1,opentdb,CC BY-SA 4.0,Open Trivia DB (https://opentdb.com/) — CC BY-SA 4.0,OTDB category: Entertainment: Television,true
opentdb-television-1312,fact,multi,What was the name of the inflatable duck sacrified to the crowd at the end of Episode 34 of the 18th season of Big Brother?,Pablo,Duckster,Esteban,Carlos,Pablo,,,,television,"opentdb, television",hard,1,opentdb,CC BY-SA 4.0,Open Trivia DB (https://opentdb.com/) — CC BY-SA 4.0,OTDB category: Entertainment: Television,true
opentdb-television-1313,fact,multi,Who was the first Big Brother US winner to win with a perfect game?,Ian Terry,Dan Gheesling,Rachael Reilly,Jordan Lloyd,Dan Gheesling,,,,television,"opentdb, television",medium,1,opentdb,CC BY-SA 4.0,Open Trivia DB (https://opentdb.com/) — CC BY-SA 4.0,OTDB category: Entertainment: Television,true
opentdb-television-1314,fact,multi,"What is the name of the ""Flash"" and ""Arrow"" spinoff featuring a team of characters that have appeared on both shows?",The Justice Society,Heroes of Tomorrow,The Justice Society of America,Legends of Tomorrow,Legends of Tomorrow,,,,television,"opentdb, television",medium,1,opentdb,CC BY-SA 4.0,Open Trivia DB (https://opentdb.com/) — CC BY-SA 4.0,OTDB category: Entertainment: Television,true
opentdb-television-1315,fact,multi,"At which university do ""The Big Bang Theory"" characters Mr. Wolowitz and Drs. Cooper, Hofstadter and Koothrappali work?",UC Berkeley,UCLA,Caltech,MIT,Caltech,,,,television,"opentdb, television",medium,1,opentdb,CC BY-SA 4.0,Open Trivia DB (https://opentdb.com/) — CC BY-SA 4.0,OTDB category: Entertainment: Television,true
opentdb-television-1316,fact,multi,"The HBO series ""Game of Thrones"" is based on which series of books?",The Wheel of Time,A Song of Ice and Fire,The Notebook,Harry Potter,A Song of Ice and Fire,,,,television,"opentdb, television",easy,1,opentdb,CC BY-SA 4.0,Open Trivia DB (https://opentdb.com/) — CC BY-SA 4.0,OTDB category: Entertainment: Television,true
opentdb-television-1317,fact,multi,"In DuckTales, what is the name of the city where all the main characters live?",Duckwing,Duckburg,Tailspin,Wingford,Duckburg,,,,television,"opentdb, television",easy,1,opentdb,CC BY-SA 4.0,Open Trivia DB (https://opentdb.com/) — CC BY-SA 4.0,OTDB category: Entertainment: Television,true
opentdb-television-1318,fact,multi,When did Spongebob Squarepants first air?,"June 27, 1997","February 6, 2003","July 20, 2000","May 1, 1999","May 1, 1999",,,,television,"opentdb, television",medium,1,opentdb,CC BY-SA 4.0,Open Trivia DB (https://opentdb.com/) — CC BY-SA 4.0,OTDB category: Entertainment: Television,true
opentdb-television-1319,fact,multi,"From what show is the character ""James Doakes""?",Marvel's Daredevil,Boardwalk Empire,Dexter,The Walking Dead,Dexter,,,,television,"opentdb, television",medium,1,opentdb,CC BY-SA 4.0,Open Trivia DB (https://opentdb.com/) — CC BY-SA 4.0,OTDB category: Entertainment: Television,true
opentdb-television-1320,fact,multi,"In the episode of SpongeBob SquarePants, ""Survival of the Idiots"", Spongebob called Patrick which nickname?",Starfish,Larry,Dirty Dan,Pinhead,Pinhead,,,,television,"opentdb, television",medium,1,opentdb,CC BY-SA 4.0,Open Trivia DB (https://opentdb.com/) — CC BY-SA 4.0,OTDB category: Entertainment: Television,true
opentdb-television-1321,fact,multi,"The ""Psycho"" series of videos on YouTube was created by which of the following?",VeganGainz,RiDGiD STUDiOS,Billy Familia,Dan Bell,RiDGiD STUDiOS,,,,television,"opentdb, television",easy,1,opentdb,CC BY-SA 4.0,Open Trivia DB (https://opentdb.com/) — CC BY-SA 4.0,OTDB category: Entertainment: Television,true
opentdb-television-1322,fact,multi,"What is the real name of the famous spanish humorist, El Risitas?",Ernesto Guevara,Juan Joya Borga,Jesus Quintero,Gabriel Garcia Marquez,Juan Joya Borga,,,,television,"opentdb, television",easy,1,opentdb,CC BY-SA 4.0,Open Trivia DB (https://opentdb.com/) — CC BY-SA 4.0,OTDB category: Entertainment: Television,true
opentdb-television-1323,fact,multi,Which actor from The Young Ones also played Lord Flashheart in one episode of Blackadder II?,Adrian Edmondson,Rik Mayall,Christopher Ryan,Nigel Planer,Rik Mayall,,,,television,"opentdb, television",hard,1,opentdb,CC BY-SA 4.0,Open Trivia DB (https://opentdb.com/) — CC BY-SA 4.0,OTDB category: Entertainment: Television,true
opentdb-television-1324,fact,multi,"What episode of ""Mr. Bean"" saw him trying to prevent people from seeing him naked?",Mr. Bean Goes to Town,The Trouble with Mr. Bean,Back to School Mr. Bean,Mr. Bean in Room 426,Mr. Bean in Room 426,,,,television,"opentdb, television",medium,1,opentdb,CC BY-SA 4.0,Open Trivia DB (https://opentdb.com/) — CC BY-SA 4.0,OTDB category: Entertainment: Television,true
opentdb-television-1325,fact,multi,"In the Black Mirror episode ""Bandersnatch"", PAC-MAN stands for:",Program And Control Man,Physics & Astronomy Classification Man,Political Action Committee Man,Postgraduate Aplications Centre Man,Program And Control Man,,,,television,"opentdb, television",medium,1,opentdb,CC BY-SA 4.0,Open Trivia DB (https://opentdb.com/) — CC BY-SA 4.0,OTDB category: Entertainment: Television,true
opentdb-television-1326,fact,multi,"Which of the following actors portrayed the Ninth Doctor in the British television show ""Doctor Who""?",Christopher Eccleston,Tom Baker,Matt Smith,David Tennant,Christopher Eccleston,,,,television,"opentdb, television",hard,1,opentdb,CC BY-SA 4.0,Open Trivia DB (https://opentdb.com/) — CC BY-SA 4.0,OTDB category: Entertainment: Television,true
opentdb-television-1327,fact,multi,Which character does voice actress Tara Strong NOT voice?,Harley Quinn,Bubbles (2016),Timmy Turner,Twilight Sparkle,Bubbles (2016),,,,television,"opentdb, television",medium,1,opentdb,CC BY-SA 4.0,Open Trivia DB (https://opentdb.com/) — CC BY-SA 4.0,OTDB category: Entertainment: Television,true
opentdb-television-1328,fact,multi,How long was Ken Jennings' win streak on Jeopardy?,88,62,74,49,74,,,,television,"opentdb, television",medium,1,opentdb,CC BY-SA 4.0,Open Trivia DB (https://opentdb.com/) — CC BY-SA 4.0,OTDB category: Entertainment: Television,true
opentdb-television-1329,fact,multi,"In ""Star Trek"", what is the Ferengi's First Rule of Acquisition?",Never allow family to stand in the way of opportunity,Greed is Eternal,"Once you have their money, you never give it back.",Never place friendship above profit,"Once you have their money, you never give it back.",,,,television,"opentdb, television",medium,1,opentdb,CC BY-SA 4.0,Open Trivia DB (https://opentdb.com/) — CC BY-SA 4.0,OTDB category: Entertainment: Television,true
opentdb-television-1330,fact,multi,Who plays the character of Dennis Reynolds on It's Always Sunny in Philadelphia?,Rob McElhenney,Glenn Howerton,Charlie Day,Danny DeVito,Glenn Howerton,,,,television,"opentdb, television",medium,1,opentdb,CC BY-SA 4.0,Open Trivia DB (https://opentdb.com/) — CC BY-SA 4.0,OTDB category: Entertainment: Television,true
opentdb-television-1331,fact,multi,"In the comedy series ""Trailer Park Boys"", which of the following characters takes care of stray cats?",Ricky,Bubbles,Randy,Julian,Bubbles,,,,television,"opentdb, television",medium,1,opentdb,CC BY-SA 4.0,Open Trivia DB (https://opentdb.com/) — CC BY-SA 4.0,OTDB category: Entertainment: Television,true
opentdb-television-1332,fact,multi,"Which former Coronation Street actress was once a hostess on the British Game Show ""Double Your Money""?",Sue Nicholls,Amanda Barrie,Violet Carson,Jean Alexander,Amanda Barrie,,,,television,"opentdb, television",hard,1,opentdb,CC BY-SA 4.0,Open Trivia DB (https://opentdb.com/) — CC BY-SA 4.0,OTDB category: Entertainment: Television,true
opentdb-television-1333,fact,multi,"In AMC's TV Series ""The Walking Dead"" what are ""Zombies"" referred to as?",Walkers,Maggots,Creepers,Hell Pigs,Walkers,,,,television,"opentdb, television",easy,1,opentdb,CC BY-SA 4.0,Open Trivia DB (https://opentdb.com/) — CC BY-SA 4.0,OTDB category: Entertainment: Television,true
opentdb-television-1334,fact,multi,Which of these television shows makes everyone look under their chair?,Jimmy Fallon,Saturday Night Live,Oprah,Larry Rubert,Oprah,,,,television,"opentdb, television",medium,1,opentdb,CC BY-SA 4.0,Open Trivia DB (https://opentdb.com/) — CC BY-SA 4.0,OTDB category: Entertainment: Television,true
opentdb-television-1335,fact,multi,"In the Star Trek universe, what color is Vulcan blood?",Green,Red,Blue,Purple,Green,,,,television,"opentdb, television",easy,1,opentdb,CC BY-SA 4.0,Open Trivia DB (https://opentdb.com/) — CC BY-SA 4.0,OTDB category: Entertainment: Television,true
opentdb-television-1336,fact,multi,"Which of these characters in ""Stranger Things"" has the power of Telekinesis?",Eleven,Karen,Lucas,Mike,Eleven,,,,television,"opentdb, television",easy,1,opentdb,CC BY-SA 4.0,Open Trivia DB (https://opentdb.com/) — CC BY-SA 4.0,OTDB category: Entertainment: Television,true
opentdb-television-1337,fact,multi,"In the TV show 'M*A*S*H', what was the nickname of Corporal Walter O'Reilly?",Radar,Hawkeye,Trapper,Hot Lips,Radar,,,,television,"opentdb, television",easy,1,opentdb,CC BY-SA 4.0,Open Trivia DB (https://opentdb.com/) — CC BY-SA 4.0,OTDB category: Entertainment: Television,true
opentdb-television-1338,fact,multi,What is the Klingon's afterlife called?,Valhalla,Karon'gahk,New Jersey,Sto-vo-kor,Sto-vo-kor,,,,television,"opentdb, television",hard,1,opentdb,CC BY-SA 4.0,Open Trivia DB (https://opentdb.com/) — CC BY-SA 4.0,OTDB category: Entertainment: Television,true
opentdb-television-1339,fact,multi,Which British writer wrote for both Doctor Who and Sherlock?,Russell T Davies,Toby Whithouse,Steven Moffatt,Phil Ford,Steven Moffatt,,,,television,"opentdb, television",medium,1,opentdb,CC BY-SA 4.0,Open Trivia DB (https://opentdb.com/) — CC BY-SA 4.0,OTDB category: Entertainment: Television,true
opentdb-television-1340,fact,multi,"In ""Star Trek"", what is the Klingon death ritual?",Split the deceased's earnings between bloodkin.,Kiss the jagged forehead before burial.,Look into sky and yell loudly in mourning.,Shoot into space in a torpedo casing.,Look into sky and yell loudly in mourning.,,,,television,"opentdb, television",medium,1,opentdb,CC BY-SA 4.0,Open Trivia DB (https://opentdb.com/) — CC BY-SA 4.0,OTDB category: Entertainment: Television,true
opentdb-television-1341,fact,multi,What is the name of the main antagonists in Battlestar Galactica?,The Cylons,The Collective,The Rebels,The Federation,The Cylons,,,,television,"opentdb, television",medium,1,opentdb,CC BY-SA 4.0,Open Trivia DB (https://opentdb.com/) — CC BY-SA 4.0,OTDB category: Entertainment: Television,true
opentdb-television-1342,fact,multi,"What is the name of Chris's brother in ""Everybody Hates Chris""?",Jerome,Greg,Joe,Drew,Drew,,,,television,"opentdb, television",easy,1,opentdb,CC BY-SA 4.0,Open Trivia DB (https://opentdb.com/) — CC BY-SA 4.0,OTDB category: Entertainment: Television,true
opentdb-television-1343,fact,multi,Baron Silas Greenback is the arch nemesis of which cartoon hero?,Captain Star,Danger Mouse,Bananaman,SuperTed,Danger Mouse,,,,television,"opentdb, television",medium,1,opentdb,CC BY-SA 4.0,Open Trivia DB (https://opentdb.com/) — CC BY-SA 4.0,OTDB category: Entertainment: Television,true
opentdb-television-1344,fact,multi,"Prior to working at Wizards of the Coast, ""Mark Rosewater"" was a writer for which show?",Boy Meets World,The X-Files,NYPD Blue,Roseanne,Roseanne,,,,television,"opentdb, television",hard,1,opentdb,CC BY-SA 4.0,Open Trivia DB (https://opentdb.com/) — CC BY-SA 4.0,OTDB category: Entertainment: Television,true
opentdb-television-1345,fact,multi,"In the TV show ""Cheers"", Sam Malone was a former relief pitcher for which baseball team?",Milwaukee Brewers,New York Mets,Baltimore Orioles,Boston Red Sox,Boston Red Sox,,,,television,"opentdb, television",easy,1,opentdb,CC BY-SA 4.0,Open Trivia DB (https://opentdb.com/) — CC BY-SA 4.0,OTDB category: Entertainment: Television,true
opentdb-television-1346,fact,multi,"On the NBC show Community, whose catch-phrase was ""Pop! Pop!""?",Magnitude,Leonard,Star Burns,Senoir Chang,Magnitude,,,,television,"opentdb, television",easy,1,opentdb,CC BY-SA 4.0,Open Trivia DB (https://opentdb.com/) — CC BY-SA 4.0,OTDB category: Entertainment: Television,true
opentdb-television-1347,fact,multi,"How many seasons did the TV show ""Donkey Kong Country"" last?",1,2,4,5,2,,,,television,"opentdb, television",medium,1,opentdb,CC BY-SA 4.0,Open Trivia DB (https://opentdb.com/) — CC BY-SA 4.0,OTDB category: Entertainment: Television,true
opentdb-television-1348,fact,multi,"Who played the Waitress in the Spam sketch of ""Monty Python's Flying Circus""?",Terry Jones,Eric Idle,Graham Chapman,John Cleese,Terry Jones,,,,television,"opentdb, television",easy,1,opentdb,CC BY-SA 4.0,Open Trivia DB (https://opentdb.com/) — CC BY-SA 4.0,OTDB category: Entertainment: Television,true
opentdb-television-1349,fact,multi,"Which of the following figures did NOT have a cameo on ""The Drew Carey Show"" (1995-2004)?",Daffy Duck,Donald Trump,Bill Cosby,"""Weird Al"" Yankovic",Bill Cosby,,,,television,"opentdb, television",medium,1,opentdb,CC BY-SA 4.0,Open Trivia DB (https://opentdb.com/) — CC BY-SA 4.0,OTDB category: Entertainment: Television,true
opentdb-television-1350,fact,multi,"In the show, Doctor Who, what does T.A.R.D.I.S stand for?",Toilet Aid Rope Dog Is Soup,Time And Relative Dimensions In Space,Time And Relative Dimensions In Style,Time And Resting Dimensions In Space,Time And Relative Dimensions In Space,,,,television,"opentdb, television",easy,1,opentdb,CC BY-SA 4.0,Open Trivia DB (https://opentdb.com/) — CC BY-SA 4.0,OTDB category: Entertainment: Television,true
opentdb-television-1351,fact,multi,"In ""Spongebob Squarepants,"" what is Mr. Krabs' full name?",Eugene J. Krabs,Eugene H. Krabs,Eugene D. Krabs,Eugene G. Krabs,Eugene H. Krabs,,,,television,"opentdb, television",medium,1,opentdb,CC BY-SA 4.0,Open Trivia DB (https://opentdb.com/) — CC BY-SA 4.0,OTDB category: Entertainment: Television,true
opentdb-television-1352,fact,multi,What was Nickelodeon's original name?,MTVKids,Pinwheel,Splat!,KidsTV,Pinwheel,,,,television,"opentdb, television",medium,1,opentdb,CC BY-SA 4.0,Open Trivia DB (https://opentdb.com/) — CC BY-SA 4.0,OTDB category: Entertainment: Television,true
opentdb-television-1353,fact,multi,"Which of the following was not an actor/actress on the American television show ""Saturday Night Live"" in Season 42?",Mikey Day,Kate McKinnon,Tina Fey,Sasheer Zamata,Tina Fey,,,,television,"opentdb, television",medium,1,opentdb,CC BY-SA 4.0,Open Trivia DB (https://opentdb.com/) — CC BY-SA 4.0,OTDB category: Entertainment: Television,true
opentdb-television-1354,fact,multi,Which of these Bojack Horseman characters is a human?,Princess Carolyn,Todd Chavez,Lennie Turtletaub,Tom Jumbo-Grumbo,Todd Chavez,,,,television,"opentdb, television",easy,1,opentdb,CC BY-SA 4.0,Open Trivia DB (https://opentdb.com/) — CC BY-SA 4.0,OTDB category: Entertainment: Television,true
opentdb-television-1355,fact,multi,What Nickelodeon game show featured a house on the set that the contestants would ransack to find hidden objects?,Finders Keepers,Nickelodeon Guts,Double Dare,Nick Arcade,Finders Keepers,,,,television,"opentdb, television",easy,1,opentdb,CC BY-SA 4.0,Open Trivia DB (https://opentdb.com/) — CC BY-SA 4.0,OTDB category: Entertainment: Television,true
opentdb-television-1356,fact,multi,What does Bart sell his soul for in The Simpsons episode 'Bart Sells His Soul'?,$100,$5,A Giant Gobstopper,A Copy of Bonestorm 2,$5,,,,television,"opentdb, television",medium,1,opentdb,CC BY-SA 4.0,Open Trivia DB (https://opentdb.com/) — CC BY-SA 4.0,OTDB category: Entertainment: Television,true
opentdb-television-1357,fact,multi,"Who is the main character in the show ""Burn Notice""?",Madeline Westen,Michael Westen,Sam Axe,Fiona Glenanne,Michael Westen,,,,television,"opentdb, television",easy,1,opentdb,CC BY-SA 4.0,Open Trivia DB (https://opentdb.com/) — CC BY-SA 4.0,OTDB category: Entertainment: Television,true
opentdb-television-1358,fact,multi,"British actor David Morrissey stars as which role in ""The Walking Dead""?",Negan,The Governor,Daryl Dixon,Rick Grimes,The Governor,,,,television,"opentdb, television",easy,1,opentdb,CC BY-SA 4.0,Open Trivia DB (https://opentdb.com/) — CC BY-SA 4.0,OTDB category: Entertainment: Television,true
opentdb-television-1359,fact,multi,"When Donkey Kong died in the ""Donkey Kong Country"" episode ""It's a Wonderful Life"", who was his guardian angel?",Diddy Kong,Eddie the Mean Old Yeti,Kiddy Kong,King K. Rool,Eddie the Mean Old Yeti,,,,television,"opentdb, television",easy,1,opentdb,CC BY-SA 4.0,Open Trivia DB (https://opentdb.com/) — CC BY-SA 4.0,OTDB category: Entertainment: Television,true
opentdb-television-1360,fact,multi,On the NBC show Community what was Star Burns' real name?,Grimus,Neal,Alex,Todd,Alex,,,,television,"opentdb, television",medium,1,opentdb,CC BY-SA 4.0,Open Trivia DB (https://opentdb.com/) — CC BY-SA 4.0,OTDB category: Entertainment: Television,true
opentdb-television-1361,fact,multi,"In ""Rick And Morty"", who shot ""Mr. Poopybutthole"" in the episode ""Total Rickall""?",Morty,Rick,Jerry,Beth,Beth,,,,television,"opentdb, television",easy,1,opentdb,CC BY-SA 4.0,Open Trivia DB (https://opentdb.com/) — CC BY-SA 4.0,OTDB category: Entertainment: Television,true
opentdb-television-1362,fact,multi,"How many seasons did the Sci-Fi television show ""Stargate Atlantis"" have?",10,2,7,5,5,,,,television,"opentdb, television",easy,1,opentdb,CC BY-SA 4.0,Open Trivia DB (https://opentdb.com/) — CC BY-SA 4.0,OTDB category: Entertainment: Television,true
opentdb-television-1363,fact,multi,"In the cartoon 'SpongeBob SquarePants', what did the acronym E.V.I.L stand for?",Every Villain Is Lemons,Every Villain Is Lemonade,Each Villain Is Lemonade,Every Villain Is Limes,Every Villain Is Lemons,,,,television,"opentdb, television",easy,1,opentdb,CC BY-SA 4.0,Open Trivia DB (https://opentdb.com/) — CC BY-SA 4.0,OTDB category: Entertainment: Television,true
opentdb-television-1364,fact,multi,"In the Doctor Who universe, how many times can a time lord normally regenerate?",13,12,11,15,12,,,,television,"opentdb, television",medium,1,opentdb,CC BY-SA 4.0,Open Trivia DB (https://opentdb.com/) — CC BY-SA 4.0,OTDB category: Entertainment: Television,true
opentdb-television-1365,fact,multi,"Which movie served as the KTMA pilot episode for the show ""Mystery Science Theater 3000""?",The Green Slime,The Robot Vs. The Aztec Mummy,Plan 9 From Outer Space,The Crawling Eye,The Green Slime,,,,television,"opentdb, television",medium,1,opentdb,CC BY-SA 4.0,Open Trivia DB (https://opentdb.com/) — CC BY-SA 4.0,OTDB category: Entertainment: Television,true
opentdb-television-1366,fact,multi,"In ""Star Trek: Voyager"", which episode did Voyager establish real-time communication with Starfleet Headquarters?",Message In A Bottle,Pathfinder,Someone To Watch Over Me,Counterpoint,Pathfinder,,,,television,"opentdb, television",easy,1,opentdb,CC BY-SA 4.0,Open Trivia DB (https://opentdb.com/) — CC BY-SA 4.0,OTDB category: Entertainment: Television,true
opentdb-television-1367,fact,multi,"In the television show ""Lazy Town"", who is the actor of Robbie Rotten?",Adam Sandler,Stefán Stefánsson,Magnús Scheving,Stephen Carl,Stefán Stefánsson,,,,television,"opentdb, television",medium,1,opentdb,CC BY-SA 4.0,Open Trivia DB (https://opentdb.com/) — CC BY-SA 4.0,OTDB category: Entertainment: Television,true
opentdb-television-1368,fact,multi,"Which actor portrays ""Walter White"" in the series ""Breaking Bad""?",Andrew Lincoln,Aaron Paul,Bryan Cranston,RJ Mitte,Bryan Cranston,,,,television,"opentdb, television",easy,1,opentdb,CC BY-SA 4.0,Open Trivia DB (https://opentdb.com/) — CC BY-SA 4.0,OTDB category: Entertainment: Television,true
opentdb-television-1369,fact,multi,"How many seasons did ""Stargate SG-1"" have?",12,7,10,3,10,,,,television,"opentdb, television",easy,1,opentdb,CC BY-SA 4.0,Open Trivia DB (https://opentdb.com/) — CC BY-SA 4.0,OTDB category: Entertainment: Television,true
opentdb-television-1370,fact,multi,What was the date of original airing of the pilot episode of My Little Pony: Friendship is Magic?,"April 14th, 1984","May 18th, 2015","November 6th, 2010","October 10th, 2010","October 10th, 2010",,,,television,"opentdb, television",hard,1,opentdb,CC BY-SA 4.0,Open Trivia DB (https://opentdb.com/) — CC BY-SA 4.0,OTDB category: Entertainment: Television,true
opentdb-television-1371,fact,multi,"In which year did the British television series ""The Bill"" end?",2010,2007,2012,2001,2010,,,,television,"opentdb, television",medium,1,opentdb,CC BY-SA 4.0,Open Trivia DB (https://opentdb.com/) — CC BY-SA 4.0,OTDB category: Entertainment: Television,true
opentdb-television-1372,fact,multi,"What is the name of the inspector in the series ""On the Buses""?",Harper,Naily,Gally,Blakey,Blakey,,,,television,"opentdb, television",medium,1,opentdb,CC BY-SA 4.0,Open Trivia DB (https://opentdb.com/) — CC BY-SA 4.0,OTDB category: Entertainment: Television,true
opentdb-television-1373,fact,multi,"In the show ""The Office"" who does Michael Scott eventually end up with?",Jan Levinson,Angela Martin,Holly Flax,Pam Beesly,Holly Flax,,,,television,"opentdb, television",medium,1,opentdb,CC BY-SA 4.0,Open Trivia DB (https://opentdb.com/) — CC BY-SA 4.0,OTDB category: Entertainment: Television,true
opentdb-television-1374,fact,multi,"What breed of dog is ""Scooby Doo""?",Doberman Pinscher,Boxer,Pit bull,Great Dane,Great Dane,,,,television,"opentdb, television",medium,1,opentdb,CC BY-SA 4.0,Open Trivia DB (https://opentdb.com/) — CC BY-SA 4.0,OTDB category: Entertainment: Television,true
opentdb-television-1375,fact,multi,"In Game of Thrones, what continent lies across the Narrow Sea from Westeros?",Essos,Westereast,Esuntos,Easteros,Essos,,,,television,"opentdb, television",easy,1,opentdb,CC BY-SA 4.0,Open Trivia DB (https://opentdb.com/) — CC BY-SA 4.0,OTDB category: Entertainment: Television,true
opentdb-television-1376,fact,multi,"In ""Star Trek"", what sauce is commonly used by Klingons on bregit lung?",Grapok sauce,Grapork sauce,Gazorpazorp pudding,Sweet chili sauce,Grapok sauce,,,,television,"opentdb, television",hard,1,opentdb,CC BY-SA 4.0,Open Trivia DB (https://opentdb.com/) — CC BY-SA 4.0,OTDB category: Entertainment: Television,true
opentdb-television-1377,fact,multi,Alan Reed is known for providing the voice of which character?,Fred Flintstone,G.I. Joe,Fangface,Bugs Bunny,Fred Flintstone,,,,television,"opentdb, television",medium,1,opentdb,CC BY-SA 4.0,Open Trivia DB (https://opentdb.com/) — CC BY-SA 4.0,OTDB category: Entertainment: Television,true
opentdb-television-1378,fact,multi,Which boxing personality was one of the presenters in the 1999 revival of It's a Knockout?,Muhammad Ali,Joe Fraiser,Frank Bruno,Henry Cooper,Frank Bruno,,,,television,"opentdb, television",medium,1,opentdb,CC BY-SA 4.0,Open Trivia DB (https://opentdb.com/) — CC BY-SA 4.0,OTDB category: Entertainment: Television,true
opentdb-television-1379,fact,multi,Who composed the theme song for The Simpsons?,Hans Zimmer,John Williams,Danny Elfman,Ennio Morricone,Danny Elfman,,,,television,"opentdb, television",medium,1,opentdb,CC BY-SA 4.0,Open Trivia DB (https://opentdb.com/) — CC BY-SA 4.0,OTDB category: Entertainment: Television,true
opentdb-television-1380,fact,multi,"Which PBS station was the first station to air ""Monty Python's Flying Circus"" (1969-1974) in the United States?",KLCS (Los Angeles),WNET (New York City),WETA (Washington D.C.),KERA (Dallas-Fort Worth),KERA (Dallas-Fort Worth),,,,television,"opentdb, television",hard,1,opentdb,CC BY-SA 4.0,Open Trivia DB (https://opentdb.com/) — CC BY-SA 4.0,OTDB category: Entertainment: Television,true
opentdb-television-1381,fact,multi,"Which WWF wrestler had the nickname ""The Ayatollah of Rock 'N' Rolla""?",Shawn Michaels,Scott Hall,Marty Jannetty,Chris Jericho,Chris Jericho,,,,television,"opentdb, television",medium,1,opentdb,CC BY-SA 4.0,Open Trivia DB (https://opentdb.com/) — CC BY-SA 4.0,OTDB category: Entertainment: Television,true
opentdb-television-1382,fact,multi,Who was the original voice actor of Shaggy Rogers in Scooby-Doo?,Dante Basco,Frank Welker,Billy West,Casey Kasem,Casey Kasem,,,,television,"opentdb, television",medium,1,opentdb,CC BY-SA 4.0,Open Trivia DB (https://opentdb.com/) — CC BY-SA 4.0,OTDB category: Entertainment: Television,true
opentdb-television-1383,fact,multi,"In 2008, British celebrity chef Gordon Ramsay believes he almost died after suffering what accident in Iceland while filming?","Slipping off a cliff, and nearly drowning in icy water",A minor car accident in a snowstorm,Crash landing when arriving at Keflavík airport,Being served under-cooked chicken at his hotel,"Slipping off a cliff, and nearly drowning in icy water",,,,television,"opentdb, television",hard,1,opentdb,CC BY-SA 4.0,Open Trivia DB (https://opentdb.com/) — CC BY-SA 4.0,OTDB category: Entertainment: Television,true
opentdb-television-1384,fact,multi,"Who co-founded the YouTube Let's Play channel ""Game Grumps"" alongside Newgrounds animator Egoraptor?",Markiplier,Pewdiepie,JonTron,Tobuscus,JonTron,,,,television,"opentdb, television",medium,1,opentdb,CC BY-SA 4.0,Open Trivia DB (https://opentdb.com/) — CC BY-SA 4.0,OTDB category: Entertainment: Television,true
opentdb-television-1385,fact,multi,"In the Netflix show, Stranger Things, what song would Will sing to himself as he was missing?",Love Will Tear Us Apart,This Charming Man,Should I Stay or Should I Go?,Africa,Should I Stay or Should I Go?,,,,television,"opentdb, television",medium,1,opentdb,CC BY-SA 4.0,Open Trivia DB (https://opentdb.com/) — CC BY-SA 4.0,OTDB category: Entertainment: Television,true
opentdb-television-1386,fact,multi,"In the show ""Tengen Toppa Gurren Lagann"" what is the name of the character who force everyone to live underground?",Lord Genome,Kingloname,King Loname,Lordgenome,Lordgenome,,,,television,"opentdb, television",easy,1,opentdb,CC BY-SA 4.0,Open Trivia DB (https://opentdb.com/) — CC BY-SA 4.0,OTDB category: Entertainment: Television,true
opentdb-television-1387,fact,multi,What is the name of the mad scientist who owns Planet Express in Futurama?,Ogden Wernstrom,Philip J. Fry,Hubert J. Farnsworth,Rick Sanchez,Hubert J. Farnsworth,,,,television,"opentdb, television",medium,1,opentdb,CC BY-SA 4.0,Open Trivia DB (https://opentdb.com/) — CC BY-SA 4.0,OTDB category: Entertainment: Television,true
opentdb-television-1388,fact,multi,"In season one of the Netflix political drama ""House of Cards"", what government position does Frank Underwood hold?",President,Chief of Staff,House Majority Whip,Attorney General,House Majority Whip,,,,television,"opentdb, television",easy,1,opentdb,CC BY-SA 4.0,Open Trivia DB (https://opentdb.com/) — CC BY-SA 4.0,OTDB category: Entertainment: Television,true
opentdb-television-1389,fact,multi,"In the show ""Futurama"" what is Fry's full name?",Fry Rodríguez,Fry Philip,Fry J. Philip,Philip J. Fry,Philip J. Fry,,,,television,"opentdb, television",easy,1,opentdb,CC BY-SA 4.0,Open Trivia DB (https://opentdb.com/) — CC BY-SA 4.0,OTDB category: Entertainment: Television,true
opentdb-television-1390,fact,multi,"What was the name of the police officer in the cartoon ""Top Cat""?",Murphy,Dibble,Mahoney,Barbrady,Dibble,,,,television,"opentdb, television",easy,1,opentdb,CC BY-SA 4.0,Open Trivia DB (https://opentdb.com/) — CC BY-SA 4.0,OTDB category: Entertainment: Television,true
opentdb-television-1391,fact,multi,"What is the name of the pirate that sings the intro to ""Spongebob Squarepants""?",Lloyd,Larry,Patchy,Painty,Painty,,,,television,"opentdb, television",hard,1,opentdb,CC BY-SA 4.0,Open Trivia DB (https://opentdb.com/) — CC BY-SA 4.0,OTDB category: Entertainment: Television,true
opentdb-television-1392,fact,multi,"""The A Team"" first aired in the USA and in the UK in what year?",1985,1981,1987,1983,1983,,,,television,"opentdb, television",medium,1,opentdb,CC BY-SA 4.0,Open Trivia DB (https://opentdb.com/) — CC BY-SA 4.0,OTDB category: Entertainment: Television,true
opentdb-television-1393,fact,multi,Which Star Trek race advances itself through assimilation?,Vulcan,Klingon,Borg,Betazoid,Borg,,,,television,"opentdb, television",easy,1,opentdb,CC BY-SA 4.0,Open Trivia DB (https://opentdb.com/) — CC BY-SA 4.0,OTDB category: Entertainment: Television,true
opentdb-television-1394,fact,multi,"In the original Doctor Who series (1963), fourth doctor Tom Baker's scarf was how long?",5 Meters,2 Meters,7 Meters,10 Meters,7 Meters,,,,television,"opentdb, television",medium,1,opentdb,CC BY-SA 4.0,Open Trivia DB (https://opentdb.com/) — CC BY-SA 4.0,OTDB category: Entertainment: Television,true
opentdb-television-1395,fact,multi,"In ""Breaking Bad,"" which main character was planned to be killed in Season 1 but wasn't because the show creator liked the actor?",Gus Fring,Jesse Pinkman,Hank Schrader,Saul Goodman,Jesse Pinkman,,,,television,"opentdb, television",medium,1,opentdb,CC BY-SA 4.0,Open Trivia DB (https://opentdb.com/) — CC BY-SA 4.0,OTDB category: Entertainment: Television,true
opentdb-television-1396,fact,multi,"What is the setting of the show ""Parks and Recreation""?","London, England","Eagleton, Indiana","Pawnee, Indiana","Pasadena, California","Pawnee, Indiana",,,,television,"opentdb, television",medium,1,opentdb,CC BY-SA 4.0,Open Trivia DB (https://opentdb.com/) — CC BY-SA 4.0,OTDB category: Entertainment: Television,true
opentdb-television-1397,fact,multi,"In Breaking Bad, the initials W.W. refer to which of the following?",Wally Walrus,Walter White,Willy Wonka,William Wolf,Walter White,,,,television,"opentdb, television",medium,1,opentdb,CC BY-SA 4.0,Open Trivia DB (https://opentdb.com/) — CC BY-SA 4.0,OTDB category: Entertainment: Television,true
opentdb-television-1398,fact,multi,"The fictional movie 'Rochelle, Rochelle' features in which sitcom?",Cheers,Seinfeld,Frasier,Friends,Seinfeld,,,,television,"opentdb, television",medium,1,opentdb,CC BY-SA 4.0,Open Trivia DB (https://opentdb.com/) — CC BY-SA 4.0,OTDB category: Entertainment: Television,true
opentdb-television-1399,fact,multi,"What is the name of the planet that the Doctor from television series ""Doctor Who"" comes from?",Skaro,Mondas,Sontar,Gallifrey,Gallifrey,,,,television,"opentdb, television",easy,1,opentdb,CC BY-SA 4.0,Open Trivia DB (https://opentdb.com/) — CC BY-SA 4.0,OTDB category: Entertainment: Television,true
opentdb-television-1400,fact,multi,"What was the name of Ross' pet monkey on ""Friends""?",Jojo,Champ,Marcel,George,Marcel,,,,television,"opentdb, television",medium,1,opentdb,CC BY-SA 4.0,Open Trivia DB (https://opentdb.com/) — CC BY-SA 4.0,OTDB category: Entertainment: Television,true
opentdb-television-1401,fact,multi,When did the TV show Rick and Morty first air on Adult Swim?,2015,2016,2013,2014,2013,,,,television,"opentdb, television",easy,1,opentdb,CC BY-SA 4.0,Open Trivia DB (https://opentdb.com/) — CC BY-SA 4.0,OTDB category: Entertainment: Television,true
opentdb-television-1402,fact,multi,"Dee from ""It's Always Sunny in Philadelphia"" has dated all of the following guys EXCEPT",Colin the Thief,Kevin Gallagher aka Lil' Kevin,"Matthew ""Rickety Cricket"" Mara",Ben the Soldier,"Matthew ""Rickety Cricket"" Mara",,,,television,"opentdb, television",medium,1,opentdb,CC BY-SA 4.0,Open Trivia DB (https://opentdb.com/) — CC BY-SA 4.0,OTDB category: Entertainment: Television,true
opentdb-television-1403,fact,multi,"In Game of Thrones, what is Littlefinger's real name?",Lancel Lannister,Petyr Baelish,Torrhen Karstark,Podrick Payne,Petyr Baelish,,,,television,"opentdb, television",easy,1,opentdb,CC BY-SA 4.0,Open Trivia DB (https://opentdb.com/) — CC BY-SA 4.0,OTDB category: Entertainment: Television,true
opentdb-television-1404,fact,multi,Guy's Grocery Games is hosted by which presenter?,Guy Martin,Ainsley Harriott,Guy Fieri,Guy Ritchie,Guy Fieri,,,,television,"opentdb, television",easy,1,opentdb,CC BY-SA 4.0,Open Trivia DB (https://opentdb.com/) — CC BY-SA 4.0,OTDB category: Entertainment: Television,true
opentdb-television-1405,fact,multi,What TV show is about a grandfather dragging his grandson around on adventures?,Family Guy,American Dad,South Park,Rick & Morty,Rick & Morty,,,,television,"opentdb, television",easy,1,opentdb,CC BY-SA 4.0,Open Trivia DB (https://opentdb.com/) — CC BY-SA 4.0,OTDB category: Entertainment: Television,true
opentdb-television-1406,fact,multi,"What is the title of The Allman Brothers Band instrumental used as the theme to the BBC motoring show, 'Top Gear'?",Erica,Angela,Sandra,Jessica,Jessica,,,,television,"opentdb, television",medium,1,opentdb,CC BY-SA 4.0,Open Trivia DB (https://opentdb.com/) — CC BY-SA 4.0,OTDB category: Entertainment: Television,true
opentdb-television-1407,fact,multi,"Who played Agent Fox Mulder in the TV sci-fi drama ""The X-Files""?",Mitch Pileggi,David Duchovny,Gillian Anderson,Robert Patrick,David Duchovny,,,,television,"opentdb, television",easy,1,opentdb,CC BY-SA 4.0,Open Trivia DB (https://opentdb.com/) — CC BY-SA 4.0,OTDB category: Entertainment: Television,true
opentdb-television-1408,fact,multi,What was the name of the teenage witch played by Melisa Joan Hart who lives with her witch aunts Hilda and Zelda?,Hermione,Dorothy,Dahlia,Sabrina,Sabrina,,,,television,"opentdb, television",easy,1,opentdb,CC BY-SA 4.0,Open Trivia DB (https://opentdb.com/) — CC BY-SA 4.0,OTDB category: Entertainment: Television,true
opentdb-television-1409,fact,multi,This composer worked on the 2003 TV series Battlestar Galatica.,Ramin Djawadi,Jeremy Soule,Bear McCreary,Harry Gregson-Williams,Bear McCreary,,,,television,"opentdb, television",medium,1,opentdb,CC BY-SA 4.0,Open Trivia DB (https://opentdb.com/) — CC BY-SA 4.0,OTDB category: Entertainment: Television,true
opentdb-television-1410,fact,multi,"In ""Star Trek"", what is the Klingon delicacy of ""gagh"" made from?",Spaghetti noodles,Earthworms,Klingworms,Serpent worms,Serpent worms,,,,television,"opentdb, television",hard,1,opentdb,CC BY-SA 4.0,Open Trivia DB (https://opentdb.com/) — CC BY-SA 4.0,OTDB category: Entertainment: Television,true
opentdb-television-1411,fact,multi,"In which British seaside town was the BBC sitcom ""Fawlty Towers"" set?",Bournemouth,Blackpool,Torquay,Great Yarmouth,Torquay,,,,television,"opentdb, television",easy,1,opentdb,CC BY-SA 4.0,Open Trivia DB (https://opentdb.com/) — CC BY-SA 4.0,OTDB category: Entertainment: Television,true
opentdb-television-1412,fact,multi,"In the TV show ""Mad Men"", what was Donald Draper's birthname?",John Ashbury,"Richard ""Dick"" Whitman","Michael ""Mikey"" Wilhelm",Donald Draper,"Richard ""Dick"" Whitman",,,,television,"opentdb, television",easy,1,opentdb,CC BY-SA 4.0,Open Trivia DB (https://opentdb.com/) — CC BY-SA 4.0,OTDB category: Entertainment: Television,true
opentdb-television-1413,fact,multi,"Which show is known for the songs ""You are a Pirate"", ""Cooking by the Book"" and ""We Are Number One""?",Tom and Jerry,Sofia the First,LazyTown,DuckTales,LazyTown,,,,television,"opentdb, television",easy,1,opentdb,CC BY-SA 4.0,Open Trivia DB (https://opentdb.com/) — CC BY-SA 4.0,OTDB category: Entertainment: Television,true
opentdb-television-1414,fact,multi,Which of these in the Star Trek series is NOT Klingon food?,Hors d'oeuvre,Bloodwine,Racht,Gagh,Hors d'oeuvre,,,,television,"opentdb, television",hard,1,opentdb,CC BY-SA 4.0,Open Trivia DB (https://opentdb.com/) — CC BY-SA 4.0,OTDB category: Entertainment: Television,true
opentdb-television-1415,fact,multi,"What TV show featured older women named Blanche, Rose, Dorothy and Sophia?",The Wonder Years,Family Ties,The Golden Girls,Cheers,The Golden Girls,,,,television,"opentdb, television",easy,1,opentdb,CC BY-SA 4.0,Open Trivia DB (https://opentdb.com/) — CC BY-SA 4.0,OTDB category: Entertainment: Television,true
opentdb-television-1416,fact,multi,Which character was played by Dustin Diamond in the sitcom 'Saved by the Bell'?,A.C. Slater,Mr. Belding,Zack,Screech,Screech,,,,television,"opentdb, television",easy,1,opentdb,CC BY-SA 4.0,Open Trivia DB (https://opentdb.com/) — CC BY-SA 4.0,OTDB category: Entertainment: Television,true
opentdb-television-1417,fact,multi,"Who was the first ever actor to play ""The Doctor"" on ""Doctor Who""?",David Tennant,Peter Capaldi,William Hartnell,Tom Baker,William Hartnell,,,,television,"opentdb, television",easy,1,opentdb,CC BY-SA 4.0,Open Trivia DB (https://opentdb.com/) — CC BY-SA 4.0,OTDB category: Entertainment: Television,true
opentdb-television-1418,fact,multi,Which of these Nickelodeon game shows aired first?,Finders Keepers,Nickelodeon Guts,Nick Arcade,Double Dare,Double Dare,,,,television,"opentdb, television",hard,1,opentdb,CC BY-SA 4.0,Open Trivia DB (https://opentdb.com/) — CC BY-SA 4.0,OTDB category: Entertainment: Television,true
opentdb-television-1419,fact,multi,Which of these Disney shows is classified as an anime?,Hannah Montana,Cory in the House,Stitch!,The Emperor's New School,Stitch!,,,,television,"opentdb, television",easy,1,opentdb,CC BY-SA 4.0,Open Trivia DB (https://opentdb.com/) — CC BY-SA 4.0,OTDB category: Entertainment: Television,true
opentdb-television-1420,fact,multi,"What is the name of the main character in ""The Flash"" TV series?",Bruce Wayne,Oliver Queen,Barry Allen,Bart Allen,Barry Allen,,,,television,"opentdb, television",easy,1,opentdb,CC BY-SA 4.0,Open Trivia DB (https://opentdb.com/) — CC BY-SA 4.0,OTDB category: Entertainment: Television,true
opentdb-television-1421,fact,multi,Who won Big Brother 2014 UK?,"Pavandeep ""Pav"" Paul",Helen Wood,Pauline Bennett,Christopher Hall,Helen Wood,,,,television,"opentdb, television",easy,1,opentdb,CC BY-SA 4.0,Open Trivia DB (https://opentdb.com/) — CC BY-SA 4.0,OTDB category: Entertainment: Television,true
opentdb-television-1422,fact,multi,In Game of Thrones what is the name of Jon Snow's sword?,Needle,Oathkeeper,Longclaw,Widow's Wail,Longclaw,,,,television,"opentdb, television",medium,1,opentdb,CC BY-SA 4.0,Open Trivia DB (https://opentdb.com/) — CC BY-SA 4.0,OTDB category: Entertainment: Television,true
opentdb-television-1423,fact,multi,"What actor portrays Hogan ""Wash"" Washburne in the TV Show Firefly?",Sean Maher,Adam Baldwin,Alan Tudyk,Nathan Fillion,Alan Tudyk,,,,television,"opentdb, television",medium,1,opentdb,CC BY-SA 4.0,Open Trivia DB (https://opentdb.com/) — CC BY-SA 4.0,OTDB category: Entertainment: Television,true
opentdb-television-1424,fact,multi,"In the show Stranger Things, what is Eleven's favorite breakfast food?",Eggo Waffles,Captain Crunch,Toast,Bacon and Eggs,Eggo Waffles,,,,television,"opentdb, television",easy,1,opentdb,CC BY-SA 4.0,Open Trivia DB (https://opentdb.com/) — CC BY-SA 4.0,OTDB category: Entertainment: Television,true
opentdb-television-1425,fact,multi,Who sang the theme song for the TV show 'Rawhide'?,Frankie Laine,Guy Mitchell,Slim Whitman,Tennessee Ernie Ford,Frankie Laine,,,,television,"opentdb, television",medium,1,opentdb,CC BY-SA 4.0,Open Trivia DB (https://opentdb.com/) — CC BY-SA 4.0,OTDB category: Entertainment: Television,true
opentdb-television-1426,fact,multi,Which of following is rude and dishonorable by Klingon standards?,Punching him and taking his ship station position,Reaching over and taking his meal,Taking his D'k tahg,Insulting and laughing at him at the dinner table,Taking his D'k tahg,,,,television,"opentdb, television",medium,1,opentdb,CC BY-SA 4.0,Open Trivia DB (https://opentdb.com/) — CC BY-SA 4.0,OTDB category: Entertainment: Television,true
opentdb-television-1427,fact,multi,Which of the following Autobot names in Michael Bay's movies was NOT a name for a Transformer in the original 1980's cartoon?,Sideswipe,Skids,Mudflap,Ratchet,Mudflap,,,,television,"opentdb, television",medium,1,opentdb,CC BY-SA 4.0,Open Trivia DB (https://opentdb.com/) — CC BY-SA 4.0,OTDB category: Entertainment: Television,true
opentdb-television-1428,fact,multi,"In Star Trek: The Next Generation, what is the name of Data's cat?",Spot,Mittens,Tom,Kitty,Spot,,,,television,"opentdb, television",easy,1,opentdb,CC BY-SA 4.0,Open Trivia DB (https://opentdb.com/) — CC BY-SA 4.0,OTDB category: Entertainment: Television,true
opentdb-television-1429,fact,multi,"In the show 'Doctor Who', what is the name of the time-capsule model stolen by 'the Doctor'?","TT Type 40, Mark 3 (TARDIS)","TT Type 40, Mark 5 (TARDIS)","TT Type 1, Mark 5 (TARDIS)","TT Type 1, Mark 3 (TARDIS)","TT Type 40, Mark 3 (TARDIS)",,,,television,"opentdb, television",hard,1,opentdb,CC BY-SA 4.0,Open Trivia DB (https://opentdb.com/) — CC BY-SA 4.0,OTDB category: Entertainment: Television,true
opentdb-videogames-1430,fact,multi,"The original mascot of the popular Nintendo game, ""Splatoon"" was going to be...",Inklings,Zelda,Octolings,Mario,Mario,,,,videogames,"opentdb, videogames",medium,1,opentdb,CC BY-SA 4.0,Open Trivia DB (https://opentdb.com/) — CC BY-SA 4.0,OTDB category: Entertainment: Video Games,true
opentdb-videogames-1431,fact,multi,"League of Legends, DOTA 2, Smite and Heroes of the Storm are all part of which game genre?",Multiplayer Online Battle Arena (MOBA),Real Time Strategy (RTS),Role Playing Game (RPG),First Person Shooter (FPS),Multiplayer Online Battle Arena (MOBA),,,,videogames,"opentdb, videogames",easy,1,opentdb,CC BY-SA 4.0,Open Trivia DB (https://opentdb.com/) — CC BY-SA 4.0,OTDB category: Entertainment: Video Games,true
opentdb-videogames-1432,fact,multi,"In the game ""Terraria"", which of these bosses are pre-hardmode bosses?",Skeletron Prime,The Destroyer,Eye of Cthulhu,Plantera,Eye of Cthulhu,,,,videogames,"opentdb, videogames",medium,1,opentdb,CC BY-SA 4.0,Open Trivia DB (https://opentdb.com/) — CC BY-SA 4.0,OTDB category: Entertainment: Video Games,true
opentdb-videogames-1433,fact,multi,Who is the leader of Team Valor in Pokémon Go?,Spark,Willow,Blanche,Candela,Candela,,,,videogames,"opentdb, videogames",easy,1,opentdb,CC BY-SA 4.0,Open Trivia DB (https://opentdb.com/) — CC BY-SA 4.0,OTDB category: Entertainment: Video Games,true
opentdb-videogames-1434,fact,multi,"In the 2000 video game ""Crimson Skies,"" what was the name of the protagonists' zeppelin?",Orion,Pandora,Icarus,Helios,Pandora,,,,videogames,"opentdb, videogames",medium,1,opentdb,CC BY-SA 4.0,Open Trivia DB (https://opentdb.com/) — CC BY-SA 4.0,OTDB category: Entertainment: Video Games,true
opentdb-videogames-1435,fact,multi,"Which Kingdom Hearts game featured the cast of ""The World Ends With You""?",Dream Drop Distance,365/2 Days,Birth By Sleep,Re:Chain of Memories,Dream Drop Distance,,,,videogames,"opentdb, videogames",hard,1,opentdb,CC BY-SA 4.0,Open Trivia DB (https://opentdb.com/) — CC BY-SA 4.0,OTDB category: Entertainment: Video Games,true
opentdb-videogames-1436,fact,multi,"In ""Overwatch"", what is the name of the company that made D.Va's mech?",MI8,KPAMC,JSAMB,MEKA,MEKA,,,,videogames,"opentdb, videogames",easy,1,opentdb,CC BY-SA 4.0,Open Trivia DB (https://opentdb.com/) — CC BY-SA 4.0,OTDB category: Entertainment: Video Games,true
opentdb-videogames-1437,fact,multi,"In Xenoblade Chronicles X, which class has a sniper rifle as it's primary weapon?",Blast Fencer,Bastion Warrior,Partisan Eagle,Winged Viper,Partisan Eagle,,,,videogames,"opentdb, videogames",hard,1,opentdb,CC BY-SA 4.0,Open Trivia DB (https://opentdb.com/) — CC BY-SA 4.0,OTDB category: Entertainment: Video Games,true
opentdb-videogames-1438,fact,multi,"Which ""Call Of Duty: Zombies"" map introduced the ""Staffs Of The Ancients""?",Origins,Revelations,Shangri-La,Nuketown,Origins,,,,videogames,"opentdb, videogames",easy,1,opentdb,CC BY-SA 4.0,Open Trivia DB (https://opentdb.com/) — CC BY-SA 4.0,OTDB category: Entertainment: Video Games,true
opentdb-videogames-1439,fact,multi,"Of the following space shooter games, which came out first?",Galaxian,Sinistar,Space Invaders,Galaga,Space Invaders,,,,videogames,"opentdb, videogames",medium,1,opentdb,CC BY-SA 4.0,Open Trivia DB (https://opentdb.com/) — CC BY-SA 4.0,OTDB category: Entertainment: Video Games,true
opentdb-videogames-1440,fact,multi,"The ""Day of Defeat"" series of games take place during which war?",World War II,Vietnam War,World War I,Iraq War,World War II,,,,videogames,"opentdb, videogames",easy,1,opentdb,CC BY-SA 4.0,Open Trivia DB (https://opentdb.com/) — CC BY-SA 4.0,OTDB category: Entertainment: Video Games,true
opentdb-videogames-1441,fact,multi,"In the ""Devil May Cry"" franchise, which game is chronologically first?",Devil May Cry,Devil May Cry 3: Dante's Awakening,Devil May Cry 2,Devil May Cry 4,Devil May Cry 3: Dante's Awakening,,,,videogames,"opentdb, videogames",hard,1,opentdb,CC BY-SA 4.0,Open Trivia DB (https://opentdb.com/) — CC BY-SA 4.0,OTDB category: Entertainment: Video Games,true
opentdb-videogames-1442,fact,multi,"Which of the following is not a prosecutor in the ""Ace Attorney"" video game series?",Miles Edgeworth,Jacques Portsman,Godot,Jake Marshall,Jake Marshall,,,,videogames,"opentdb, videogames",medium,1,opentdb,CC BY-SA 4.0,Open Trivia DB (https://opentdb.com/) — CC BY-SA 4.0,OTDB category: Entertainment: Video Games,true
opentdb-videogames-1443,fact,multi,How many carbon cars are there in Burnout Paradise?,5,6,4,3,6,,,,videogames,"opentdb, videogames",easy,1,opentdb,CC BY-SA 4.0,Open Trivia DB (https://opentdb.com/) — CC BY-SA 4.0,OTDB category: Entertainment: Video Games,true
opentdb-videogames-1444,fact,multi,In what year did Microsoft release the original Xbox console in North America?,2003,1996,1998,2001,2001,,,,videogames,"opentdb, videogames",medium,1,opentdb,CC BY-SA 4.0,Open Trivia DB (https://opentdb.com/) — CC BY-SA 4.0,OTDB category: Entertainment: Video Games,true
opentdb-videogames-1445,fact,multi,What is the name of Team Fortress 2's Heavy Weapons Guy's minigun?,Sasha,Diana,Anna,Betty,Sasha,,,,videogames,"opentdb, videogames",easy,1,opentdb,CC BY-SA 4.0,Open Trivia DB (https://opentdb.com/) — CC BY-SA 4.0,OTDB category: Entertainment: Video Games,true
opentdb-videogames-1446,fact,multi,"Which Sonic the Hedgehog game was originally supposed to be packaged with Sonic 3, but was cut in half due to time constraints?",Sonic 2,Sonic & Knuckles,Sonic CD,Sonic 3D Blast,Sonic & Knuckles,,,,videogames,"opentdb, videogames",easy,1,opentdb,CC BY-SA 4.0,Open Trivia DB (https://opentdb.com/) — CC BY-SA 4.0,OTDB category: Entertainment: Video Games,true
opentdb-videogames-1447,fact,multi,"In Super Smash Bros. Ultimate, which of the following pair of characters are NOT considered ""Echo Fighters""?",Marth & Lucina,Richter & Simon,Link & Young Link,Peach & Daisy,Link & Young Link,,,,videogames,"opentdb, videogames",medium,1,opentdb,CC BY-SA 4.0,Open Trivia DB (https://opentdb.com/) — CC BY-SA 4.0,OTDB category: Entertainment: Video Games,true
opentdb-videogames-1448,fact,multi,"In the ""Halo"" series, what is the name of the race of aliens humans refer to as ""Grunts""?",Huragok,Unggoy,Yanme'e,Sangheili,Unggoy,,,,videogames,"opentdb, videogames",hard,1,opentdb,CC BY-SA 4.0,Open Trivia DB (https://opentdb.com/) — CC BY-SA 4.0,OTDB category: Entertainment: Video Games,true
opentdb-videogames-1449,fact,multi,"In ""Call Of Duty: Zombies"", completing which map's main easter egg will reward you with the achievement, ""Little Lost Girl""?",Revelations,Origins,Moon,Tranzit,Origins,,,,videogames,"opentdb, videogames",medium,1,opentdb,CC BY-SA 4.0,Open Trivia DB (https://opentdb.com/) — CC BY-SA 4.0,OTDB category: Entertainment: Video Games,true
opentdb-videogames-1450,fact,multi,What is the name of the final boss in Turok: Dinosaur Hunter?,The Campaigner,Lord Tyrannus,Oblivion,The Primagen,The Campaigner,,,,videogames,"opentdb, videogames",medium,1,opentdb,CC BY-SA 4.0,Open Trivia DB (https://opentdb.com/) — CC BY-SA 4.0,OTDB category: Entertainment: Video Games,true
opentdb-videogames-1451,fact,multi,When was the Sega Genesis released in Japan?,"October 29, 1988","September 1, 1986","August 14, 1989","November 30, 1990","October 29, 1988",,,,videogames,"opentdb, videogames",medium,1,opentdb,CC BY-SA 4.0,Open Trivia DB (https://opentdb.com/) — CC BY-SA 4.0,OTDB category: Entertainment: Video Games,true
opentdb-videogames-1452,fact,multi,What was the world's first handheld game device?,Mattel Auto Race,Game & Watch,Game Boy,Microvision,Mattel Auto Race,,,,videogames,"opentdb, videogames",hard,1,opentdb,CC BY-SA 4.0,Open Trivia DB (https://opentdb.com/) — CC BY-SA 4.0,OTDB category: Entertainment: Video Games,true
opentdb-videogames-1453,fact,multi,The city of Rockport is featured in which of the following video games?,Infamous 2,Saints Row: The Third,Need for Speed: Most Wanted (2005),Burnout Revenge,Need for Speed: Most Wanted (2005),,,,videogames,"opentdb, videogames",medium,1,opentdb,CC BY-SA 4.0,Open Trivia DB (https://opentdb.com/) — CC BY-SA 4.0,OTDB category: Entertainment: Video Games,true
opentdb-videogames-1454,fact,multi,"How many Star Spirits do you rescue in the Nintendo 64 video game ""Paper Mario""?",12,7,5,10,7,,,,videogames,"opentdb, videogames",medium,1,opentdb,CC BY-SA 4.0,Open Trivia DB (https://opentdb.com/) — CC BY-SA 4.0,OTDB category: Entertainment: Video Games,true
opentdb-videogames-1455,fact,multi,"In Touhou 12: Undefined Fantastic Object, which of these was not a playable character?",Hakurei Reimu,Kirisame Marisa,Kochiya Sanae,Izayoi Sakuya,Izayoi Sakuya,,,,videogames,"opentdb, videogames",medium,1,opentdb,CC BY-SA 4.0,Open Trivia DB (https://opentdb.com/) — CC BY-SA 4.0,OTDB category: Entertainment: Video Games,true
opentdb-videogames-1456,fact,multi,"Who created the 2011 Video Game ""Minecraft""?",Markus Persson,Jens Bergensten,Daniel Rosenfeld,Carl Manneh,Markus Persson,,,,videogames,"opentdb, videogames",easy,1,opentdb,CC BY-SA 4.0,Open Trivia DB (https://opentdb.com/) — CC BY-SA 4.0,OTDB category: Entertainment: Video Games,true
opentdb-videogames-1457,fact,multi,"Who is the developer of the game ""Rocket League""?",Digital Happiness,Psyonix,Roll7,People can fly,Psyonix,,,,videogames,"opentdb, videogames",medium,1,opentdb,CC BY-SA 4.0,Open Trivia DB (https://opentdb.com/) — CC BY-SA 4.0,OTDB category: Entertainment: Video Games,true
opentdb-videogames-1458,fact,multi,"Which of the following characters is NOT playable in ""Resident Evil 6""?",Jill Valentine,Chris Redfield,Helena Harper,Sherry Birkin,Jill Valentine,,,,videogames,"opentdb, videogames",medium,1,opentdb,CC BY-SA 4.0,Open Trivia DB (https://opentdb.com/) — CC BY-SA 4.0,OTDB category: Entertainment: Video Games,true
opentdb-videogames-1459,fact,multi,The name of the Metroid series comes from what?,An enemy in the game,A spaceship's name,The final boss's name,The main character's name,An enemy in the game,,,,videogames,"opentdb, videogames",easy,1,opentdb,CC BY-SA 4.0,Open Trivia DB (https://opentdb.com/) — CC BY-SA 4.0,OTDB category: Entertainment: Video Games,true
opentdb-videogames-1460,fact,multi,Who is the main protagonist in Danganronpa 2: Goodbye Despair?,Makoto Naegi,Junko Enoshima,Nagito Komaeda,Hajime Hinata,Hajime Hinata,,,,videogames,"opentdb, videogames",easy,1,opentdb,CC BY-SA 4.0,Open Trivia DB (https://opentdb.com/) — CC BY-SA 4.0,OTDB category: Entertainment: Video Games,true
opentdb-videogames-1461,fact,multi,What is the name of the island introduced in the ARMA III: APEX expansion pack?,Stratis,Altis,Tanoa,Malden,Tanoa,,,,videogames,"opentdb, videogames",medium,1,opentdb,CC BY-SA 4.0,Open Trivia DB (https://opentdb.com/) — CC BY-SA 4.0,OTDB category: Entertainment: Video Games,true
opentdb-videogames-1462,fact,multi,What is the name of the adventurer you meet at the mines in Stardew Valley?,Marnie,Marlon,Morris,Marvin,Marlon,,,,videogames,"opentdb, videogames",easy,1,opentdb,CC BY-SA 4.0,Open Trivia DB (https://opentdb.com/) — CC BY-SA 4.0,OTDB category: Entertainment: Video Games,true
opentdb-videogames-1463,fact,multi,Which of these Counter-Strike maps is a bomb defuse scenario?,Oilrig,Prodigy,747,Havana,Prodigy,,,,videogames,"opentdb, videogames",medium,1,opentdb,CC BY-SA 4.0,Open Trivia DB (https://opentdb.com/) — CC BY-SA 4.0,OTDB category: Entertainment: Video Games,true
opentdb-videogames-1464,fact,multi,What company developed the Xbox line of video game consoles?,Sony,IBM,Toshiba,Microsoft,Microsoft,,,,videogames,"opentdb, videogames",easy,1,opentdb,CC BY-SA 4.0,Open Trivia DB (https://opentdb.com/) — CC BY-SA 4.0,OTDB category: Entertainment: Video Games,true
opentdb-videogames-1465,fact,multi,"What is the name of the first level in ""Call of Duty: World at War""?",Semper Fi,Vendetta,Eviction,Ring of Steel,Semper Fi,,,,videogames,"opentdb, videogames",medium,1,opentdb,CC BY-SA 4.0,Open Trivia DB (https://opentdb.com/) — CC BY-SA 4.0,OTDB category: Entertainment: Video Games,true
opentdb-videogames-1466,fact,multi,"In the Mario series, which game introduced Mario's Backflip ability?",Super Mario 64,Super Mario Galaxy,Donkey Kong (Gameboy),Super Mario 3D Land,Donkey Kong (Gameboy),,,,videogames,"opentdb, videogames",medium,1,opentdb,CC BY-SA 4.0,Open Trivia DB (https://opentdb.com/) — CC BY-SA 4.0,OTDB category: Entertainment: Video Games,true
opentdb-videogames-1467,fact,multi,Which Touhou character is a Hell Raven?,Flandre Scarlet,Marisa Kirisame,Utsuho Reiuji,Aya Shameimaru,Utsuho Reiuji,,,,videogames,"opentdb, videogames",medium,1,opentdb,CC BY-SA 4.0,Open Trivia DB (https://opentdb.com/) — CC BY-SA 4.0,OTDB category: Entertainment: Video Games,true
opentdb-videogames-1468,fact,multi,"In ""The Witness"", how many lasers must be activated to get into the mountain area?",12,7,5,8,7,,,,videogames,"opentdb, videogames",hard,1,opentdb,CC BY-SA 4.0,Open Trivia DB (https://opentdb.com/) — CC BY-SA 4.0,OTDB category: Entertainment: Video Games,true
opentdb-videogames-1469,fact,multi,"In the book & video game Metro 2033, which Moscow Metro station is the main character Artyom's home station?",Botanichesky Sad,Prospekt Mira,VDNKh,Kitay-Gorod,VDNKh,,,,videogames,"opentdb, videogames",hard,1,opentdb,CC BY-SA 4.0,Open Trivia DB (https://opentdb.com/) — CC BY-SA 4.0,OTDB category: Entertainment: Video Games,true
opentdb-videogames-1470,fact,multi,Valve Corporation is an American video game developer located in which city?,"Austin, Texas","Bellevue, Washington","San Francisco, California","Seattle, Washington","Bellevue, Washington",,,,videogames,"opentdb, videogames",easy,1,opentdb,CC BY-SA 4.0,Open Trivia DB (https://opentdb.com/) — CC BY-SA 4.0,OTDB category: Entertainment: Video Games,true
opentdb-videogames-1471,fact,multi,"Which one of these nations was added to Civilization V with the ""Gods & Kings"" expansion?",The Zulu,The Netherlands,The Ottomans,The Kongo,The Netherlands,,,,videogames,"opentdb, videogames",medium,1,opentdb,CC BY-SA 4.0,Open Trivia DB (https://opentdb.com/) — CC BY-SA 4.0,OTDB category: Entertainment: Video Games,true
opentdb-videogames-1472,fact,multi,What Pokémon's Base Stat Total does not change when it evolves?,Scyther,Sneasel,Larvesta,Pikachu,Scyther,,,,videogames,"opentdb, videogames",hard,1,opentdb,CC BY-SA 4.0,Open Trivia DB (https://opentdb.com/) — CC BY-SA 4.0,OTDB category: Entertainment: Video Games,true
opentdb-videogames-1473,fact,multi,"In ""Team Fortress 2"", what is the fastest taunt kill that can be pulled off?",Hadouken,Organ Grinder,Showdown,Skewer,Showdown,,,,videogames,"opentdb, videogames",hard,1,opentdb,CC BY-SA 4.0,Open Trivia DB (https://opentdb.com/) — CC BY-SA 4.0,OTDB category: Entertainment: Video Games,true
opentdb-videogames-1474,fact,multi,"The walls of the Goldenrod City Gym in ""Pokémon Gold and Silver"" are arranged in the shape of which Pokémon?",Bulbasaur,Clefairy,Pikachu,Pidgey,Clefairy,,,,videogames,"opentdb, videogames",medium,1,opentdb,CC BY-SA 4.0,Open Trivia DB (https://opentdb.com/) — CC BY-SA 4.0,OTDB category: Entertainment: Video Games,true
opentdb-videogames-1475,fact,multi,"In the video game Undertale, what Fun Value is required to obtain the Fake Hallway?",66,91,39,45,66,,,,videogames,"opentdb, videogames",hard,1,opentdb,CC BY-SA 4.0,Open Trivia DB (https://opentdb.com/) — CC BY-SA 4.0,OTDB category: Entertainment: Video Games,true
opentdb-videogames-1476,fact,multi,"In the game series ""The Legend of Zelda"", what was the first 3D game?",The Wind Waker,A Link to the Past,Majora's Mask,Ocarina of Time,Ocarina of Time,,,,videogames,"opentdb, videogames",medium,1,opentdb,CC BY-SA 4.0,Open Trivia DB (https://opentdb.com/) — CC BY-SA 4.0,OTDB category: Entertainment: Video Games,true
opentdb-videogames-1477,fact,multi,Which company did Gabe Newell work at before founding Valve Corporation?,Apple,Yahoo,Microsoft,Google,Microsoft,,,,videogames,"opentdb, videogames",easy,1,opentdb,CC BY-SA 4.0,Open Trivia DB (https://opentdb.com/) — CC BY-SA 4.0,OTDB category: Entertainment: Video Games,true
opentdb-videogames-1478,fact,multi,"In Left 4 Dead, what is the name of the Special Infected that is unplayable in Versus mode?",The Smoker,The Tank,The Spitter,The Witch,The Witch,,,,videogames,"opentdb, videogames",medium,1,opentdb,CC BY-SA 4.0,Open Trivia DB (https://opentdb.com/) — CC BY-SA 4.0,OTDB category: Entertainment: Video Games,true
opentdb-videogames-1479,fact,multi,"In the game Enter the Gungeon, which one of these is not a playable character?",The Bullet,The Robot,The Cultist,The Wizard,The Wizard,,,,videogames,"opentdb, videogames",hard,1,opentdb,CC BY-SA 4.0,Open Trivia DB (https://opentdb.com/) — CC BY-SA 4.0,OTDB category: Entertainment: Video Games,true
opentdb-videogames-1480,fact,multi,"When was the video game ""P.A.M.E.L.A."" released on Steam?","February 16, 2015","March 9, 2017","October 23, 1997","January 7, 2007","March 9, 2017",,,,videogames,"opentdb, videogames",medium,1,opentdb,CC BY-SA 4.0,Open Trivia DB (https://opentdb.com/) — CC BY-SA 4.0,OTDB category: Entertainment: Video Games,true
opentdb-videogames-1481,fact,multi,Which football player is featured on the international cover version of the video game FIFA 16?,Cristiano Ronaldo,David Beckham,Lionel Messi,Wayne Rooney,Lionel Messi,,,,videogames,"opentdb, videogames",medium,1,opentdb,CC BY-SA 4.0,Open Trivia DB (https://opentdb.com/) — CC BY-SA 4.0,OTDB category: Entertainment: Video Games,true
opentdb-videogames-1482,fact,multi,"What's the famous line Vaas says in ""Far Cry 3""?",Did I ever tell you the definition of Insanity?,You're my b*tch!,Have I failed to entertain you?,Maybe your best course...would be to tread lightly.,Did I ever tell you the definition of Insanity?,,,,videogames,"opentdb, videogames",medium,1,opentdb,CC BY-SA 4.0,Open Trivia DB (https://opentdb.com/) — CC BY-SA 4.0,OTDB category: Entertainment: Video Games,true
opentdb-videogames-1483,fact,multi,"Who voices Max Payne in the 2001 game ""Max Payne""?",Sam Lake,Troy Baker,James McCaffrey,Hideo Kojima,James McCaffrey,,,,videogames,"opentdb, videogames",medium,1,opentdb,CC BY-SA 4.0,Open Trivia DB (https://opentdb.com/) — CC BY-SA 4.0,OTDB category: Entertainment: Video Games,true
opentdb-videogames-1484,fact,multi,The Touhou Project series of games is often associated with which genre?,Shoot 'em up,FPS,Casual,Strategy,Shoot 'em up,,,,videogames,"opentdb, videogames",easy,1,opentdb,CC BY-SA 4.0,Open Trivia DB (https://opentdb.com/) — CC BY-SA 4.0,OTDB category: Entertainment: Video Games,true
opentdb-videogames-1485,fact,multi,"In Portal 2, which solar system body did Wheatley end up orbiting?",Mars,Earth,Jupiter,The moon,The moon,,,,videogames,"opentdb, videogames",medium,1,opentdb,CC BY-SA 4.0,Open Trivia DB (https://opentdb.com/) — CC BY-SA 4.0,OTDB category: Entertainment: Video Games,true
opentdb-videogames-1486,fact,multi,"In the ""Portal"" series, who was Cave Johnson's personal assistant?",Caroline,Melissa,Jane,Heather,Caroline,,,,videogames,"opentdb, videogames",medium,1,opentdb,CC BY-SA 4.0,Open Trivia DB (https://opentdb.com/) — CC BY-SA 4.0,OTDB category: Entertainment: Video Games,true
opentdb-videogames-1487,fact,multi,"Who created the pump ""F.L.U.D.D."" Mario uses in Super Mario Sunshine?",Robert Fludd,Elvin Gadd,Crygor,Nirona,Elvin Gadd,,,,videogames,"opentdb, videogames",medium,1,opentdb,CC BY-SA 4.0,Open Trivia DB (https://opentdb.com/) — CC BY-SA 4.0,OTDB category: Entertainment: Video Games,true
opentdb-videogames-1488,fact,multi,In the original Spyro game who is the first villain?,Sorceress,Gnasty Gnorc,Cynder,Ripto,Gnasty Gnorc,,,,videogames,"opentdb, videogames",easy,1,opentdb,CC BY-SA 4.0,Open Trivia DB (https://opentdb.com/) — CC BY-SA 4.0,OTDB category: Entertainment: Video Games,true
opentdb-videogames-1489,fact,multi,"In ""Civilization 5"", which civilization can only settle one city?",Liechtenstein,Portugal,India,Venice,Venice,,,,videogames,"opentdb, videogames",easy,1,opentdb,CC BY-SA 4.0,Open Trivia DB (https://opentdb.com/) — CC BY-SA 4.0,OTDB category: Entertainment: Video Games,true
opentdb-videogames-1490,fact,multi,"What is the name of the prison in ""Half Life 2""?",New Prospect,Great Prospekt,Lesser Prospekt,Nova Prospekt,Nova Prospekt,,,,videogames,"opentdb, videogames",medium,1,opentdb,CC BY-SA 4.0,Open Trivia DB (https://opentdb.com/) — CC BY-SA 4.0,OTDB category: Entertainment: Video Games,true
opentdb-videogames-1491,fact,multi,"When was ""System Shock"" released?",1995,2000,1998,1994,1994,,,,videogames,"opentdb, videogames",medium,1,opentdb,CC BY-SA 4.0,Open Trivia DB (https://opentdb.com/) — CC BY-SA 4.0,OTDB category: Entertainment: Video Games,true
opentdb-videogames-1492,fact,multi,Which of the following characters is NOT a female marriage candidate in the game Stardew Valley?,Abigail,Leah,Haley,Caroline,Caroline,,,,videogames,"opentdb, videogames",easy,1,opentdb,CC BY-SA 4.0,Open Trivia DB (https://opentdb.com/) — CC BY-SA 4.0,OTDB category: Entertainment: Video Games,true
opentdb-videogames-1493,fact,multi,"In Hollow Knight, how many Precepts does Zote have?",Fifty-Seven,Ninety-One,Fourty-Three,Sixty-Nine,Fifty-Seven,,,,videogames,"opentdb, videogames",hard,1,opentdb,CC BY-SA 4.0,Open Trivia DB (https://opentdb.com/) — CC BY-SA 4.0,OTDB category: Entertainment: Video Games,true
opentdb-videogames-1494,fact,multi,"In PROTOTYPE 2. who is referred to as ""Tango Primary""?",James Heller,Any Goliaths roaming around,Alex Mercer,Dana Mercer,James Heller,,,,videogames,"opentdb, videogames",easy,1,opentdb,CC BY-SA 4.0,Open Trivia DB (https://opentdb.com/) — CC BY-SA 4.0,OTDB category: Entertainment: Video Games,true
opentdb-videogames-1495,fact,multi,"When was ""Luigi's Mansion 3"" released?","October 1st, 2019","September 6th, 2018","January 13th, 2019","October 31st, 2019","October 31st, 2019",,,,videogames,"opentdb, videogames",easy,1,opentdb,CC BY-SA 4.0,Open Trivia DB (https://opentdb.com/) — CC BY-SA 4.0,OTDB category: Entertainment: Video Games,true
opentdb-videogames-1496,fact,multi,How many playable characters are there in Super Smash Bros. for Nintendo 3DS and Wii U?,58,55,51,48,58,,,,videogames,"opentdb, videogames",hard,1,opentdb,CC BY-SA 4.0,Open Trivia DB (https://opentdb.com/) — CC BY-SA 4.0,OTDB category: Entertainment: Video Games,true
opentdb-videogames-1497,fact,multi,"In ""The Elder Scrolls 3: Morrowind"", which of the following factions is not joinable?",The Dark Brotherhood,Fighters Guild,Mages Guild,Thieves Guild,The Dark Brotherhood,,,,videogames,"opentdb, videogames",medium,1,opentdb,CC BY-SA 4.0,Open Trivia DB (https://opentdb.com/) — CC BY-SA 4.0,OTDB category: Entertainment: Video Games,true
opentdb-videogames-1498,fact,multi,"What is the name of the creature that the main character befriends in ""The Last Guardian""?",Nico,Andazi,Wolf,Trico,Trico,,,,videogames,"opentdb, videogames",medium,1,opentdb,CC BY-SA 4.0,Open Trivia DB (https://opentdb.com/) — CC BY-SA 4.0,OTDB category: Entertainment: Video Games,true
opentdb-videogames-1499,fact,multi,Which of these covert groups employs Sam Fisher to work as a Splinter Cell?,Third Echelon,Black Arrow,The Engineers,Voron,Third Echelon,,,,videogames,"opentdb, videogames",easy,1,opentdb,CC BY-SA 4.0,Open Trivia DB (https://opentdb.com/) — CC BY-SA 4.0,OTDB category: Entertainment: Video Games,true
opentdb-videogames-1500,fact,multi,What does IWHBYD stand for on the skull in the Halo series?,I Wanna Have Babies You Down,I Would Have Been Your Daddy,I Would Hate Being Your Driver,I Would Have Bought Your Dog,I Would Have Been Your Daddy,,,,videogames,"opentdb, videogames",easy,1,opentdb,CC BY-SA 4.0,Open Trivia DB (https://opentdb.com/) — CC BY-SA 4.0,OTDB category: Entertainment: Video Games,true
